X,Y,FID,POINT_X,POINT_Y,Idaccident,Año,Claseaccid,Fecha,Cód_Regi,Región,Cód_Comun,Comuna,Cód_Tipo,Tipo_Accid,Cód_Tip_1,Tipo__CONA,Cód_Zona,Zona,Cód_Ubica,Ubicación,Cód_Causa,Causa,Cód_Cau_1,Causa__CON,Cód_Calle,Calle_Uno,Cód_Cal_1,Calle_Dos,Intersecci,Número,Ruta,Cód_Ruta,Ubicaci_1,Pistas_de,Pistas_d_1,Cód_Calza,Calzada,Cód__Tipo,Tipo_Calza,Cód_Estad,Estado_Cal,Cód_Condi,Condición,Cód_Est_1,Estado_Atm,Fallecidos,Graves,Menos_Grav,Leves,Ilesos,Hora_1
-8090240.22910095,-4508606.65370353,185,-72.675865,-37.496973,1421239,2022,1,2022/02/13 00:00:00+00,8,REGION BIO BIO,8306,NACIMIENTO,70,VOLCADURA,70,VOLCADURA,1,URBANA,1,TRAMO DE VIA RECTA,24,CONDUCCION EN ESTADO DE EBRIEDAD,4,ALCOHOL EN CONDUCTOR,0,CALLEJON GUTIERREZ,0,0,- CALLEJON GUTIERREZ,151,0,0,0,1,1,2,BIDIRECCIONAL,1,CONCRETO,1,BUENO,1,SECO,1,DESPEJADO,0,0,0,2,0,04:30:00
-8090283.66596625,-4508745.79951827,186,-72.676255,-37.497965,1421245,2022,1,2022/02/13 00:00:00+00,8,REGION BIO BIO,8306,NACIMIENTO,50,CHOQUE,40,CHOQUE,1,URBANA,1,TRAMO DE VIA RECTA,28,CONDUCCION SIN MANTENER DISTANCIA RAZONABLE NI PRUDENTE,1,IMPRUDENCIA DEL CONDUCTOR,0,VILLA ALEGRE,0,0,- VILLA ALEGRE,861,0,0,0,1,1,2,BIDIRECCIONAL,2,ASFALTO,1,BUENO,1,SECO,1,DESPEJADO,0,0,0,0,2,18:00:00
-8141961.94732323,-4444419.15778355,187,-73.140489,-37.038103,1421256,2022,1,2022/02/04 00:00:00+00,8,REGION BIO BIO,8102,CORONEL,30,COLISION,30,COLISION,1,URBANA,15,CRUCE CON SEÑAL CEDA EL PASO,32,NO RESPETAR DERECHO PREFERENTE DE PASO A VEHICULO,1,IMPRUDENCIA DEL CONDUCTOR,0,TUCAPEL,0,SOTOMAYOR,SOTOMAYOR - TUCAPEL,0,0,0,0,2,0,1,UNIDIRECCIONAL,2,ASFALTO,1,BUENO,1,SECO,1,DESPEJADO,0,0,2,1,0,15:05:00
-8090071.61346824,-4509467.375342,188,-72.67435,-37.503107,1421260,2022,1,2022/02/16 00:00:00+00,8,REGION BIO BIO,8306,NACIMIENTO,30,COLISION,30,COLISION,1,URBANA,14,CRUCE CON SEÑAL PARE,65,SEÑALIZACION DESOBEDECER SEÑAL PARE,10,DESOBEDIENCIA A SEÑALIZACION,0,ERRAZURIZ,0,BAQUEDANO,BAQUEDANO - ERRAZURIZ,0,0,0,0,1,1,2,BIDIRECCIONAL,2,ASFALTO,1,BUENO,1,SECO,1,DESPEJADO,0,0,0,3,0,13:20:00
-8091389.46926,-4509105.91471641,189,-72.686188,-37.500531,1421266,2022,1,2022/02/18 00:00:00+00,8,REGION BIO BIO,8306,NACIMIENTO,33,COLISION POR ALCANCE,30,COLISION,1,URBANA,16,CRUCE SIN SEÑALIZACION,27,CONDUCCION NO ATENTO CONDICIONES TRANSITO MOMENTO,1,IMPRUDENCIA DEL CONDUCTOR,0,ESTACION,0,COSTANERA,COSTANERA - ESTACION,0,0,0,0,2,0,1,UNIDIRECCIONAL,2,ASFALTO,1,BUENO,1,SECO,1,DESPEJADO,0,0,0,1,4,17:30:00
-8139320.91466806,-4415496.61456957,190,-73.116764,-36.830426,1421290,2022,1,2022/02/18 00:00:00+00,8,REGION BIO BIO,8108,SAN PEDRO DE LA PAZ,34,COLISION PERPENDICULAR,30,COLISION,1,URBANA,14,CRUCE CON SEÑAL PARE,65,SEÑALIZACION DESOBEDECER SEÑAL PARE,10,DESOBEDIENCIA A SEÑALIZACION,0,LAS GARZAS,0,ENRIQUE SORO,ENRIQUE SORO - LAS GARZAS,0,0,0,0,1,1,2,BIDIRECCIONAL,1,CONCRETO,1,BUENO,1,SECO,1,DESPEJADO,0,0,0,3,1,14:15:00
-8165744.32125995,-4504940.58789888,191,-73.354129,-37.47084,1421421,2022,1,2022/02/19 00:00:00+00,8,REGION BIO BIO,8205,CURANILAHUE,50,CHOQUE,40,CHOQUE,1,URBANA,15,CRUCE CON SEÑAL CEDA EL PASO,97,CAUSAS NO DETERMINADAS,13,CAUSAS NO DETERMINADAS,0,BERNARDO O'HIGGINS,0,MARCELA PAZ,BERNARDO O'HIGGINS - MARCELA PAZ,0,0,0,0,1,1,2,BIDIRECCIONAL,1,CONCRETO,1,BUENO,1,SECO,1,DESPEJADO,0,0,0,3,1,17:20:00
-8041434.40248855,-4539648.19046265,192,-72.237434,-37.717881,1421451,2022,1,2022/02/21 00:00:00+00,8,REGION BIO BIO,8305,MULCHEN,30,COLISION,30,COLISION,1,URBANA,15,CRUCE CON SEÑAL CEDA EL PASO,64,SEÑALIZACION DESOBEDECER SEÑAL CEDA EL PASO,10,DESOBEDIENCIA A SEÑALIZACION,0,LOS LLEUQUES,0,LOS CASTAÑOS,LOS CASTAÑOS - LOS LLEUQUES,0,0,0,0,2,0,1,UNIDIRECCIONAL,1,CONCRETO,1,BUENO,1,SECO,1,DESPEJADO,0,0,0,1,1,15:00:00
-8139470.63938317,-4416468.05988394,193,-73.118109,-36.83741,1421680,2022,1,2022/02/17 00:00:00+00,8,REGION BIO BIO,8108,SAN PEDRO DE LA PAZ,32,COLISION LATERAL,30,COLISION,1,URBANA,1,TRAMO DE VIA RECTA,28,CONDUCCION SIN MANTENER DISTANCIA RAZONABLE NI PRUDENTE,1,IMPRUDENCIA DEL CONDUCTOR,0,DIAGONAL BIO BIO,0,PEDRO AGUIRRE CERDA,DIAGONAL BIO BIO - PEDRO AGUIRRE CERDA,0,0,0,0,2,0,1,UNIDIRECCIONAL,1,CONCRETO,1,BUENO,1,SECO,1,DESPEJADO,0,0,0,0,2,00:15:00
-8131526.19033932,-4414928.44236902,194,-73.046743,-36.82634,1421684,2022,1,2022/02/17 00:00:00+00,8,REGION BIO BIO,8101,CONCEPCION,10,ATROPELLO,10,ATROPELLO,1,URBANA,11,CRUCE CON SEMAFORO FUNCIONANDO,52,PEATON CRUZA CALZADA FORMA SORPRESIVA O DESCUIDADA,2,IMPRUDENCIA DEL PEATON,0,BERNARDO O'HIGGINS,0,CASTELLON,BERNARDO O'HIGGINS - CASTELLON,0,0,0,0,3,0,1,UNIDIRECCIONAL,1,CONCRETO,1,BUENO,1,SECO,1,DESPEJADO,0,0,0,0,2,16:15:00
-8130617.57839157,-4414982.38780184,195,-73.03858,-36.826728,1421688,2022,1,2022/02/17 00:00:00+00,8,REGION BIO BIO,8101,CONCEPCION,53,CHOQUE POSTERIOR,40,CHOQUE,1,URBANA,1,TRAMO DE VIA RECTA,28,CONDUCCION SIN MANTENER DISTANCIA RAZONABLE NI PRUDENTE,1,IMPRUDENCIA DEL CONDUCTOR,0,CHACABUCO,0,JANEQUEO,CHACABUCO - JANEQUEO,0,0,0,0,3,3,3,BIDIRECCIONAL CON BANDEJON,1,CONCRETO,1,BUENO,1,SECO,1,DESPEJADO,0,0,0,0,3,17:20:00
-8132811.12895765,-4415040.8672407,196,-73.058285,-36.827149,1421691,2022,1,2022/02/18 00:00:00+00,8,REGION BIO BIO,8101,CONCEPCION,50,CHOQUE,40,CHOQUE,1,URBANA,26,OTROS NO CONSIDERADOS,27,CONDUCCION NO ATENTO CONDICIONES TRANSITO MOMENTO,1,IMPRUDENCIA DEL CONDUCTOR,0,MAIPU,0,0,- MAIPU,139,0,0,0,1,1,2,BIDIRECCIONAL,1,CONCRETO,1,BUENO,1,SECO,1,DESPEJADO,0,0,0,0,2,12:30:00
-8126994.25141769,-4413909.51054108,197,-73.006032,-36.819013,1421692,2022,1,2022/02/18 00:00:00+00,8,REGION BIO BIO,8101,CONCEPCION,32,COLISION LATERAL,30,COLISION,1,URBANA,21,ENLACE A NIVEL,27,CONDUCCION NO ATENTO CONDICIONES TRANSITO MOMENTO,1,IMPRUDENCIA DEL CONDUCTOR,0,OSCAR BONILLA,0,VALLE NOBLE,OSCAR BONILLA - VALLE NOBLE,0,0,0,0,2,0,1,UNIDIRECCIONAL,1,CONCRETO,1,BUENO,1,SECO,1,DESPEJADO,0,0,0,0,2,13:20:00
-8133156.56446953,-4415240.72888583,198,-73.061389,-36.828586,1421693,2022,1,2022/02/18 00:00:00+00,8,REGION BIO BIO,8101,CONCEPCION,32,COLISION LATERAL,30,COLISION,1,URBANA,11,CRUCE CON SEMAFORO FUNCIONANDO,28,CONDUCCION SIN MANTENER DISTANCIA RAZONABLE NI PRUDENTE,1,IMPRUDENCIA DEL CONDUCTOR,0,PADRE HURTADO,0,MAIPU,MAIPU - PADRE HURTADO,0,0,0,0,3,0,1,UNIDIRECCIONAL,1,CONCRETO,1,BUENO,1,SECO,1,DESPEJADO,0,0,0,0,2,15:10:00
-8131812.61538913,-4414344.43346345,199,-73.049316,-36.822141,1421698,2022,1,2022/02/18 00:00:00+00,8,REGION BIO BIO,8101,CONCEPCION,53,CHOQUE POSTERIOR,40,CHOQUE,1,URBANA,11,CRUCE CON SEMAFORO FUNCIONANDO,28,CONDUCCION SIN MANTENER DISTANCIA RAZONABLE NI PRUDENTE,1,IMPRUDENCIA DEL CONDUCTOR,0,LOS CARRERA,0,CASTELLON,CASTELLON - LOS CARRERA,0,0,0,0,3,3,3,BIDIRECCIONAL CON BANDEJON,1,CONCRETO,1,BUENO,1,SECO,1,DESPEJADO,0,0,0,0,3,19:00:00
-8121326.48633564,-4386733.29993767,200,-72.955117,-36.623331,1421727,2022,1,2022/02/07 00:00:00+00,8,REGION BIO BIO,8111,TOME,51,CHOQUE FRONTAL,40,CHOQUE,1,URBANA,3,TRAMO DE VIA CURVA VERTICAL,73,"VELOCIDAD NO REDUCIR CRUCE DE CALLES, CUMBRE, CURVA, ETC.",7,VELOCIDAD IMPRUDENTE,0,MALDONADO,0,0,- MALDONADO,470,0,0,0,1,1,2,BIDIRECCIONAL,1,CONCRETO,1,BUENO,1,SECO,1,DESPEJADO,0,0,0,0,1,12:00:00
-8095528.77320565,-4475871.19224834,201,-72.723372,-37.2633,1421737,2022,1,2022/02/10 00:00:00+00,8,REGION BIO BIO,8310,SAN ROSENDO,32,COLISION LATERAL,30,COLISION,1,URBANA,3,TRAMO DE VIA CURVA VERTICAL,72,VELOCIDAD NO RAZONABLE NI PRUDENTE,7,VELOCIDAD IMPRUDENTE,0,ALMIRANTE LATORRE,0,PEDRO AVILA,ALMIRANTE LATORRE - PEDRO AVILA,0,0,0,0,1,0,1,UNIDIRECCIONAL,1,CONCRETO,1,BUENO,1,SECO,1,DESPEJADO,0,0,0,1,1,20:30:00
-8121866.92019955,-4386190.5966936,202,-72.959972,-36.619419,1421742,2022,1,2022/02/20 00:00:00+00,8,REGION BIO BIO,8111,TOME,63,CHOQUE FRENTE/POSTERIOR,40,CHOQUE,1,URBANA,15,CRUCE CON SEÑAL CEDA EL PASO,1,FALLAS MECANICAS FRENOS,12,FALLAS MECANICAS,0,LATORRE,0,ECUADOR,ECUADOR - LATORRE,0,0,0,0,2,2,3,BIDIRECCIONAL CON BANDEJON,1,CONCRETO,1,BUENO,1,SECO,1,DESPEJADO,0,0,0,0,2,17:10:00
-8058912.31951564,-4444415.07169363,203,-72.394441,-37.038074,1421752,2022,1,2022/02/11 00:00:00+00,8,REGION BIO BIO,8303,CABRERO,33,COLISION POR ALCANCE,30,COLISION,1,URBANA,1,TRAMO DE VIA RECTA,91,VIRAJES INDEBIDOS,1,IMPRUDENCIA DEL CONDUCTOR,0,PABLO NERUDA,0,0,- PABLO NERUDA,186,0,0,0,2,0,1,UNIDIRECCIONAL,1,CONCRETO,1,BUENO,1,SECO,1,DESPEJADO,0,0,0,1,1,08:00:00
-8094417.87147923,-4476995.06139948,204,-72.713393,-37.271334,1421776,2022,1,2022/02/11 00:00:00+00,8,REGION BIO BIO,8304,LAJA,33,COLISION POR ALCANCE,30,COLISION,1,URBANA,1,TRAMO DE VIA RECTA,27,CONDUCCION NO ATENTO CONDICIONES TRANSITO MOMENTO,1,IMPRUDENCIA DEL CONDUCTOR,0,LOS RIOS,0,LAVANDEROS,LAVANDEROS - LOS RIOS,0,0,0,0,1,1,2,BIDIRECCIONAL,1,CONCRETO,1,BUENO,1,SECO,1,DESPEJADO,0,0,0,2,0,18:00:00
-8136997.93293003,-4416642.18837641,205,-73.095896,-36.838662,1421917,2022,1,2022/02/21 00:00:00+00,8,REGION BIO BIO,8108,SAN PEDRO DE LA PAZ,30,COLISION,30,COLISION,1,URBANA,1,TRAMO DE VIA RECTA,97,CAUSAS NO DETERMINADAS,13,CAUSAS NO DETERMINADAS,0,PEDRO AGUIRRE CERDA,0,NUEVA,NUEVA - PEDRO AGUIRRE CERDA,0,0,0,0,2,0,1,UNIDIRECCIONAL,2,ASFALTO,1,BUENO,1,SECO,1,DESPEJADO,0,0,0,0,2,09:10:00
-8138267.96586854,-4417057.2207142,206,-73.107305,-36.841646,1421921,2022,1,2022/02/22 00:00:00+00,8,REGION BIO BIO,8108,SAN PEDRO DE LA PAZ,30,COLISION,30,COLISION,1,URBANA,11,CRUCE CON SEMAFORO FUNCIONANDO,97,CAUSAS NO DETERMINADAS,13,CAUSAS NO DETERMINADAS,0,LOS MAÑIOS,0,SAN PEDRO,LOS MAÑIOS - SAN PEDRO,0,0,0,0,1,1,2,BIDIRECCIONAL,2,ASFALTO,1,BUENO,1,SECO,1,DESPEJADO,0,0,0,0,1,10:30:00
-8136552.7328905,-4417109.60512752,207,-73.091897,-36.842023,1421929,2022,1,2022/02/21 00:00:00+00,8,REGION BIO BIO,8108,SAN PEDRO DE LA PAZ,30,COLISION,30,COLISION,1,URBANA,11,CRUCE CON SEMAFORO FUNCIONANDO,97,CAUSAS NO DETERMINADAS,13,CAUSAS NO DETERMINADAS,0,MICHIMALONCO,0,COLO COLO,COLO COLO - MICHIMALONCO,0,0,0,0,2,0,1,UNIDIRECCIONAL,2,ASFALTO,1,BUENO,1,SECO,1,DESPEJADO,0,0,0,0,2,12:15:00
-8053192.93558571,-4507207.77758505,208,-72.343063,-37.487002,1421934,2022,1,2022/02/20 00:00:00+00,8,REGION BIO BIO,8301,LOS ANGELES,32,COLISION LATERAL,30,COLISION,1,URBANA,1,TRAMO DE VIA RECTA,24,CONDUCCION EN ESTADO DE EBRIEDAD,4,ALCOHOL EN CONDUCTOR,0,LOS CARRERA,0,0,- LOS CARRERA,1370,0,0,0,2,0,1,UNIDIRECCIONAL,1,CONCRETO,1,BUENO,1,SECO,1,DESPEJADO,0,0,0,1,1,20:25:00
-8139394.7083585,-4416809.47625768,209,-73.117427,-36.839865,1421982,2022,1,2022/02/24 00:00:00+00,8,REGION BIO BIO,8108,SAN PEDRO DE LA PAZ,64,CHOQUE LADO/FRENTE,40,CHOQUE,1,URBANA,26,OTROS NO CONSIDERADOS,97,CAUSAS NO DETERMINADAS,13,CAUSAS NO DETERMINADAS,0,LAS ROSAS,0,0,- LAS ROSAS,1936,0,0,0,1,0,1,UNIDIRECCIONAL,2,ASFALTO,1,BUENO,1,SECO,1,DESPEJADO,0,0,0,0,1,10:55:00
-8052307.51148789,-4502873.66205015,210,-72.335109,-37.456102,1422010,2022,1,2022/02/21 00:00:00+00,8,REGION BIO BIO,8301,LOS ANGELES,63,CHOQUE FRENTE/POSTERIOR,40,CHOQUE,1,URBANA,1,TRAMO DE VIA RECTA,27,CONDUCCION NO ATENTO CONDICIONES TRANSITO MOMENTO,1,IMPRUDENCIA DEL CONDUCTOR,0,ORIENTE,0,0,- ORIENTE,1231,0,0,0,1,0,1,UNIDIRECCIONAL,1,CONCRETO,1,BUENO,1,SECO,1,DESPEJADO,0,0,0,0,2,12:55:00
-8134087.60729468,-4420121.62812066,211,-73.069752,-36.863673,1422015,2022,1,2022/02/18 00:00:00+00,8,REGION BIO BIO,8108,SAN PEDRO DE LA PAZ,30,COLISION,30,COLISION,1,URBANA,1,TRAMO DE VIA RECTA,97,CAUSAS NO DETERMINADAS,13,CAUSAS NO DETERMINADAS,0,ERNESTO PINTO LAGARRIGUE,0,0,- ERNESTO PINTO LAGARRIGUE,2605,0,0,0,1,1,2,BIDIRECCIONAL,2,ASFALTO,1,BUENO,1,SECO,1,DESPEJADO,0,1,0,1,1,19:40:00
-8136404.49985656,-4416698.27062566,212,-73.090565,-36.839065,1422021,2022,1,2022/02/19 00:00:00+00,8,REGION BIO BIO,8108,SAN PEDRO DE LA PAZ,51,CHOQUE FRONTAL,40,CHOQUE,1,URBANA,11,CRUCE CON SEMAFORO FUNCIONANDO,97,CAUSAS NO DETERMINADAS,13,CAUSAS NO DETERMINADAS,0,PEDRO AGUIRRE CERDA,0,PINCHEIRA,PEDRO AGUIRRE CERDA - PINCHEIRA,0,0,0,0,2,0,1,UNIDIRECCIONAL,2,ASFALTO,1,BUENO,1,SECO,1,DESPEJADO,0,0,0,0,1,01:05:00
-8090453.23894658,-4509691.96148807,213,-72.677778,-37.504708,1422059,2022,1,2022/02/20 00:00:00+00,8,REGION BIO BIO,8306,NACIMIENTO,70,VOLCADURA,70,VOLCADURA,1,URBANA,1,TRAMO DE VIA RECTA,92,ANIMALES SUELTOS VIA PUBLICA,11,DEFICIENCIAS VIALES,0,LOS ALAMOS,0,0,- LOS ALAMOS,941,0,0,0,1,1,2,BIDIRECCIONAL,2,ASFALTO,1,BUENO,1,SECO,1,DESPEJADO,0,1,0,0,0,19:15:00
-8128066.42509326,-4415795.09305869,214,-73.015663,-36.832572,1422166,2022,1,2022/02/19 00:00:00+00,8,REGION BIO BIO,8101,CONCEPCION,51,CHOQUE FRONTAL,40,CHOQUE,1,URBANA,16,CRUCE SIN SEÑALIZACION,27,CONDUCCION NO ATENTO CONDICIONES TRANSITO MOMENTO,1,IMPRUDENCIA DEL CONDUCTOR,0,LOS LIRIOS,0,DIONISIO ROCUAN,DIONISIO ROCUAN - LOS LIRIOS,0,0,0,0,1,1,2,BIDIRECCIONAL,1,CONCRETO,1,BUENO,1,SECO,1,DESPEJADO,0,0,0,0,1,01:00:00
-8129386.45161509,-4412765.92717035,215,-73.027521,-36.810789,1422169,2022,1,2022/02/20 00:00:00+00,8,REGION BIO BIO,8101,CONCEPCION,32,COLISION LATERAL,30,COLISION,1,URBANA,24,ROTONDA,91,VIRAJES INDEBIDOS,1,IMPRUDENCIA DEL CONDUCTOR,0,GENERAL BONILLA,0,JUAN BOSCO,GENERAL BONILLA - JUAN BOSCO,0,0,0,0,2,0,1,UNIDIRECCIONAL,1,CONCRETO,1,BUENO,1,SECO,1,DESPEJADO,0,0,0,0,2,19:55:00
-8132011.99972909,-4415696.55431561,216,-73.051107,-36.831863,1422181,2022,1,2022/02/19 00:00:00+00,8,REGION BIO BIO,8101,CONCEPCION,50,CHOQUE,40,CHOQUE,1,URBANA,1,TRAMO DE VIA RECTA,27,CONDUCCION NO ATENTO CONDICIONES TRANSITO MOMENTO,1,IMPRUDENCIA DEL CONDUCTOR,0,LINCOYAN,0,CHACABUCO,CHACABUCO - LINCOYAN,0,0,0,0,2,0,1,UNIDIRECCIONAL,1,CONCRETO,1,BUENO,1,SECO,1,DESPEJADO,0,0,0,0,2,02:00:00
-8130425.05133224,-4414696.23953809,217,-73.036851,-36.824671,1422189,2022,1,2022/02/21 00:00:00+00,8,REGION BIO BIO,8101,CONCEPCION,32,COLISION LATERAL,30,COLISION,1,URBANA,14,CRUCE CON SEÑAL PARE,27,CONDUCCION NO ATENTO CONDICIONES TRANSITO MOMENTO,1,IMPRUDENCIA DEL CONDUCTOR,0,ROOSEVELT,0,0,- ROOSEVELT,1585,0,0,0,2,2,2,BIDIRECCIONAL,1,CONCRETO,1,BUENO,1,SECO,1,DESPEJADO,0,0,0,1,1,11:50:00
-8131734.29099541,-4415208.65842535,218,-73.048612,-36.828355,1422191,2022,1,2022/02/21 00:00:00+00,8,REGION BIO BIO,8101,CONCEPCION,20,CAIDA,20,CAIDA,1,URBANA,1,TRAMO DE VIA RECTA,43,IMPRUDENCIA DEL PASAJERO,3,IMPRUDENCIA DEL PASAJERO,0,ANIBAL PINTO,0,SAN MARTIN,ANIBAL PINTO - SAN MARTIN,0,0,0,0,2,0,1,UNIDIRECCIONAL,1,CONCRETO,1,BUENO,1,SECO,1,DESPEJADO,0,0,0,1,1,19:50:00
-8122279.81532285,-4384375.91430769,219,-72.963681,-36.606334,1422217,2022,1,2022/02/20 00:00:00+00,8,REGION BIO BIO,8111,TOME,67,CHOQUE POSTERIOR/FRENTE,40,CHOQUE,1,URBANA,1,TRAMO DE VIA RECTA,93,CONDUCIR VEHICULO EN RETROCESO,1,IMPRUDENCIA DEL CONDUCTOR,0,ENRIQUE MOLINA,0,PILOTO PARDO,ENRIQUE MOLINA - PILOTO PARDO,0,0,0,0,1,1,2,BIDIRECCIONAL,1,CONCRETO,1,BUENO,1,SECO,1,DESPEJADO,0,0,0,0,2,16:40:00
-8120954.95753512,-4383214.85939607,220,-72.95178,-36.597961,1422239,2022,1,2022/02/23 00:00:00+00,8,REGION BIO BIO,8111,TOME,67,CHOQUE POSTERIOR/FRENTE,40,CHOQUE,1,URBANA,1,TRAMO DE VIA RECTA,93,CONDUCIR VEHICULO EN RETROCESO,1,IMPRUDENCIA DEL CONDUCTOR,0,LORD COCHRANE,0,VICENTE PALACIOS,LORD COCHRANE - VICENTE PALACIOS,0,0,0,0,1,1,2,BIDIRECCIONAL,1,CONCRETO,1,BUENO,1,SECO,1,DESPEJADO,0,0,0,0,2,13:40:00
-8120893.77634298,-4383823.61023938,221,-72.95123,-36.602351,1422266,2022,1,2022/02/23 00:00:00+00,8,REGION BIO BIO,8111,TOME,66,CHOQUE LADO/POSTERIOR,40,CHOQUE,1,URBANA,1,TRAMO DE VIA RECTA,24,CONDUCCION EN ESTADO DE EBRIEDAD,4,ALCOHOL EN CONDUCTOR,0,EL BOSQUE,0,0,- EL BOSQUE,1029,0,0,0,1,1,2,BIDIRECCIONAL,1,CONCRETO,1,BUENO,1,SECO,2,NUBLADO,0,0,0,0,2,01:30:00
-8053770.59468733,-4505028.05464326,222,-72.348252,-37.471463,1422277,2022,1,2022/02/22 00:00:00+00,8,REGION BIO BIO,8301,LOS ANGELES,62,CHOQUE FRENTE/LADO,40,CHOQUE,1,URBANA,1,TRAMO DE VIA RECTA,27,CONDUCCION NO ATENTO CONDICIONES TRANSITO MOMENTO,1,IMPRUDENCIA DEL CONDUCTOR,0,CAUPOLICAN,0,VILLAGRAN,CAUPOLICAN - VILLAGRAN,0,0,0,0,2,0,1,UNIDIRECCIONAL,1,CONCRETO,1,BUENO,1,SECO,1,DESPEJADO,0,0,0,0,2,11:50:00
-8054701.57072079,-4506294.7772205,223,-72.356615,-37.480494,1422282,2022,1,2022/02/22 00:00:00+00,8,REGION BIO BIO,8301,LOS ANGELES,66,CHOQUE LADO/POSTERIOR,40,CHOQUE,1,URBANA,11,CRUCE CON SEMAFORO FUNCIONANDO,27,CONDUCCION NO ATENTO CONDICIONES TRANSITO MOMENTO,1,IMPRUDENCIA DEL CONDUCTOR,0,VICUÑA MACKENNA,0,LORD COCHRANE,LORD COCHRANE - VICUÑA MACKENNA,0,0,0,0,2,0,1,UNIDIRECCIONAL,2,ASFALTO,1,BUENO,1,SECO,1,DESPEJADO,0,0,0,0,2,16:10:00
-8052829.26594124,-4497911.64828777,224,-72.339796,-37.42071,1422292,2022,1,2022/02/22 00:00:00+00,8,REGION BIO BIO,8301,LOS ANGELES,63,CHOQUE FRENTE/POSTERIOR,40,CHOQUE,1,URBANA,1,TRAMO DE VIA RECTA,27,CONDUCCION NO ATENTO CONDICIONES TRANSITO MOMENTO,1,IMPRUDENCIA DEL CONDUCTOR,0,LAS INDUSTRIAS,0,0,- LAS INDUSTRIAS,7215,0,0,0,2,0,1,UNIDIRECCIONAL,1,CONCRETO,1,BUENO,1,SECO,1,DESPEJADO,0,0,0,1,1,07:55:00
-8056354.3312006,-4503328.79730308,225,-72.371462,-37.459348,1422315,2022,1,2022/02/23 00:00:00+00,8,REGION BIO BIO,8301,LOS ANGELES,32,COLISION LATERAL,30,COLISION,1,URBANA,1,TRAMO DE VIA RECTA,27,CONDUCCION NO ATENTO CONDICIONES TRANSITO MOMENTO,1,IMPRUDENCIA DEL CONDUCTOR,0,OROMPELLO,0,0,- OROMPELLO,1545,0,0,0,2,0,1,UNIDIRECCIONAL,1,CONCRETO,1,BUENO,1,SECO,2,NUBLADO,0,0,0,0,2,10:55:00
-8132357.29052564,-4416066.66694211,226,-73.054209,-36.834525,1422323,2022,1,2022/02/22 00:00:00+00,8,REGION BIO BIO,8101,CONCEPCION,32,COLISION LATERAL,30,COLISION,1,URBANA,1,TRAMO DE VIA RECTA,29,CONDUCCION CAMBIAR SORPRESIVAMENTE PISTA CIRCULACION,1,IMPRUDENCIA DEL CONDUCTOR,0,VICTOR LAMAS,0,SERRANO,SERRANO - VICTOR LAMAS,0,0,0,0,2,0,1,UNIDIRECCIONAL,1,CONCRETO,1,BUENO,1,SECO,1,DESPEJADO,0,0,0,2,0,13:20:00
-8133423.93162252,-4415617.4736358,227,-73.06379,-36.831295,1422349,2022,1,2022/02/23 00:00:00+00,8,REGION BIO BIO,8101,CONCEPCION,50,CHOQUE,40,CHOQUE,1,URBANA,1,TRAMO DE VIA RECTA,27,CONDUCCION NO ATENTO CONDICIONES TRANSITO MOMENTO,1,IMPRUDENCIA DEL CONDUCTOR,0,LOS CARRERA PONIENTE,0,0,- LOS CARRERA PONIENTE,301,0,0,0,1,1,2,BIDIRECCIONAL,1,CONCRETO,1,BUENO,1,SECO,2,NUBLADO,0,0,0,0,1,11:00:00
-8132802.49056517,-4414913.49234259,228,-73.058208,-36.826233,1422351,2022,1,2022/02/23 00:00:00+00,8,REGION BIO BIO,8101,CONCEPCION,50,CHOQUE,40,CHOQUE,1,URBANA,1,TRAMO DE VIA RECTA,27,CONDUCCION NO ATENTO CONDICIONES TRANSITO MOMENTO,1,IMPRUDENCIA DEL CONDUCTOR,0,SALAS,0,0,- SALAS,779,0,0,0,2,0,1,UNIDIRECCIONAL,1,CONCRETO,1,BUENO,1,SECO,1,DESPEJADO,0,0,0,0,2,12:30:00
-8131798.97875151,-4415424.36403431,229,-73.049193,-36.829906,1422353,2022,1,2022/02/23 00:00:00+00,8,REGION BIO BIO,8101,CONCEPCION,30,COLISION,30,COLISION,1,URBANA,1,TRAMO DE VIA RECTA,29,CONDUCCION CAMBIAR SORPRESIVAMENTE PISTA CIRCULACION,1,IMPRUDENCIA DEL CONDUCTOR,0,CAUPOLICAN,0,COCHRANE,CAUPOLICAN - COCHRANE,0,0,0,0,2,0,1,UNIDIRECCIONAL,1,CONCRETO,1,BUENO,1,SECO,1,DESPEJADO,0,0,0,0,2,17:30:00
-8130128.60752826,-4413815.77276759,230,-73.034188,-36.818339,1422356,2022,1,2022/02/24 00:00:00+00,8,REGION BIO BIO,8101,CONCEPCION,30,COLISION,30,COLISION,1,URBANA,11,CRUCE CON SEMAFORO FUNCIONANDO,29,CONDUCCION CAMBIAR SORPRESIVAMENTE PISTA CIRCULACION,1,IMPRUDENCIA DEL CONDUCTOR,0,JUAN BOSCO,0,VILUMILLA,JUAN BOSCO - VILUMILLA,0,0,0,0,2,1,2,BIDIRECCIONAL,1,CONCRETO,1,BUENO,3,MOJADO,3,LLUVIA,0,0,0,0,2,08:30:00
-8017721.9260601,-4532112.50256868,231,-72.024422,-37.664313,1422358,2022,1,2022/02/21 00:00:00+00,8,REGION BIO BIO,8311,SANTA BARBARA,10,ATROPELLO,10,ATROPELLO,1,URBANA,14,CRUCE CON SEÑAL PARE,31,NO RESPETAR DERECHO PREFERENTE DE PASO A PEATON,1,IMPRUDENCIA DEL CONDUCTOR,0,FEDERICO PUGA,0,PEDRO BURGOS,FEDERICO PUGA - PEDRO BURGOS,0,0,0,0,1,1,2,BIDIRECCIONAL,1,CONCRETO,1,BUENO,1,SECO,1,DESPEJADO,0,1,0,0,1,17:50:00