X,Y,FID,POINT_X,POINT_Y,Idaccident,Año,Claseaccid,Fecha,Cód_Regi,Región,Cód_Comun,Comuna,Cód_Tipo,Tipo_Accid,Cód_Tip_1,Tipo__CONA,Cód_Zona,Zona,Cód_Ubica,Ubicación,Cód_Causa,Causa,Cód_Cau_1,Causa__CON,Cód_Calle,Calle_Uno,Cód_Cal_1,Calle_Dos,Intersecci,Número,Ruta,Cód_Ruta,Ubicaci_1,Pistas_de,Pistas_d_1,Cód_Calza,Calzada,Cód__Tipo,Tipo_Calza,Cód_Estad,Estado_Cal,Cód_Condi,Condición,Cód_Est_1,Estado_Atm,Fallecidos,Graves,Menos_Grav,Leves,Ilesos,Hora_1
-8054108.67198087,-4505907.25097125,324,-72.351289,-37.477731,1423922,2022,1,2022/03/02 00:00:00+00,8,REGION BIO BIO,8301,LOS ANGELES,53,CHOQUE POSTERIOR,40,CHOQUE,1,URBANA,1,TRAMO DE VIA RECTA,95,PERDIDA CONTROL VEHICULO,9,PERDIDA CONTROL VEHICULO,0,O'HIGGINS,0,LAS QUINTAS,LAS QUINTAS - O'HIGGINS,0,0,0,0,2,0,1,UNIDIRECCIONAL,2,ASFALTO,1,BUENO,1,SECO,1,DESPEJADO,0,0,0,0,1,11:00:00
-8145493.75854373,-4406717.19734461,325,-73.172215,-36.767274,1423961,2022,1,2022/03/01 00:00:00+00,8,REGION BIO BIO,8112,HUALPEN,68,CHOQUE POSTERIOR/LADO,40,CHOQUE,1,URBANA,1,TRAMO DE VIA RECTA,27,CONDUCCION NO ATENTO CONDICIONES TRANSITO MOMENTO,1,IMPRUDENCIA DEL CONDUCTOR,0,EL FARO,0,LAS ANCLAS,EL FARO - LAS ANCLAS,0,0,0,0,1,1,2,BIDIRECCIONAL,1,CONCRETO,1,BUENO,1,SECO,1,DESPEJADO,0,0,0,0,2,11:30:00
-8132848.07589664,-4408593.47301651,326,-73.058617,-36.780774,1423987,2022,1,2022/03/02 00:00:00+00,8,REGION BIO BIO,8110,TALCAHUANO,32,COLISION LATERAL,30,COLISION,1,URBANA,1,TRAMO DE VIA RECTA,11,ADELANTAMIENTO SIN EL ESPACIO O TIEMPO SUFICIENTE,1,IMPRUDENCIA DEL CONDUCTOR,0,PRESIDENTE JORGE ALESSANDRI RODRIGUEZ,0,0,- PRESIDENTE JORGE ALESSANDRI RODRIGUEZ,4601,0,0,0,1,1,2,BIDIRECCIONAL,1,CONCRETO,1,BUENO,1,SECO,1,DESPEJADO,0,0,0,2,0,10:45:00
-8145416.25791424,-4406676.28674201,327,-73.171519,-36.766979,1423996,2022,1,2022/03/01 00:00:00+00,8,REGION BIO BIO,8112,HUALPEN,20,CAIDA,20,CAIDA,1,URBANA,16,CRUCE SIN SEÑALIZACION,41,PASAJERO SUBE O DESCIENDE DE VEHICULO MOVIMIENTO,3,IMPRUDENCIA DEL PASAJERO,0,LENGA,0,LAS ANCLAS,LAS ANCLAS - LENGA,0,0,0,0,1,1,2,BIDIRECCIONAL,1,CONCRETO,1,BUENO,1,SECO,1,DESPEJADO,0,0,0,1,1,12:30:00
-8136121.74834995,-4405688.46287958,328,-73.088025,-36.75987,1424010,2022,1,2022/03/01 00:00:00+00,8,REGION BIO BIO,8110,TALCAHUANO,32,COLISION LATERAL,30,COLISION,1,URBANA,1,TRAMO DE VIA RECTA,32,NO RESPETAR DERECHO PREFERENTE DE PASO A VEHICULO,1,IMPRUDENCIA DEL CONDUCTOR,0,CARLOS OLIVER,0,MONSEÑOR ALARCON,CARLOS OLIVER - MONSEÑOR ALARCON,0,0,0,0,1,1,2,BIDIRECCIONAL,1,CONCRETO,1,BUENO,1,SECO,1,DESPEJADO,0,0,0,0,2,08:20:00
-8138854.3190224,-4409250.05576622,329,-73.112572,-36.785498,1424065,2022,1,2022/03/02 00:00:00+00,8,REGION BIO BIO,8112,HUALPEN,30,COLISION,30,COLISION,1,URBANA,14,CRUCE CON SEÑAL PARE,64,SEÑALIZACION DESOBEDECER SEÑAL CEDA EL PASO,10,DESOBEDIENCIA A SEÑALIZACION,0,FINLANDIA,0,GIBRALTAR,FINLANDIA - GIBRALTAR,0,0,0,0,1,1,2,BIDIRECCIONAL,1,CONCRETO,1,BUENO,1,SECO,1,DESPEJADO,0,0,0,1,2,22:20:00
-8143940.58448039,-4436540.8697561,330,-73.158263,-36.981589,1424120,2022,1,2022/02/17 00:00:00+00,8,REGION BIO BIO,8102,CORONEL,10,ATROPELLO,10,ATROPELLO,1,URBANA,1,TRAMO DE VIA RECTA,27,CONDUCCION NO ATENTO CONDICIONES TRANSITO MOMENTO,1,IMPRUDENCIA DEL CONDUCTOR,0,LOS NOGALES,0,0,- LOS NOGALES,3423,0,0,0,1,1,2,BIDIRECCIONAL,2,ASFALTO,1,BUENO,1,SECO,1,DESPEJADO,0,0,0,1,1,11:00:00
-8128654.92671329,-4430084.02984743,331,-73.02095,-36.935241,1424125,2022,1,2022/02/27 00:00:00+00,8,REGION BIO BIO,8103,CHIGUAYANTE,34,COLISION PERPENDICULAR,30,COLISION,1,URBANA,11,CRUCE CON SEMAFORO FUNCIONANDO,21,CONDUCCION BAJO LA INFLUENCIA DEL ALCOHOL,4,ALCOHOL EN CONDUCTOR,0,MANUEL RODRIGUEZ,0,PROGRESO,MANUEL RODRIGUEZ - PROGRESO,0,0,0,0,1,1,2,BIDIRECCIONAL,1,CONCRETO,1,BUENO,1,SECO,1,DESPEJADO,0,1,0,0,1,16:15:00
-8131881.91177215,-4413860.31236031,332,-73.049938,-36.81866,1424135,2022,1,2022/02/14 00:00:00+00,8,REGION BIO BIO,8101,CONCEPCION,33,COLISION POR ALCANCE,30,COLISION,1,URBANA,1,TRAMO DE VIA RECTA,28,CONDUCCION SIN MANTENER DISTANCIA RAZONABLE NI PRUDENTE,1,IMPRUDENCIA DEL CONDUCTOR,0,TUCAPEL,0,MANUEL BULNES,MANUEL BULNES - TUCAPEL,0,0,0,0,2,0,1,UNIDIRECCIONAL,1,CONCRETO,1,BUENO,1,SECO,1,DESPEJADO,0,0,0,1,1,20:20:00
-8118226.00474612,-4435379.11650049,333,-72.927265,-36.973252,1424147,2022,1,2022/02/17 00:00:00+00,8,REGION BIO BIO,8105,HUALQUI,31,COLISION FRONTAL,30,COLISION,1,URBANA,1,TRAMO DE VIA RECTA,24,CONDUCCION EN ESTADO DE EBRIEDAD,4,ALCOHOL EN CONDUCTOR,0,TEGUALDA,0,0,- TEGUALDA,48,0,0,0,1,1,2,BIDIRECCIONAL,1,CONCRETO,1,BUENO,1,SECO,1,DESPEJADO,0,0,0,0,2,22:30:00
-8142932.69781074,-4452194.95719573,334,-73.149209,-37.09384,1424171,2022,1,2022/02/16 00:00:00+00,8,REGION BIO BIO,8106,LOTA,70,VOLCADURA,70,VOLCADURA,1,URBANA,1,TRAMO DE VIA RECTA,25,"CONDICIONES FISICAS DEFICIENTES (CANSANCIO, SUEÑO)",8,DROGAS Y/O FATIGA EN CONDUCTOR,0,FERNANDO MAIRA,0,MARIHUEÑO,FERNANDO MAIRA - MARIHUEÑO,0,0,0,0,1,1,2,BIDIRECCIONAL,2,ASFALTO,1,BUENO,1,SECO,1,DESPEJADO,0,0,1,0,0,17:00:00
-8144159.98406479,-4440186.61840202,335,-73.160234,-37.007747,1424182,2022,1,2022/02/17 00:00:00+00,8,REGION BIO BIO,8102,CORONEL,30,COLISION,30,COLISION,1,URBANA,1,TRAMO DE VIA RECTA,72,VELOCIDAD NO RAZONABLE NI PRUDENTE,7,VELOCIDAD IMPRUDENTE,0,GENERAL CARLOS PRATS,0,0,- GENERAL CARLOS PRATS,1263,0,0,0,2,0,1,UNIDIRECCIONAL,2,ASFALTO,1,BUENO,1,SECO,1,DESPEJADO,0,1,0,0,1,21:15:00
-8119456.19643888,-4435762.26139927,336,-72.938316,-36.976002,1424199,2022,1,2022/02/03 00:00:00+00,8,REGION BIO BIO,8105,HUALQUI,67,CHOQUE POSTERIOR/FRENTE,40,CHOQUE,1,URBANA,1,TRAMO DE VIA RECTA,27,CONDUCCION NO ATENTO CONDICIONES TRANSITO MOMENTO,1,IMPRUDENCIA DEL CONDUCTOR,0,MANUEL BULNES,0,0,- MANUEL BULNES,769,0,0,0,2,0,1,UNIDIRECCIONAL,1,CONCRETO,1,BUENO,1,SECO,1,DESPEJADO,0,0,0,0,2,20:35:00
-8118461.13377457,-4434101.29588867,337,-72.929377,-36.964081,1424215,2022,1,2022/02/05 00:00:00+00,8,REGION BIO BIO,8105,HUALQUI,68,CHOQUE POSTERIOR/LADO,40,CHOQUE,1,URBANA,1,TRAMO DE VIA RECTA,97,CAUSAS NO DETERMINADAS,13,CAUSAS NO DETERMINADAS,0,GABRIELA MISTRAL,0,0,- GABRIELA MISTRAL,374,0,0,0,1,1,2,BIDIRECCIONAL,1,CONCRETO,1,BUENO,1,SECO,1,DESPEJADO,0,0,0,0,2,23:00:00
-8135826.66264375,-4416730.86022329,338,-73.085374,-36.8393,1424237,2022,1,2022/03/02 00:00:00+00,8,REGION BIO BIO,8108,SAN PEDRO DE LA PAZ,32,COLISION LATERAL,30,COLISION,1,URBANA,11,CRUCE CON SEMAFORO FUNCIONANDO,29,CONDUCCION CAMBIAR SORPRESIVAMENTE PISTA CIRCULACION,1,IMPRUDENCIA DEL CONDUCTOR,0,PEDRO AGUIRRE CERDA,0,SAN PEDRO,PEDRO AGUIRRE CERDA - SAN PEDRO,0,0,0,0,2,2,3,BIDIRECCIONAL CON BANDEJON,1,CONCRETO,1,BUENO,1,SECO,1,DESPEJADO,0,0,0,0,1,14:30:00
-8135826.66264375,-4416730.86022329,339,-73.085374,-36.8393,1424241,2022,1,2022/03/02 00:00:00+00,8,REGION BIO BIO,8108,SAN PEDRO DE LA PAZ,32,COLISION LATERAL,30,COLISION,1,URBANA,11,CRUCE CON SEMAFORO FUNCIONANDO,29,CONDUCCION CAMBIAR SORPRESIVAMENTE PISTA CIRCULACION,1,IMPRUDENCIA DEL CONDUCTOR,0,PEDRO AGUIRRE CERDA,0,SAN PEDRO,PEDRO AGUIRRE CERDA - SAN PEDRO,0,0,0,0,2,2,3,BIDIRECCIONAL CON BANDEJON,1,CONCRETO,1,BUENO,1,SECO,1,DESPEJADO,0,0,0,0,2,14:45:00
-8144358.38879323,-4450884.64413428,340,-73.162016,-37.084451,1424276,2022,1,2022/02/25 00:00:00+00,8,REGION BIO BIO,8106,LOTA,10,ATROPELLO,10,ATROPELLO,1,URBANA,1,TRAMO DE VIA RECTA,27,CONDUCCION NO ATENTO CONDICIONES TRANSITO MOMENTO,1,IMPRUDENCIA DEL CONDUCTOR,0,CARLOS COUSIÑO,0,PASAJE TRES,CARLOS COUSIÑO - PASAJE TRES,0,0,0,0,1,1,2,BIDIRECCIONAL,2,ASFALTO,1,BUENO,1,SECO,1,DESPEJADO,0,1,0,1,1,19:50:00
-8143690.29373729,-4452201.60023159,341,-73.156015,-37.093888,1424277,2022,1,2022/02/26 00:00:00+00,8,REGION BIO BIO,8106,LOTA,33,COLISION POR ALCANCE,30,COLISION,1,URBANA,15,CRUCE CON SEÑAL CEDA EL PASO,27,CONDUCCION NO ATENTO CONDICIONES TRANSITO MOMENTO,1,IMPRUDENCIA DEL CONDUCTOR,0,GALVARINO,0,PEDRO AGUIRRE CERDA,GALVARINO - PEDRO AGUIRRE CERDA,0,0,0,0,2,0,1,UNIDIRECCIONAL,1,CONCRETO,1,BUENO,1,SECO,1,DESPEJADO,0,0,0,0,2,14:00:00
-8143247.97687257,-4451962.62103727,342,-73.152041,-37.092175,1424279,2022,1,2022/02/27 00:00:00+00,8,REGION BIO BIO,8106,LOTA,10,ATROPELLO,10,ATROPELLO,1,URBANA,1,TRAMO DE VIA RECTA,55,PEATON CRUZA CALZADA FUERA PASO PEATONES,2,IMPRUDENCIA DEL PEATON,0,RENE SCHNEIDER,0,FERNANDO MAIRA,FERNANDO MAIRA - RENE SCHNEIDER,0,0,0,0,1,2,2,BIDIRECCIONAL,2,ASFALTO,1,BUENO,1,SECO,1,DESPEJADO,0,1,0,0,1,17:45:00
-8132652.34283599,-4414788.71954577,343,-73.056859,-36.825336,1424293,2022,1,2022/02/15 00:00:00+00,8,REGION BIO BIO,8101,CONCEPCION,30,COLISION,30,COLISION,1,URBANA,1,TRAMO DE VIA RECTA,29,CONDUCCION CAMBIAR SORPRESIVAMENTE PISTA CIRCULACION,1,IMPRUDENCIA DEL CONDUCTOR,0,LOS CARRERA,0,ANGOL,ANGOL - LOS CARRERA,0,0,0,0,3,3,2,BIDIRECCIONAL,1,CONCRETO,1,BUENO,1,SECO,1,DESPEJADO,0,0,0,1,1,14:00:00
-8056707.00247938,-4503949.59689201,344,-72.37463,-37.463774,1424328,2022,1,2022/03/01 00:00:00+00,8,REGION BIO BIO,8301,LOS ANGELES,30,COLISION,30,COLISION,1,URBANA,1,TRAMO DE VIA RECTA,27,CONDUCCION NO ATENTO CONDICIONES TRANSITO MOMENTO,1,IMPRUDENCIA DEL CONDUCTOR,0,LAGUNA DEL LAJA,0,BOMBERO FRANCISCO RIOSECO,BOMBERO FRANCISCO RIOSECO - LAGUNA DEL LAJA,0,0,0,0,2,0,1,UNIDIRECCIONAL,1,CONCRETO,1,BUENO,1,SECO,1,DESPEJADO,0,1,0,1,1,08:35:00
-8053176.90557903,-4507305.23800866,345,-72.342919,-37.487697,1424334,2022,1,2022/03/01 00:00:00+00,8,REGION BIO BIO,8301,LOS ANGELES,20,CAIDA,20,CAIDA,1,URBANA,1,TRAMO DE VIA RECTA,41,PASAJERO SUBE O DESCIENDE DE VEHICULO MOVIMIENTO,3,IMPRUDENCIA DEL PASAJERO,0,FRANCISCO ENCINA,0,LOS CARRERA,FRANCISCO ENCINA - LOS CARRERA,0,0,0,0,2,0,1,UNIDIRECCIONAL,1,CONCRETO,1,BUENO,1,SECO,1,DESPEJADO,0,0,0,1,1,09:30:00
-8053629.54176055,-4506799.76396675,346,-72.346985,-37.484094,1424351,2022,1,2022/03/02 00:00:00+00,8,REGION BIO BIO,8301,LOS ANGELES,32,COLISION LATERAL,30,COLISION,1,URBANA,1,TRAMO DE VIA RECTA,91,VIRAJES INDEBIDOS,1,IMPRUDENCIA DEL CONDUCTOR,0,LOS CARRERA,0,LAS QUINTAS,LAS QUINTAS - LOS CARRERA,0,0,0,0,2,0,1,UNIDIRECCIONAL,1,CONCRETO,1,BUENO,1,SECO,1,DESPEJADO,0,0,0,0,2,08:40:00
-8138486.00735516,-4410949.72271232,347,-73.109264,-36.797726,1424360,2022,1,2022/03/03 00:00:00+00,8,REGION BIO BIO,8112,HUALPEN,30,COLISION,30,COLISION,1,URBANA,15,CRUCE CON SEÑAL CEDA EL PASO,29,CONDUCCION CAMBIAR SORPRESIVAMENTE PISTA CIRCULACION,1,IMPRUDENCIA DEL CONDUCTOR,0,CALLE UNO,0,CALLE DOS,CALLE DOS - CALLE UNO,0,0,0,0,2,2,3,BIDIRECCIONAL CON BANDEJON,1,CONCRETO,1,BUENO,1,SECO,1,DESPEJADO,0,0,0,1,1,18:00:00
-8054326.07894639,-4504303.97933979,348,-72.353242,-37.466301,1424384,2022,1,2022/03/03 00:00:00+00,8,REGION BIO BIO,8301,LOS ANGELES,30,COLISION,30,COLISION,1,URBANA,1,TRAMO DE VIA RECTA,27,CONDUCCION NO ATENTO CONDICIONES TRANSITO MOMENTO,1,IMPRUDENCIA DEL CONDUCTOR,0,MENDOZA,0,TUCAPEL,MENDOZA - TUCAPEL,0,0,0,0,2,0,1,UNIDIRECCIONAL,2,ASFALTO,1,BUENO,1,SECO,1,DESPEJADO,0,0,0,2,3,12:25:00
-8121457.06409834,-4387595.81759497,349,-72.95629,-36.62955,1424403,2022,1,2022/02/20 00:00:00+00,8,REGION BIO BIO,8111,TOME,33,COLISION POR ALCANCE,30,COLISION,1,URBANA,1,TRAMO DE VIA RECTA,28,CONDUCCION SIN MANTENER DISTANCIA RAZONABLE NI PRUDENTE,1,IMPRUDENCIA DEL CONDUCTOR,0,LATORRE,0,LOS SUSPIROS,LATORRE - LOS SUSPIROS,0,0,0,0,2,2,3,BIDIRECCIONAL CON BANDEJON,1,CONCRETO,1,BUENO,1,SECO,1,DESPEJADO,0,0,0,0,2,19:10:00
-8161227.6219766,-4473502.38849711,350,-73.313555,-37.246362,1424546,2022,1,2022/02/20 00:00:00+00,8,REGION BIO BIO,8202,ARAUCO,33,COLISION POR ALCANCE,30,COLISION,1,URBANA,11,CRUCE CON SEMAFORO FUNCIONANDO,27,CONDUCCION NO ATENTO CONDICIONES TRANSITO MOMENTO,1,IMPRUDENCIA DEL CONDUCTOR,0,ESMERALDA,0,0,- ESMERALDA,177,0,0,0,2,0,1,UNIDIRECCIONAL,1,CONCRETO,1,BUENO,1,SECO,1,DESPEJADO,0,0,0,2,0,14:30:00
-8133085.62055805,-4415011.17549971,351,-73.060751,-36.826935,1424603,2022,1,2022/02/18 00:00:00+00,8,REGION BIO BIO,8101,CONCEPCION,70,VOLCADURA,70,VOLCADURA,1,URBANA,1,TRAMO DE VIA RECTA,72,VELOCIDAD NO RAZONABLE NI PRUDENTE,7,VELOCIDAD IMPRUDENTE,0,LOS CARRERA,0,ARTURO PRAT,ARTURO PRAT - LOS CARRERA,0,0,0,0,2,2,2,BIDIRECCIONAL,1,CONCRETO,1,BUENO,1,SECO,1,DESPEJADO,0,0,0,0,2,08:05:00
-8131765.36026529,-4413069.61282127,352,-73.048891,-36.812973,1424648,2022,1,2022/02/18 00:00:00+00,8,REGION BIO BIO,8101,CONCEPCION,30,COLISION,30,COLISION,1,URBANA,1,TRAMO DE VIA RECTA,27,CONDUCCION NO ATENTO CONDICIONES TRANSITO MOMENTO,1,IMPRUDENCIA DEL CONDUCTOR,0,PAICAVI,0,BANDERA,BANDERA - PAICAVI,0,0,0,0,2,2,2,BIDIRECCIONAL,1,CONCRETO,1,BUENO,1,SECO,1,DESPEJADO,0,0,0,2,1,21:30:00
-8129816.27843294,-4412394.74750132,353,-73.031382,-36.808119,1424659,2022,1,2022/02/19 00:00:00+00,8,REGION BIO BIO,8101,CONCEPCION,30,COLISION,30,COLISION,1,URBANA,1,TRAMO DE VIA RECTA,29,CONDUCCION CAMBIAR SORPRESIVAMENTE PISTA CIRCULACION,1,IMPRUDENCIA DEL CONDUCTOR,0,ALONSO DE RIBERA,0,0,- ALONSO DE RIBERA,308,0,0,0,2,2,2,BIDIRECCIONAL,1,CONCRETO,1,BUENO,1,SECO,1,DESPEJADO,0,0,0,1,1,20:00:00
-8132384.318898,-4413715.98695733,354,-73.054451,-36.817622,1424667,2022,1,2022/02/20 00:00:00+00,8,REGION BIO BIO,8101,CONCEPCION,30,COLISION,30,COLISION,1,URBANA,15,CRUCE CON SEÑAL CEDA EL PASO,64,SEÑALIZACION DESOBEDECER SEÑAL CEDA EL PASO,10,DESOBEDIENCIA A SEÑALIZACION,0,JOSE JOAQUIN PRIETO,0,CAUPOLICAN,CAUPOLICAN - JOSE JOAQUIN PRIETO,0,0,0,0,2,2,2,BIDIRECCIONAL,1,CONCRETO,1,BUENO,1,SECO,1,DESPEJADO,0,0,0,0,2,18:50:00
-7978725.99599048,-4485114.5980732,355,-71.674115,-37.329355,1424668,2022,1,2022/03/03 00:00:00+00,8,REGION BIO BIO,8302,ANTUCO,32,COLISION LATERAL,30,COLISION,1,URBANA,1,TRAMO DE VIA RECTA,27,CONDUCCION NO ATENTO CONDICIONES TRANSITO MOMENTO,1,IMPRUDENCIA DEL CONDUCTOR,0,SARGENTO ALDEA,0,0,- SARGENTO ALDEA,15,0,0,0,1,1,2,BIDIRECCIONAL,1,CONCRETO,1,BUENO,1,SECO,1,DESPEJADO,0,0,0,0,2,18:00:00
-8054463.15776735,-4505255.77176009,356,-72.354474,-37.473087,1424674,2022,1,2022/03/03 00:00:00+00,8,REGION BIO BIO,8301,LOS ANGELES,51,CHOQUE FRONTAL,40,CHOQUE,1,URBANA,1,TRAMO DE VIA RECTA,5,FALLAS MECANICAS NEUMATICOS,12,FALLAS MECANICAS,0,MANUEL RODRIGUEZ,0,0,- MANUEL RODRIGUEZ,180,0,0,0,1,1,2,BIDIRECCIONAL,2,ASFALTO,2,REGULAR,1,SECO,1,DESPEJADO,0,0,0,0,1,12:00:00
-8051264.72615788,-4508289.50300145,357,-72.325742,-37.494712,1424676,2022,1,2022/03/03 00:00:00+00,8,REGION BIO BIO,8301,LOS ANGELES,34,COLISION PERPENDICULAR,30,COLISION,1,URBANA,1,TRAMO DE VIA RECTA,27,CONDUCCION NO ATENTO CONDICIONES TRANSITO MOMENTO,1,IMPRUDENCIA DEL CONDUCTOR,0,LAS INDUSTRIAS,0,LA FRONTERA,LA FRONTERA - LAS INDUSTRIAS,0,0,0,0,1,1,2,BIDIRECCIONAL,1,CONCRETO,1,BUENO,1,SECO,1,DESPEJADO,0,0,0,0,2,17:45:00
-8054326.07894639,-4504303.97933979,358,-72.353242,-37.466301,1424679,2022,1,2022/03/04 00:00:00+00,8,REGION BIO BIO,8301,LOS ANGELES,32,COLISION LATERAL,30,COLISION,1,URBANA,11,CRUCE CON SEMAFORO FUNCIONANDO,27,CONDUCCION NO ATENTO CONDICIONES TRANSITO MOMENTO,1,IMPRUDENCIA DEL CONDUCTOR,0,MENDOZA,0,TUCAPEL,MENDOZA - TUCAPEL,0,0,0,0,1,1,2,BIDIRECCIONAL,1,CONCRETO,1,BUENO,1,SECO,1,DESPEJADO,0,0,0,0,2,00:30:00
-8137080.16463788,-4409408.2204365,359,-73.096635,-36.786636,1424725,2022,1,2022/03/05 00:00:00+00,8,REGION BIO BIO,8112,HUALPEN,10,ATROPELLO,10,ATROPELLO,1,URBANA,14,CRUCE CON SEÑAL PARE,31,NO RESPETAR DERECHO PREFERENTE DE PASO A PEATON,1,IMPRUDENCIA DEL CONDUCTOR,0,GRECIA,0,SUECIA,GRECIA - SUECIA,0,0,0,0,1,1,2,BIDIRECCIONAL,1,CONCRETO,1,BUENO,1,SECO,1,DESPEJADO,0,0,0,1,1,13:30:00
-8132718.04359945,-4417218.96502893,360,-73.057449,-36.842809,1424787,2022,1,2022/02/16 00:00:00+00,8,REGION BIO BIO,8101,CONCEPCION,33,COLISION POR ALCANCE,30,COLISION,1,URBANA,1,TRAMO DE VIA RECTA,25,"CONDICIONES FISICAS DEFICIENTES (CANSANCIO, SUEÑO)",8,DROGAS Y/O FATIGA EN CONDUCTOR,0,COSTANERA,0,LAS CANCHAS,COSTANERA - LAS CANCHAS,0,0,0,0,1,1,2,BIDIRECCIONAL,1,CONCRETO,1,BUENO,1,SECO,1,DESPEJADO,0,0,0,0,2,14:23:00
-8131829.10180572,-4414909.98778129,361,-73.049464,-36.826208,1424792,2022,1,2022/03/01 00:00:00+00,8,REGION BIO BIO,8101,CONCEPCION,53,CHOQUE POSTERIOR,40,CHOQUE,1,URBANA,16,CRUCE SIN SEÑALIZACION,27,CONDUCCION NO ATENTO CONDICIONES TRANSITO MOMENTO,1,IMPRUDENCIA DEL CONDUCTOR,0,PLAZA ESPAÑA,0,BARROS ARANA,BARROS ARANA - PLAZA ESPAÑA,0,0,0,0,1,0,1,UNIDIRECCIONAL,1,CONCRETO,1,BUENO,1,SECO,1,DESPEJADO,0,0,0,0,2,11:30:00
-8132163.86177843,-4414716.50163042,362,-73.052471,-36.824816,1424796,2022,1,2022/03/01 00:00:00+00,8,REGION BIO BIO,8101,CONCEPCION,50,CHOQUE,40,CHOQUE,1,URBANA,26,OTROS NO CONSIDERADOS,27,CONDUCCION NO ATENTO CONDICIONES TRANSITO MOMENTO,1,IMPRUDENCIA DEL CONDUCTOR,0,CAUPOLICAN,0,MAIPU,CAUPOLICAN - MAIPU,0,0,0,0,3,0,1,UNIDIRECCIONAL,1,CONCRETO,1,BUENO,1,SECO,1,DESPEJADO,0,0,0,0,2,19:15:00
-8131555.37830981,-4415128.99726614,363,-73.047005,-36.827782,1424818,2022,1,2022/03/02 00:00:00+00,8,REGION BIO BIO,8101,CONCEPCION,32,COLISION LATERAL,30,COLISION,1,URBANA,1,TRAMO DE VIA RECTA,27,CONDUCCION NO ATENTO CONDICIONES TRANSITO MOMENTO,1,IMPRUDENCIA DEL CONDUCTOR,0,SAN MARTIN,0,0,- SAN MARTIN,826,0,0,0,2,0,1,UNIDIRECCIONAL,1,CONCRETO,1,BUENO,1,SECO,1,DESPEJADO,0,0,0,0,2,10:40:00
-8144481.76418488,-4451031.62500105,364,-73.163124,-37.085504,1424824,2022,1,2022/03/02 00:00:00+00,8,REGION BIO BIO,8206,LOS ALAMOS,31,COLISION FRONTAL,30,COLISION,1,URBANA,1,TRAMO DE VIA RECTA,23,CONDUCCION CONTRA SENTIDO DEL TRANSITO,1,IMPRUDENCIA DEL CONDUCTOR,0,LAS ARAUCARIAS,0,CAUPOLICAN,CAUPOLICAN - LAS ARAUCARIAS,0,0,0,0,1,0,1,UNIDIRECCIONAL,2,ASFALTO,1,BUENO,1,SECO,1,DESPEJADO,0,0,0,0,2,07:50:00
-8132597.29534779,-4416502.65168206,365,-73.056365,-36.837659,1424846,2022,1,2022/03/02 00:00:00+00,8,REGION BIO BIO,8101,CONCEPCION,50,CHOQUE,40,CHOQUE,1,URBANA,1,TRAMO DE VIA RECTA,93,CONDUCIR VEHICULO EN RETROCESO,1,IMPRUDENCIA DEL CONDUCTOR,0,ALEMPARTE,0,0,- ALEMPARTE,28,0,0,0,2,0,1,UNIDIRECCIONAL,1,CONCRETO,1,BUENO,1,SECO,1,DESPEJADO,0,0,0,0,2,22:00:00
-8131931.84969572,-4414940.44412637,366,-73.050387,-36.826427,1424857,2022,1,2022/03/02 00:00:00+00,8,REGION BIO BIO,8101,CONCEPCION,30,COLISION,30,COLISION,1,URBANA,16,CRUCE SIN SEÑALIZACION,27,CONDUCCION NO ATENTO CONDICIONES TRANSITO MOMENTO,1,IMPRUDENCIA DEL CONDUCTOR,0,CICLOVIA BARROS ARANA,0,BARROS ARANA,BARROS ARANA - CICLOVIA BARROS ARANA,0,0,0,0,3,0,1,UNIDIRECCIONAL,1,CONCRETO,1,BUENO,1,SECO,1,DESPEJADO,0,1,0,0,1,14:00:00
-8130406.43871338,-4413624.97632825,367,-73.036684,-36.816967,1424886,2022,1,2022/03/03 00:00:00+00,8,REGION BIO BIO,8101,CONCEPCION,34,COLISION PERPENDICULAR,30,COLISION,1,URBANA,11,CRUCE CON SEMAFORO FUNCIONANDO,62,SEÑALIZACION DESOBEDECER LUZ ROJA DE SEMAFORO,10,DESOBEDIENCIA A SEÑALIZACION,0,PELANTARO,0,LOS CARRERA,LOS CARRERA - PELANTARO,0,0,0,0,3,3,3,BIDIRECCIONAL CON BANDEJON,1,CONCRETO,1,BUENO,1,SECO,1,DESPEJADO,0,0,0,1,2,10:45:00
-8131544.80295818,-4414384.60868949,368,-73.04691,-36.82243,1424900,2022,1,2022/03/03 00:00:00+00,8,REGION BIO BIO,8101,CONCEPCION,30,COLISION,30,COLISION,1,URBANA,1,TRAMO DE VIA RECTA,27,CONDUCCION NO ATENTO CONDICIONES TRANSITO MOMENTO,1,IMPRUDENCIA DEL CONDUCTOR,0,MAIPU,0,0,- MAIPU,1047,0,0,0,2,0,1,UNIDIRECCIONAL,1,CONCRETO,1,BUENO,1,SECO,1,DESPEJADO,0,0,0,0,2,13:30:00