X,Y,FID,POINT_X,POINT_Y,Idaccident,Año,Claseaccid,Fecha,Cód_Regi,Región,Cód_Comun,Comuna,Cód_Tipo,Tipo_Accid,Cód_Tip_1,Tipo__CONA,Cód_Zona,Zona,Cód_Ubica,Ubicación,Cód_Causa,Causa,Cód_Cau_1,Causa__CON,Cód_Calle,Calle_Uno,Cód_Cal_1,Calle_Dos,Intersecci,Número,Ruta,Cód_Ruta,Ubicaci_1,Pistas_de,Pistas_d_1,Cód_Calza,Calzada,Cód__Tipo,Tipo_Calza,Cód_Estad,Estado_Cal,Cód_Condi,Condición,Cód_Est_1,Estado_Atm,Fallecidos,Graves,Menos_Grav,Leves,Ilesos,Hora_1
-8130820.93683735,-4414555.42114822,369,-73.040407,-36.823658,1424925,2022,1,2022/03/03 00:00:00+00,8,REGION BIO BIO,8101,CONCEPCION,30,COLISION,30,COLISION,1,URBANA,1,TRAMO DE VIA RECTA,28,CONDUCCION SIN MANTENER DISTANCIA RAZONABLE NI PRUDENTE,1,IMPRUDENCIA DEL CONDUCTOR,0,BERNARDO O'HIGGINS,0,JANEQUEO,BERNARDO O'HIGGINS - JANEQUEO,0,0,0,0,2,0,1,UNIDIRECCIONAL,1,CONCRETO,1,BUENO,1,SECO,1,DESPEJADO,0,0,0,0,2,08:50:00
-8132476.11295011,-4415536.68288348,370,-73.055276,-36.830714,1424932,2022,1,2022/03/04 00:00:00+00,8,REGION BIO BIO,8101,CONCEPCION,50,CHOQUE,40,CHOQUE,1,URBANA,26,OTROS NO CONSIDERADOS,27,CONDUCCION NO ATENTO CONDICIONES TRANSITO MOMENTO,1,IMPRUDENCIA DEL CONDUCTOR,0,SALAS,0,0,- SALAS,329,0,0,0,1,0,1,UNIDIRECCIONAL,1,CONCRETO,1,BUENO,1,SECO,1,DESPEJADO,0,0,0,0,2,13:00:00
-8131457.45055376,-4414351.17799583,371,-73.046125,-36.822189,1424935,2022,1,2022/03/04 00:00:00+00,8,REGION BIO BIO,8101,CONCEPCION,50,CHOQUE,40,CHOQUE,1,URBANA,1,TRAMO DE VIA RECTA,26,CONDUCCION POR IZQUIERDA EJE CALZADA,1,IMPRUDENCIA DEL CONDUCTOR,0,OROMPELLO,0,MAIPU,MAIPU - OROMPELLO,0,0,0,0,2,0,1,UNIDIRECCIONAL,1,CONCRETO,1,BUENO,1,SECO,1,DESPEJADO,0,0,0,0,2,14:00:00
-8132194.22973552,-4414034.45380582,372,-73.052744,-36.819912,1424939,2022,1,2022/03/04 00:00:00+00,8,REGION BIO BIO,8101,CONCEPCION,50,CHOQUE,40,CHOQUE,1,URBANA,1,TRAMO DE VIA RECTA,93,CONDUCIR VEHICULO EN RETROCESO,1,IMPRUDENCIA DEL CONDUCTOR,0,COLO COLO,0,MANUEL GUTIERREZ,COLO COLO - MANUEL GUTIERREZ,0,0,0,0,2,0,1,UNIDIRECCIONAL,1,CONCRETO,1,BUENO,1,SECO,1,DESPEJADO,0,0,0,0,2,16:40:00
-8132037.51415638,-4415627.51515279,373,-73.051336,-36.831367,1424948,2022,1,2022/03/04 00:00:00+00,8,REGION BIO BIO,8101,CONCEPCION,50,CHOQUE,40,CHOQUE,1,URBANA,1,TRAMO DE VIA RECTA,27,CONDUCCION NO ATENTO CONDICIONES TRANSITO MOMENTO,1,IMPRUDENCIA DEL CONDUCTOR,0,LINCOYAN,0,0,- LINCOYAN,152,0,0,0,2,0,1,UNIDIRECCIONAL,1,CONCRETO,1,BUENO,1,SECO,1,DESPEJADO,0,0,0,1,4,13:45:00
-8131669.97059363,-4414639.70892168,374,-73.048034,-36.824264,1424950,2022,1,2022/03/04 00:00:00+00,8,REGION BIO BIO,8101,CONCEPCION,32,COLISION LATERAL,30,COLISION,1,URBANA,1,TRAMO DE VIA RECTA,14,ADELANTAMIENTO SOBREPASANDO LINEA CONTINUA,1,IMPRUDENCIA DEL CONDUCTOR,0,FREIRE,0,CASTELON,CASTELON - FREIRE,0,0,0,0,2,0,1,UNIDIRECCIONAL,1,CONCRETO,1,BUENO,1,SECO,1,DESPEJADO,0,0,0,0,2,16:00:00
-8059917.66810089,-4443792.1357466,375,-72.403472,-37.033606,1425123,2022,1,2022/03/02 00:00:00+00,8,REGION BIO BIO,8303,CABRERO,32,COLISION LATERAL,30,COLISION,1,URBANA,1,TRAMO DE VIA RECTA,27,CONDUCCION NO ATENTO CONDICIONES TRANSITO MOMENTO,1,IMPRUDENCIA DEL CONDUCTOR,0,ZAÑARTU,0,DIEGO PORTALES,DIEGO PORTALES - ZAÑARTU,0,0,0,0,2,0,1,UNIDIRECCIONAL,1,CONCRETO,1,BUENO,1,SECO,1,DESPEJADO,0,0,0,0,2,08:40:00
-8059675.6817918,-4444809.61674868,376,-72.401298,-37.040903,1425128,2022,1,2022/03/04 00:00:00+00,8,REGION BIO BIO,8303,CABRERO,32,COLISION LATERAL,30,COLISION,2,RURAL,1,TRAMO DE VIA RECTA,27,CONDUCCION NO ATENTO CONDICIONES TRANSITO MOMENTO,1,IMPRUDENCIA DEL CONDUCTOR,0,JOSE MIGUEL CARRERA,0,LAS HERAS,JOSE MIGUEL CARRERA - LAS HERAS,0,0,0,0,2,0,1,UNIDIRECCIONAL,1,CONCRETO,1,BUENO,1,SECO,1,DESPEJADO,0,0,0,2,0,17:40:00
-8133259.27896369,-4413955.92780086,377,-73.062311,-36.819347,1425222,2022,1,2022/02/21 00:00:00+00,8,REGION BIO BIO,8101,CONCEPCION,30,COLISION,30,COLISION,1,URBANA,1,TRAMO DE VIA RECTA,28,CONDUCCION SIN MANTENER DISTANCIA RAZONABLE NI PRUDENTE,1,IMPRUDENCIA DEL CONDUCTOR,0,MANUEL RODRIGUEZ,0,OBISPO HIPOLITO SALAS,MANUEL RODRIGUEZ - OBISPO HIPOLITO SALAS,0,0,0,0,2,2,2,BIDIRECCIONAL,1,CONCRETO,1,BUENO,1,SECO,1,DESPEJADO,0,0,0,0,2,22:10:00
-8127905.70201246,-4433069.62992801,378,-73.014219,-36.956676,1425247,2022,1,2022/02/21 00:00:00+00,8,REGION BIO BIO,8103,CHIGUAYANTE,50,CHOQUE,40,CHOQUE,1,URBANA,11,CRUCE CON SEMAFORO FUNCIONANDO,27,CONDUCCION NO ATENTO CONDICIONES TRANSITO MOMENTO,1,IMPRUDENCIA DEL CONDUCTOR,0,21 DE MAYO,0,0,- 21 DE MAYO,1,0,0,0,2,2,2,BIDIRECCIONAL,1,CONCRETO,1,BUENO,1,SECO,1,DESPEJADO,0,0,0,0,2,20:44:00
-8130938.32324039,-4411878.32096287,379,-73.041462,-36.804405,1425260,2022,1,2022/02/23 00:00:00+00,8,REGION BIO BIO,8101,CONCEPCION,30,COLISION,30,COLISION,1,URBANA,1,TRAMO DE VIA RECTA,27,CONDUCCION NO ATENTO CONDICIONES TRANSITO MOMENTO,1,IMPRUDENCIA DEL CONDUCTOR,0,LIENTUR,0,0,- LIENTUR,2019,0,0,0,2,0,1,UNIDIRECCIONAL,1,CONCRETO,1,BUENO,1,SECO,1,DESPEJADO,0,0,0,0,2,16:00:00
-8136088.43042635,-4408992.17969464,380,-73.087726,-36.783643,1425263,2022,1,2022/03/06 00:00:00+00,8,REGION BIO BIO,8112,HUALPEN,50,CHOQUE,40,CHOQUE,1,URBANA,1,TRAMO DE VIA RECTA,71,VELOCIDAD MAYOR QUE MAXIMA PERMITIDA,7,VELOCIDAD IMPRUDENTE,0,CRISTOBAL COLON,0,0,- CRISTOBAL COLON,7510,0,0,0,2,2,2,BIDIRECCIONAL,1,CONCRETO,1,BUENO,1,SECO,1,DESPEJADO,0,0,0,1,0,17:00:00
-8141036.0808544,-4399582.14488679,381,-73.132171,-36.715911,1425266,2022,1,2022/02/26 00:00:00+00,8,REGION BIO BIO,8110,TALCAHUANO,63,CHOQUE FRENTE/POSTERIOR,40,CHOQUE,1,URBANA,1,TRAMO DE VIA RECTA,27,CONDUCCION NO ATENTO CONDICIONES TRANSITO MOMENTO,1,IMPRUDENCIA DEL CONDUCTOR,0,LOS ARAUCANOS,0,0,- LOS ARAUCANOS,700,0,0,0,1,1,2,BIDIRECCIONAL,2,ASFALTO,1,BUENO,1,SECO,1,DESPEJADO,0,0,0,0,1,03:30:00
-8135963.45203404,-4410622.59025215,382,-73.086603,-36.795372,1425292,2022,1,2022/03/06 00:00:00+00,8,REGION BIO BIO,8112,HUALPEN,30,COLISION,30,COLISION,1,URBANA,1,TRAMO DE VIA RECTA,27,CONDUCCION NO ATENTO CONDICIONES TRANSITO MOMENTO,1,IMPRUDENCIA DEL CONDUCTOR,0,CRISTOBAL COLON,0,0,- CRISTOBAL COLON,8676,0,0,0,2,2,2,BIDIRECCIONAL,1,CONCRETO,1,BUENO,1,SECO,1,DESPEJADO,0,0,0,0,2,21:40:00
-8137196.43784601,-4408515.9739318,383,-73.097679,-36.780217,1425309,2022,1,2022/03/04 00:00:00+00,8,REGION BIO BIO,8112,HUALPEN,30,COLISION,30,COLISION,1,URBANA,1,TRAMO DE VIA RECTA,28,CONDUCCION SIN MANTENER DISTANCIA RAZONABLE NI PRUDENTE,1,IMPRUDENCIA DEL CONDUCTOR,0,LAS GOLONDRINAS,0,HOLANDA,HOLANDA - LAS GOLONDRINAS,0,0,0,0,2,2,3,BIDIRECCIONAL CON BANDEJON,1,CONCRETO,1,BUENO,1,SECO,1,DESPEJADO,0,0,0,1,1,22:00:00
-8055367.25014378,-4503431.21422221,384,-72.362595,-37.460078,1425353,2022,1,2022/03/04 00:00:00+00,8,REGION BIO BIO,8301,LOS ANGELES,66,CHOQUE LADO/POSTERIOR,40,CHOQUE,1,URBANA,1,TRAMO DE VIA RECTA,27,CONDUCCION NO ATENTO CONDICIONES TRANSITO MOMENTO,1,IMPRUDENCIA DEL CONDUCTOR,0,RUIZ ALDEA,0,0,- RUIZ ALDEA,1141,0,0,0,1,0,1,UNIDIRECCIONAL,1,CONCRETO,1,BUENO,1,SECO,1,DESPEJADO,0,0,0,0,2,11:00:00
-8053100.27324157,-4504602.0468601,385,-72.342231,-37.468426,1425358,2022,1,2022/03/05 00:00:00+00,8,REGION BIO BIO,8301,LOS ANGELES,51,CHOQUE FRONTAL,40,CHOQUE,1,URBANA,11,CRUCE CON SEMAFORO FUNCIONANDO,27,CONDUCCION NO ATENTO CONDICIONES TRANSITO MOMENTO,1,IMPRUDENCIA DEL CONDUCTOR,0,ALEMANIA,0,BALMACEDA,ALEMANIA - BALMACEDA,0,0,0,0,2,0,1,UNIDIRECCIONAL,1,CONCRETO,1,BUENO,1,SECO,1,DESPEJADO,0,0,0,0,1,04:47:00
-8054375.48253641,-4504291.84755966,386,-72.353686,-37.466214,1425381,2022,1,2022/03/05 00:00:00+00,8,REGION BIO BIO,8301,LOS ANGELES,63,CHOQUE FRENTE/POSTERIOR,40,CHOQUE,1,URBANA,11,CRUCE CON SEMAFORO FUNCIONANDO,27,CONDUCCION NO ATENTO CONDICIONES TRANSITO MOMENTO,1,IMPRUDENCIA DEL CONDUCTOR,0,TUCAPEL,0,MENDOZA,MENDOZA - TUCAPEL,0,0,0,0,2,0,1,UNIDIRECCIONAL,1,CONCRETO,1,BUENO,1,SECO,1,DESPEJADO,0,0,0,2,1,12:30:00
-8056326.74623077,-4503886.86453641,387,-72.371214,-37.463327,1425395,2022,1,2022/03/05 00:00:00+00,8,REGION BIO BIO,8301,LOS ANGELES,63,CHOQUE FRENTE/POSTERIOR,40,CHOQUE,1,URBANA,1,TRAMO DE VIA RECTA,27,CONDUCCION NO ATENTO CONDICIONES TRANSITO MOMENTO,1,IMPRUDENCIA DEL CONDUCTOR,0,BOMBERO FRANCISCO RIOSECO,0,0,- BOMBERO FRANCISCO RIOSECO,1562,0,0,0,2,0,1,UNIDIRECCIONAL,1,CONCRETO,1,BUENO,1,SECO,1,DESPEJADO,0,0,0,0,2,16:55:00
-8170216.48161503,-4550963.27831822,388,-73.394303,-37.798242,1425406,2022,1,2022/03/03 00:00:00+00,8,REGION BIO BIO,8203,CAÑETE,30,COLISION,30,COLISION,1,URBANA,1,TRAMO DE VIA RECTA,65,SEÑALIZACION DESOBEDECER SEÑAL PARE,10,DESOBEDIENCIA A SEÑALIZACION,0,URIBE,0,MARIQUEO,MARIQUEO - URIBE,0,0,0,0,1,0,1,UNIDIRECCIONAL,1,CONCRETO,1,BUENO,1,SECO,1,DESPEJADO,0,0,0,3,0,09:10:00
-8131066.80819667,-4420709.64168876,389,-73.042616,-36.8679,1425407,2022,1,2022/02/28 00:00:00+00,8,REGION BIO BIO,8103,CHIGUAYANTE,34,COLISION PERPENDICULAR,30,COLISION,1,URBANA,11,CRUCE CON SEMAFORO FUNCIONANDO,27,CONDUCCION NO ATENTO CONDICIONES TRANSITO MOMENTO,1,IMPRUDENCIA DEL CONDUCTOR,0,CAMINO A CHIGUAYANTE,0,PASCUAL BINIMELIS,CAMINO A CHIGUAYANTE - PASCUAL BINIMELIS,0,0,0,0,2,2,3,BIDIRECCIONAL CON BANDEJON,1,CONCRETO,1,BUENO,1,SECO,1,DESPEJADO,0,0,0,4,0,14:20:00
-8130315.40163381,-4423852.26714465,390,-73.035866,-36.890481,1425429,2022,1,2022/03/02 00:00:00+00,8,REGION BIO BIO,8103,CHIGUAYANTE,32,COLISION LATERAL,30,COLISION,1,URBANA,2,TRAMO DE VIA CURVA HORIZONTAL,97,CAUSAS NO DETERMINADAS,13,CAUSAS NO DETERMINADAS,0,CAMINO A CHIGUAYANTE,0,0,- CAMINO A CHIGUAYANTE,5855,0,0,0,2,2,3,BIDIRECCIONAL CON BANDEJON,1,CONCRETO,1,BUENO,1,SECO,1,DESPEJADO,0,0,0,3,2,21:15:00
-8180865.54900719,-4628012.91844978,391,-73.489966,-38.343132,1425444,2022,1,2022/03/04 00:00:00+00,8,REGION BIO BIO,8207,TIRUA,50,CHOQUE,40,CHOQUE,1,URBANA,1,TRAMO DE VIA RECTA,27,CONDUCCION NO ATENTO CONDICIONES TRANSITO MOMENTO,1,IMPRUDENCIA DEL CONDUCTOR,0,EL ROBLE,0,SAN JAIME,EL ROBLE - SAN JAIME,0,0,0,0,1,0,1,UNIDIRECCIONAL,2,ASFALTO,1,BUENO,1,SECO,1,DESPEJADO,0,0,0,0,1,21:25:00
-8134201.43147402,-4410294.11944829,392,-73.070775,-36.793009,1425520,2022,1,2022/03/06 00:00:00+00,8,REGION BIO BIO,8112,HUALPEN,30,COLISION,30,COLISION,1,URBANA,1,TRAMO DE VIA RECTA,27,CONDUCCION NO ATENTO CONDICIONES TRANSITO MOMENTO,1,IMPRUDENCIA DEL CONDUCTOR,0,AUTOPISTA CONCEPCION TALCAHUANO,0,0,- AUTOPISTA CONCEPCION TALCAHUANO,8676,0,0,0,2,2,3,BIDIRECCIONAL CON BANDEJON,1,CONCRETO,1,BUENO,1,SECO,1,DESPEJADO,0,0,0,0,2,21:40:00
-8137164.96782597,-4410123.12513596,393,-73.097397,-36.791779,1425550,2022,1,2022/03/07 00:00:00+00,8,REGION BIO BIO,8112,HUALPEN,30,COLISION,30,COLISION,1,URBANA,16,CRUCE SIN SEÑALIZACION,32,NO RESPETAR DERECHO PREFERENTE DE PASO A VEHICULO,1,IMPRUDENCIA DEL CONDUCTOR,0,PATRIA NUEVA,0,TOSCANIA,PATRIA NUEVA - TOSCANIA,0,0,0,0,1,1,2,BIDIRECCIONAL,1,CONCRETO,1,BUENO,1,SECO,1,DESPEJADO,0,0,0,1,1,23:20:00
-8136727.05921308,-4410281.78930562,394,-73.093463,-36.792921,1425563,2022,1,2022/03/08 00:00:00+00,8,REGION BIO BIO,8112,HUALPEN,50,CHOQUE,40,CHOQUE,1,URBANA,16,CRUCE SIN SEÑALIZACION,24,CONDUCCION EN ESTADO DE EBRIEDAD,4,ALCOHOL EN CONDUCTOR,0,CORRAL,0,CARAMPANGUE,CARAMPANGUE - CORRAL,0,0,0,0,1,1,2,BIDIRECCIONAL,1,CONCRETO,1,BUENO,1,SECO,1,DESPEJADO,0,0,0,1,0,08:30:00
-8129427.29473626,-4428336.03283045,395,-73.027888,-36.922688,1425573,2022,1,2022/03/03 00:00:00+00,8,REGION BIO BIO,8103,CHIGUAYANTE,32,COLISION LATERAL,30,COLISION,1,URBANA,1,TRAMO DE VIA RECTA,97,CAUSAS NO DETERMINADAS,13,CAUSAS NO DETERMINADAS,0,COCHRANE,0,LA MARINA,COCHRANE - LA MARINA,0,0,0,0,1,1,2,BIDIRECCIONAL,1,CONCRETO,1,BUENO,1,SECO,1,DESPEJADO,0,0,0,0,2,13:10:00
-8135945.93034619,-4409115.98111293,396,-73.086446,-36.784534,1425580,2022,1,2022/03/08 00:00:00+00,8,REGION BIO BIO,8112,HUALPEN,50,CHOQUE,40,CHOQUE,1,URBANA,1,TRAMO DE VIA RECTA,27,CONDUCCION NO ATENTO CONDICIONES TRANSITO MOMENTO,1,IMPRUDENCIA DEL CONDUCTOR,0,CRISTOBAL COLON,0,0,- CRISTOBAL COLON,7601,0,0,0,2,2,2,BIDIRECCIONAL,1,CONCRETO,1,BUENO,1,SECO,1,DESPEJADO,0,0,0,0,1,21:05:00
-8057307.58226416,-4506713.3906825,397,-72.380026,-37.483478,1425586,2022,1,2022/03/06 00:00:00+00,8,REGION BIO BIO,8301,LOS ANGELES,32,COLISION LATERAL,30,COLISION,1,URBANA,15,CRUCE CON SEÑAL CEDA EL PASO,24,CONDUCCION EN ESTADO DE EBRIEDAD,4,ALCOHOL EN CONDUCTOR,0,COMPAÑIA DE MARIA,0,OCTAVIO JARA WOLF,COMPAÑIA DE MARIA - OCTAVIO JARA WOLF,0,0,0,0,1,0,1,UNIDIRECCIONAL,1,CONCRETO,1,BUENO,1,SECO,1,DESPEJADO,0,0,0,0,2,21:40:00
-8136930.21728378,-4410297.88660859,398,-73.095288,-36.793037,1425595,2022,1,2022/03/08 00:00:00+00,8,REGION BIO BIO,8112,HUALPEN,70,VOLCADURA,70,VOLCADURA,1,URBANA,14,CRUCE CON SEÑAL PARE,29,CONDUCCION CAMBIAR SORPRESIVAMENTE PISTA CIRCULACION,1,IMPRUDENCIA DEL CONDUCTOR,0,LA RECONQUISTA,0,LA RECONQUISTA,LA RECONQUISTA - LA RECONQUISTA,0,0,0,0,1,1,2,BIDIRECCIONAL,1,CONCRETO,1,BUENO,1,SECO,1,DESPEJADO,0,0,0,0,1,14:15:00
-8051284.36291606,-4506748.4337125,399,-72.325918,-37.483728,1425598,2022,1,2022/03/06 00:00:00+00,8,REGION BIO BIO,8301,LOS ANGELES,32,COLISION LATERAL,30,COLISION,1,URBANA,11,CRUCE CON SEMAFORO FUNCIONANDO,27,CONDUCCION NO ATENTO CONDICIONES TRANSITO MOMENTO,1,IMPRUDENCIA DEL CONDUCTOR,0,FRANCISCO ENCINA,0,LAS INDUSTRIAS,FRANCISCO ENCINA - LAS INDUSTRIAS,0,0,0,0,2,0,1,UNIDIRECCIONAL,1,CONCRETO,1,BUENO,1,SECO,2,NUBLADO,0,0,0,0,2,16:20:00
-8053411.05499597,-4507020.16847039,400,-72.345022,-37.485665,1425605,2022,1,2022/03/05 00:00:00+00,8,REGION BIO BIO,8301,LOS ANGELES,63,CHOQUE FRENTE/POSTERIOR,40,CHOQUE,1,URBANA,1,TRAMO DE VIA RECTA,24,CONDUCCION EN ESTADO DE EBRIEDAD,4,ALCOHOL EN CONDUCTOR,0,LOS CARRERA,0,RIO BIO BIO,LOS CARRERA - RIO BIO BIO,0,0,0,0,1,1,2,BIDIRECCIONAL,1,CONCRETO,1,BUENO,1,SECO,1,DESPEJADO,0,0,0,0,2,21:10:00
-8130477.03753444,-4423870.08307957,401,-73.037318,-36.890609,1425624,2022,1,2022/03/04 00:00:00+00,8,REGION BIO BIO,8103,CHIGUAYANTE,63,CHOQUE FRENTE/POSTERIOR,40,CHOQUE,1,URBANA,11,CRUCE CON SEMAFORO FUNCIONANDO,27,CONDUCCION NO ATENTO CONDICIONES TRANSITO MOMENTO,1,IMPRUDENCIA DEL CONDUCTOR,0,COSTANERA,0,PASCUAL BINIMELIS,COSTANERA - PASCUAL BINIMELIS,0,0,0,0,2,2,3,BIDIRECCIONAL CON BANDEJON,1,CONCRETO,1,BUENO,1,SECO,1,DESPEJADO,0,0,0,0,3,18:55:00
-8051336.03742368,-4505198.83851058,402,-72.326382,-37.472681,1432378,2022,1,2022/03/30 00:00:00+00,8,REGION BIO BIO,8301,LOS ANGELES,31,COLISION FRONTAL,30,COLISION,1,URBANA,1,TRAMO DE VIA RECTA,27,CONDUCCION NO ATENTO CONDICIONES TRANSITO MOMENTO,1,IMPRUDENCIA DEL CONDUCTOR,0,LAS INDUSTRIAS,0,GABRIELA MISTRAL,GABRIELA MISTRAL - LAS INDUSTRIAS,0,0,0,0,1,1,2,BIDIRECCIONAL,1,CONCRETO,1,BUENO,1,SECO,1,DESPEJADO,0,0,0,1,1,19:00:00
-8053918.23772797,-4504478.74865713,403,-72.349579,-37.467547,1432380,2022,1,2022/03/30 00:00:00+00,8,REGION BIO BIO,8301,LOS ANGELES,32,COLISION LATERAL,30,COLISION,1,URBANA,11,CRUCE CON SEMAFORO FUNCIONANDO,27,CONDUCCION NO ATENTO CONDICIONES TRANSITO MOMENTO,1,IMPRUDENCIA DEL CONDUCTOR,0,RENGO,0,ALMAGRO,ALMAGRO - RENGO,0,0,0,0,1,0,1,UNIDIRECCIONAL,1,CONCRETO,1,BUENO,1,SECO,1,DESPEJADO,0,0,0,1,1,22:30:00
-8133085.62055805,-4415011.17549971,404,-73.060751,-36.826935,1409607,2022,1,2022/01/02 00:00:00+00,8,REGION BIO BIO,8101,CONCEPCION,30,COLISION,30,COLISION,1,URBANA,12,CRUCE CON SEMAFORO APAGADO,24,CONDUCCION EN ESTADO DE EBRIEDAD,4,ALCOHOL EN CONDUCTOR,0,LOS CARRERA,0,ARTURO PRAT,ARTURO PRAT - LOS CARRERA,0,0,0,0,3,3,2,BIDIRECCIONAL,1,CONCRETO,1,BUENO,2,HUMEDO,3,LLUVIA,0,0,0,2,0,06:40:00
-8052979.50272601,-4505068.88486309,405,-72.341146,-37.471755,1432385,2022,1,2022/03/31 00:00:00+00,8,REGION BIO BIO,8301,LOS ANGELES,30,COLISION,30,COLISION,1,URBANA,11,CRUCE CON SEMAFORO FUNCIONANDO,27,CONDUCCION NO ATENTO CONDICIONES TRANSITO MOMENTO,1,IMPRUDENCIA DEL CONDUCTOR,0,RICARDO VICUÑA,0,BALMACEDA,BALMACEDA - RICARDO VICUÑA,0,0,0,0,2,0,1,UNIDIRECCIONAL,1,CONCRETO,1,BUENO,1,SECO,1,DESPEJADO,0,0,0,0,2,08:55:00
-8055214.73130944,-4503829.22346742,406,-72.361225,-37.462916,1432386,2022,1,2022/03/31 00:00:00+00,8,REGION BIO BIO,8301,LOS ANGELES,67,CHOQUE POSTERIOR/FRENTE,40,CHOQUE,1,URBANA,11,CRUCE CON SEMAFORO FUNCIONANDO,27,CONDUCCION NO ATENTO CONDICIONES TRANSITO MOMENTO,1,IMPRUDENCIA DEL CONDUCTOR,0,ALMAGRO,0,COLO COLO,ALMAGRO - COLO COLO,0,0,0,0,2,0,1,UNIDIRECCIONAL,1,CONCRETO,1,BUENO,1,SECO,1,DESPEJADO,0,0,0,0,2,14:45:00
-8053411.05499597,-4507020.16847039,407,-72.345022,-37.485665,1432388,2022,1,2022/03/31 00:00:00+00,8,REGION BIO BIO,8301,LOS ANGELES,33,COLISION POR ALCANCE,30,COLISION,1,URBANA,1,TRAMO DE VIA RECTA,27,CONDUCCION NO ATENTO CONDICIONES TRANSITO MOMENTO,1,IMPRUDENCIA DEL CONDUCTOR,0,LOS CARRERA,0,RIO BIO BIO,LOS CARRERA - RIO BIO BIO,0,0,0,0,2,0,1,UNIDIRECCIONAL,1,CONCRETO,1,BUENO,1,SECO,1,DESPEJADO,0,0,0,0,2,09:10:00
-8052398.38158822,-4507927.74628593,408,-72.335925,-37.492134,1432391,2022,1,2022/03/31 00:00:00+00,8,REGION BIO BIO,8301,LOS ANGELES,67,CHOQUE POSTERIOR/FRENTE,40,CHOQUE,1,URBANA,1,TRAMO DE VIA RECTA,27,CONDUCCION NO ATENTO CONDICIONES TRANSITO MOMENTO,1,IMPRUDENCIA DEL CONDUCTOR,0,4 PONIENTE,0,LAUQUEN,4 PONIENTE - LAUQUEN,0,0,0,0,1,1,2,BIDIRECCIONAL,2,ASFALTO,1,BUENO,1,SECO,1,DESPEJADO,0,0,0,0,2,12:10:00
-8143517.44796393,-4439083.18904017,409,-73.154462,-36.999831,1432401,2022,1,2022/03/23 00:00:00+00,8,REGION BIO BIO,8102,CORONEL,30,COLISION,30,COLISION,1,URBANA,1,TRAMO DE VIA RECTA,27,CONDUCCION NO ATENTO CONDICIONES TRANSITO MOMENTO,1,IMPRUDENCIA DEL CONDUCTOR,0,LOS CHIFLONES,0,ALCALDE SERGIO PICHOT,ALCALDE SERGIO PICHOT - LOS CHIFLONES,0,0,0,0,2,0,1,UNIDIRECCIONAL,1,CONCRETO,1,BUENO,1,SECO,1,DESPEJADO,0,1,0,0,1,15:00:00
-8130247.04033452,-4413380.52382325,410,-73.035252,-36.815209,1432446,2022,1,2022/03/14 00:00:00+00,8,REGION BIO BIO,8101,CONCEPCION,50,CHOQUE,40,CHOQUE,1,URBANA,1,TRAMO DE VIA RECTA,27,CONDUCCION NO ATENTO CONDICIONES TRANSITO MOMENTO,1,IMPRUDENCIA DEL CONDUCTOR,0,LAS HERAS,0,0,- LAS HERAS,2050,0,0,0,2,2,2,BIDIRECCIONAL,1,CONCRETO,1,BUENO,1,SECO,1,DESPEJADO,0,0,0,0,1,10:15:00
-8132184.01060627,-4412540.79297688,411,-73.052652,-36.80917,1432456,2022,1,2022/03/16 00:00:00+00,8,REGION BIO BIO,8101,CONCEPCION,30,COLISION,30,COLISION,1,URBANA,1,TRAMO DE VIA RECTA,29,CONDUCCION CAMBIAR SORPRESIVAMENTE PISTA CIRCULACION,1,IMPRUDENCIA DEL CONDUCTOR,0,JUAN DE DIOS RIVERA,0,0,- JUAN DE DIOS RIVERA,1200,0,0,0,2,2,2,BIDIRECCIONAL,1,CONCRETO,1,BUENO,1,SECO,1,DESPEJADO,0,0,0,0,2,08:00:00
-8132459.20351946,-4408989.87241792,412,-73.055124,-36.783626,1432465,2022,1,2022/03/16 00:00:00+00,8,REGION BIO BIO,8101,CONCEPCION,50,CHOQUE,40,CHOQUE,1,URBANA,1,TRAMO DE VIA RECTA,24,CONDUCCION EN ESTADO DE EBRIEDAD,4,ALCOHOL EN CONDUCTOR,0,RAMON CARRASCO,0,0,- RAMON CARRASCO,239,0,0,0,2,2,2,BIDIRECCIONAL,1,CONCRETO,1,BUENO,1,SECO,1,DESPEJADO,0,0,0,0,2,03:30:00
-8131883.11402265,-4412781.72233698,413,-73.049949,-36.810903,1432476,2022,1,2022/03/16 00:00:00+00,8,REGION BIO BIO,8101,CONCEPCION,10,ATROPELLO,10,ATROPELLO,1,URBANA,1,TRAMO DE VIA RECTA,31,NO RESPETAR DERECHO PREFERENTE DE PASO A PEATON,1,IMPRUDENCIA DEL CONDUCTOR,0,BRASIL,0,PAICAVI,BRASIL - PAICAVI,0,0,0,0,2,0,1,UNIDIRECCIONAL,1,CONCRETO,1,BUENO,1,SECO,1,DESPEJADO,0,1,0,0,1,11:30:00
-8129660.39774998,-4411742.98976386,414,-73.029982,-36.803432,1432526,2022,1,2022/03/17 00:00:00+00,8,REGION BIO BIO,8101,CONCEPCION,30,COLISION,30,COLISION,1,URBANA,1,TRAMO DE VIA RECTA,27,CONDUCCION NO ATENTO CONDICIONES TRANSITO MOMENTO,1,IMPRUDENCIA DEL CONDUCTOR,0,ANDALIEN,0,CAMILO HENRIQUEZ,ANDALIEN - CAMILO HENRIQUEZ,0,0,0,0,2,2,2,BIDIRECCIONAL,1,CONCRETO,1,BUENO,1,SECO,1,DESPEJADO,0,0,0,0,2,19:00:00