X,Y,FID,POINT_X,POINT_Y,Idaccident,Año,Claseaccid,Fecha,Cód_Regi,Región,Cód_Comun,Comuna,Cód_Tipo,Tipo_Accid,Cód_Tip_1,Tipo__CONA,Cód_Zona,Zona,Cód_Ubica,Ubicación,Cód_Causa,Causa,Cód_Cau_1,Causa__CON,Cód_Calle,Calle_Uno,Cód_Cal_1,Calle_Dos,Intersecci,Número,Ruta,Cód_Ruta,Ubicaci_1,Pistas_de,Pistas_d_1,Cód_Calza,Calzada,Cód__Tipo,Tipo_Calza,Cód_Estad,Estado_Cal,Cód_Condi,Condición,Cód_Est_1,Estado_Atm,Fallecidos,Graves,Menos_Grav,Leves,Ilesos,Hora_1
-8139668.96618797,-4415691.57524737,553,-73.11989,-36.831828,1434962,2022,1,2022/04/07 00:00:00+00,8,REGION BIO BIO,8108,SAN PEDRO DE LA PAZ,32,COLISION LATERAL,30,COLISION,1,URBANA,16,CRUCE SIN SEÑALIZACION,28,CONDUCCION SIN MANTENER DISTANCIA RAZONABLE NI PRUDENTE,1,IMPRUDENCIA DEL CONDUCTOR,0,LOS ABETOS,0,PASAJE VEINTINUEVE,LOS ABETOS - PASAJE VEINTINUEVE,0,0,0,0,1,1,2,BIDIRECCIONAL,1,CONCRETO,1,BUENO,1,SECO,1,DESPEJADO,0,1,0,1,1,22:20:00
-8139592.87931601,-4416355.7729284,554,-73.119207,-36.836603,1434969,2022,1,2022/04/08 00:00:00+00,8,REGION BIO BIO,8108,SAN PEDRO DE LA PAZ,31,COLISION FRONTAL,30,COLISION,1,URBANA,1,TRAMO DE VIA RECTA,23,CONDUCCION CONTRA SENTIDO DEL TRANSITO,1,IMPRUDENCIA DEL CONDUCTOR,0,DIAGONAL BIO BIO,0,LAS TORCAZAS,DIAGONAL BIO BIO - LAS TORCAZAS,0,0,0,0,1,1,2,BIDIRECCIONAL,1,CONCRETO,1,BUENO,1,SECO,1,DESPEJADO,0,0,1,0,0,21:00:00
-8135630.91845114,-4410264.37143958,555,-73.083616,-36.792795,1434970,2022,1,2022/04/08 00:00:00+00,8,REGION BIO BIO,8112,HUALPEN,30,COLISION,30,COLISION,1,URBANA,1,TRAMO DE VIA RECTA,24,CONDUCCION EN ESTADO DE EBRIEDAD,4,ALCOHOL EN CONDUCTOR,0,ARTEAGA ALEMPARTE,0,0,- ARTEAGA ALEMPARTE,8057,0,0,0,1,1,2,BIDIRECCIONAL,1,CONCRETO,1,BUENO,1,SECO,1,DESPEJADO,0,0,0,2,0,22:15:00
-8130477.03753444,-4423870.08307957,556,-73.037318,-36.890609,1434974,2022,1,2022/04/09 00:00:00+00,8,REGION BIO BIO,8103,CHIGUAYANTE,32,COLISION LATERAL,30,COLISION,1,URBANA,11,CRUCE CON SEMAFORO FUNCIONANDO,97,CAUSAS NO DETERMINADAS,13,CAUSAS NO DETERMINADAS,0,COSTANERA,0,PASCUAL BINIMELIS,COSTANERA - PASCUAL BINIMELIS,0,0,0,0,2,2,3,BIDIRECCIONAL CON BANDEJON,1,CONCRETO,1,BUENO,1,SECO,2,NUBLADO,0,0,0,0,2,06:40:00
-8128754.62444925,-4431614.63222752,557,-73.021845,-36.94623,1434990,2022,1,2022/04/09 00:00:00+00,8,REGION BIO BIO,8103,CHIGUAYANTE,65,CHOQUE LADO/LADO,40,CHOQUE,1,URBANA,1,TRAMO DE VIA RECTA,27,CONDUCCION NO ATENTO CONDICIONES TRANSITO MOMENTO,1,IMPRUDENCIA DEL CONDUCTOR,0,COQUIMBO,0,0,- COQUIMBO,380,0,0,0,1,1,2,BIDIRECCIONAL,1,CONCRETO,1,BUENO,3,MOJADO,2,NUBLADO,0,0,0,0,2,14:00:00
-8129430.36715421,-4427386.01621747,558,-73.027916,-36.915866,1435010,2022,1,2022/04/09 00:00:00+00,8,REGION BIO BIO,8103,CHIGUAYANTE,32,COLISION LATERAL,30,COLISION,1,URBANA,1,TRAMO DE VIA RECTA,27,CONDUCCION NO ATENTO CONDICIONES TRANSITO MOMENTO,1,IMPRUDENCIA DEL CONDUCTOR,0,COSTANERA,0,8 ORIENTE,8 ORIENTE - COSTANERA,0,0,0,0,2,2,3,BIDIRECCIONAL CON BANDEJON,1,CONCRETO,1,BUENO,2,HUMEDO,2,NUBLADO,0,0,0,0,2,15:30:00
-8128418.71788578,-4430884.92401034,559,-73.018828,-36.940991,1435026,2022,1,2022/04/09 00:00:00+00,8,REGION BIO BIO,8103,CHIGUAYANTE,33,COLISION POR ALCANCE,30,COLISION,1,URBANA,26,OTROS NO CONSIDERADOS,27,CONDUCCION NO ATENTO CONDICIONES TRANSITO MOMENTO,1,IMPRUDENCIA DEL CONDUCTOR,0,MANUEL RODRIGUEZ,0,0,- MANUEL RODRIGUEZ,2150,0,0,0,2,2,3,BIDIRECCIONAL CON BANDEJON,1,CONCRETO,1,BUENO,2,HUMEDO,2,NUBLADO,0,0,0,0,2,18:00:00
-8128971.5638729,-4429041.12657016,560,-73.023794,-36.927752,1435034,2022,1,2022/04/07 00:00:00+00,8,REGION BIO BIO,8103,CHIGUAYANTE,70,VOLCADURA,70,VOLCADURA,1,URBANA,1,TRAMO DE VIA RECTA,24,CONDUCCION EN ESTADO DE EBRIEDAD,4,ALCOHOL EN CONDUCTOR,0,MANUEL RODRIGUEZ,0,0,- MANUEL RODRIGUEZ,725,0,0,0,2,2,3,BIDIRECCIONAL CON BANDEJON,1,CONCRETO,1,BUENO,1,SECO,1,DESPEJADO,0,1,0,0,0,03:00:00
-8056993.8171474,-4503447.38392992,561,-72.377207,-37.460193,1435035,2022,1,2022/04/08 00:00:00+00,8,REGION BIO BIO,8301,LOS ANGELES,40,IMPACTO CON ANIMAL,99,OTRO TIPO,1,URBANA,1,TRAMO DE VIA RECTA,92,ANIMALES SUELTOS VIA PUBLICA,11,DEFICIENCIAS VIALES,0,NELTUME,0,LAS TRANCAS,LAS TRANCAS - NELTUME,0,0,0,0,1,1,2,BIDIRECCIONAL,5,RIPIO,3,MALO,0,0,1,DESPEJADO,0,0,0,1,0,23:55:00
-8052526.32107899,-4507520.43417069,562,-72.337075,-37.489231,1435057,2022,1,2022/04/08 00:00:00+00,8,REGION BIO BIO,8301,LOS ANGELES,10,ATROPELLO,10,ATROPELLO,1,URBANA,16,CRUCE SIN SEÑALIZACION,27,CONDUCCION NO ATENTO CONDICIONES TRANSITO MOMENTO,1,IMPRUDENCIA DEL CONDUCTOR,0,ISLA GRANADA,0,LOS INCAS,ISLA GRANADA - LOS INCAS,0,0,0,0,2,0,1,UNIDIRECCIONAL,2,ASFALTO,1,BUENO,1,SECO,1,DESPEJADO,0,0,0,1,1,17:00:00
-8017091.32340866,-4532538.32429257,563,-72.018757,-37.667341,1435071,2022,1,2022/04/09 00:00:00+00,8,REGION BIO BIO,8311,SANTA BARBARA,10,ATROPELLO,10,ATROPELLO,1,URBANA,14,CRUCE CON SEÑAL PARE,56,PEATON CRUZA CAMINO O CARRETERA SIN ADOPTAR PRECAUCIONES,2,IMPRUDENCIA DEL PEATON,0,CAMILO HENRIQUEZ,0,LAS ROSAS,CAMILO HENRIQUEZ - LAS ROSAS,0,0,0,0,1,1,2,BIDIRECCIONAL,1,CONCRETO,1,BUENO,1,SECO,1,DESPEJADO,0,0,0,1,0,08:40:00
-8131182.63612684,-4414007.28182355,564,-73.043656,-36.819716,1435073,2022,1,2022/03/26 00:00:00+00,8,REGION BIO BIO,8101,CONCEPCION,30,COLISION,30,COLISION,1,URBANA,1,TRAMO DE VIA RECTA,27,CONDUCCION NO ATENTO CONDICIONES TRANSITO MOMENTO,1,IMPRUDENCIA DEL CONDUCTOR,0,LOS CARRERA,0,PAICAVI,LOS CARRERA - PAICAVI,0,0,0,0,2,2,2,BIDIRECCIONAL,2,ASFALTO,1,BUENO,1,SECO,1,DESPEJADO,0,0,0,1,1,21:45:00
-8052415.14630354,-4507644.04875013,565,-72.336076,-37.490112,1435090,2022,1,2022/04/08 00:00:00+00,8,REGION BIO BIO,8301,LOS ANGELES,10,ATROPELLO,10,ATROPELLO,1,URBANA,1,TRAMO DE VIA RECTA,27,CONDUCCION NO ATENTO CONDICIONES TRANSITO MOMENTO,1,IMPRUDENCIA DEL CONDUCTOR,0,TOLPAN,0,0,- TOLPAN,1,0,0,0,1,1,2,BIDIRECCIONAL,5,RIPIO,3,MALO,0,0,1,DESPEJADO,0,0,0,1,1,19:50:00
-8056958.60679247,-4504026.94347192,566,-72.376891,-37.464326,1435093,2022,1,2022/04/09 00:00:00+00,8,REGION BIO BIO,8301,LOS ANGELES,32,COLISION LATERAL,30,COLISION,1,URBANA,14,CRUCE CON SEÑAL PARE,27,CONDUCCION NO ATENTO CONDICIONES TRANSITO MOMENTO,1,IMPRUDENCIA DEL CONDUCTOR,0,BOMBERO FRANCISCO RIOSECO,0,ESTANISLAO ANGUITA,BOMBERO FRANCISCO RIOSECO - ESTANISLAO ANGUITA,0,0,0,0,2,2,3,BIDIRECCIONAL CON BANDEJON,2,ASFALTO,1,BUENO,2,HUMEDO,4,LLOVIZNA,0,0,0,1,1,14:55:00
-8051980.69972682,-4501335.58988495,567,-72.332173,-37.445133,1435101,2022,1,2022/04/09 00:00:00+00,8,REGION BIO BIO,8301,LOS ANGELES,32,COLISION LATERAL,30,COLISION,1,URBANA,1,TRAMO DE VIA RECTA,24,CONDUCCION EN ESTADO DE EBRIEDAD,4,ALCOHOL EN CONDUCTOR,0,SOR VICENTA,0,LAGUNA VERDE,LAGUNA VERDE - SOR VICENTA,0,0,0,0,2,2,3,BIDIRECCIONAL CON BANDEJON,1,CONCRETO,1,BUENO,1,SECO,2,NUBLADO,0,0,0,1,1,05:50:00
-8052247.15405998,-4501916.84157689,568,-72.334567,-37.449279,1435110,2022,1,2022/04/09 00:00:00+00,8,REGION BIO BIO,8301,LOS ANGELES,51,CHOQUE FRONTAL,40,CHOQUE,1,URBANA,1,TRAMO DE VIA RECTA,27,CONDUCCION NO ATENTO CONDICIONES TRANSITO MOMENTO,1,IMPRUDENCIA DEL CONDUCTOR,0,NIEVES VASQUEZ,0,SELVA NEGRA,NIEVES VASQUEZ - SELVA NEGRA,0,0,0,0,1,0,1,UNIDIRECCIONAL,1,CONCRETO,1,BUENO,3,MOJADO,3,LLUVIA,0,0,0,1,0,15:45:00
-8137236.65757804,-4408889.06159217,569,-73.098041,-36.782901,1435195,2022,1,2022/04/10 00:00:00+00,8,REGION BIO BIO,8112,HUALPEN,30,COLISION,30,COLISION,1,URBANA,1,TRAMO DE VIA RECTA,24,CONDUCCION EN ESTADO DE EBRIEDAD,4,ALCOHOL EN CONDUCTOR,0,PALERMO,0,0,- PALERMO,2858,0,0,0,1,1,2,BIDIRECCIONAL,1,CONCRETO,1,BUENO,1,SECO,1,DESPEJADO,0,0,0,0,2,18:00:00
-8132798.68343858,-4410962.2760577,570,-73.058174,-36.797816,1435202,2022,1,2022/03/27 00:00:00+00,8,REGION BIO BIO,8101,CONCEPCION,30,COLISION,30,COLISION,1,URBANA,2,TRAMO DE VIA CURVA HORIZONTAL,27,CONDUCCION NO ATENTO CONDICIONES TRANSITO MOMENTO,1,IMPRUDENCIA DEL CONDUCTOR,0,ALONSO DE RIBERA,0,VICUÑA MACKENNA,ALONSO DE RIBERA - VICUÑA MACKENNA,0,0,0,0,2,2,2,BIDIRECCIONAL,1,CONCRETO,1,BUENO,1,SECO,1,DESPEJADO,0,0,0,0,4,17:00:00
-8133527.10252659,-4415440.87243868,571,-73.064717,-36.830025,1435204,2022,1,2022/04/11 00:00:00+00,8,REGION BIO BIO,8101,CONCEPCION,30,COLISION,30,COLISION,1,URBANA,1,TRAMO DE VIA RECTA,28,CONDUCCION SIN MANTENER DISTANCIA RAZONABLE NI PRUDENTE,1,IMPRUDENCIA DEL CONDUCTOR,0,LOS CARRERA,0,COSTANERA,COSTANERA - LOS CARRERA,0,0,0,0,1,1,2,BIDIRECCIONAL,1,CONCRETO,1,BUENO,1,SECO,1,DESPEJADO,0,0,0,0,2,10:30:00
-8136073.49135069,-4403070.86462336,572,-73.087592,-36.74103,1435209,2022,1,2022/04/11 00:00:00+00,8,REGION BIO BIO,8110,TALCAHUANO,50,CHOQUE,40,CHOQUE,1,URBANA,1,TRAMO DE VIA RECTA,27,CONDUCCION NO ATENTO CONDICIONES TRANSITO MOMENTO,1,IMPRUDENCIA DEL CONDUCTOR,0,CALLE A,0,0,- CALLE A,909,0,0,0,1,1,2,BIDIRECCIONAL,1,CONCRETO,1,BUENO,1,SECO,1,DESPEJADO,0,0,0,0,2,00:30:00
-8133225.46010238,-4414733.88506227,573,-73.062007,-36.824941,1435210,2022,1,2022/03/27 00:00:00+00,8,REGION BIO BIO,8101,CONCEPCION,30,COLISION,30,COLISION,1,URBANA,1,TRAMO DE VIA RECTA,32,NO RESPETAR DERECHO PREFERENTE DE PASO A VEHICULO,1,IMPRUDENCIA DEL CONDUCTOR,0,ARTURO PRAT,0,ROZAS,ARTURO PRAT - ROZAS,0,0,0,0,2,2,2,BIDIRECCIONAL,1,CONCRETO,1,BUENO,1,SECO,1,DESPEJADO,0,0,0,2,1,12:40:00
-8054418.21808892,-4506403.61988182,574,-72.35407,-37.48127,1435250,2022,1,2022/04/10 00:00:00+00,8,REGION BIO BIO,8301,LOS ANGELES,51,CHOQUE FRONTAL,40,CHOQUE,1,URBANA,5,PUENTE,21,CONDUCCION BAJO LA INFLUENCIA DEL ALCOHOL,4,ALCOHOL EN CONDUCTOR,0,VICUÑA MACKENNA,0,0,- VICUÑA MACKENNA,440,0,0,0,1,1,2,BIDIRECCIONAL,2,ASFALTO,1,BUENO,3,MOJADO,1,DESPEJADO,0,0,0,1,0,02:50:00
-8094601.87146556,-4477505.04897563,575,-72.715046,-37.27498,1435263,2022,1,2022/04/02 00:00:00+00,8,REGION BIO BIO,8304,LAJA,63,CHOQUE FRENTE/POSTERIOR,40,CHOQUE,1,URBANA,1,TRAMO DE VIA RECTA,27,CONDUCCION NO ATENTO CONDICIONES TRANSITO MOMENTO,1,IMPRUDENCIA DEL CONDUCTOR,0,GABRIELA MISTRAL,0,0,- GABRIELA MISTRAL,514,0,0,0,1,1,2,BIDIRECCIONAL,2,ASFALTO,1,BUENO,1,SECO,1,DESPEJADO,0,0,0,0,2,20:00:00
-8053669.50545775,-4507250.62246171,576,-72.347344,-37.487308,1435265,2022,1,2022/04/10 00:00:00+00,8,REGION BIO BIO,8301,LOS ANGELES,32,COLISION LATERAL,30,COLISION,1,URBANA,14,CRUCE CON SEÑAL PARE,65,SEÑALIZACION DESOBEDECER SEÑAL PARE,10,DESOBEDIENCIA A SEÑALIZACION,0,RIO BIO BIO,0,RIO CHOLGUAGUE,RIO BIO BIO - RIO CHOLGUAGUE,0,0,0,0,1,0,1,UNIDIRECCIONAL,1,CONCRETO,1,BUENO,1,SECO,1,DESPEJADO,0,1,0,0,1,18:45:00
-8199032.16632796,-4524282.18070907,577,-73.653159,-37.60861,1435266,2022,1,2022/04/07 00:00:00+00,8,REGION BIO BIO,8201,LEBU,32,COLISION LATERAL,30,COLISION,1,URBANA,1,TRAMO DE VIA RECTA,27,CONDUCCION NO ATENTO CONDICIONES TRANSITO MOMENTO,1,IMPRUDENCIA DEL CONDUCTOR,0,CARRERA,0,RIOSECO,CARRERA - RIOSECO,0,0,0,0,1,0,1,UNIDIRECCIONAL,2,ASFALTO,1,BUENO,3,MOJADO,3,LLUVIA,0,0,0,0,2,14:00:00
-8133126.10745685,-4415065.7610827,578,-73.061115,-36.827328,1435288,2022,1,2022/03/27 00:00:00+00,8,REGION BIO BIO,8103,CHIGUAYANTE,30,COLISION,30,COLISION,1,URBANA,11,CRUCE CON SEMAFORO FUNCIONANDO,24,CONDUCCION EN ESTADO DE EBRIEDAD,4,ALCOHOL EN CONDUCTOR,0,LOS CARRERA,0,ARTURO PRAT,ARTURO PRAT - LOS CARRERA,0,0,0,0,2,2,2,BIDIRECCIONAL,1,CONCRETO,1,BUENO,1,SECO,1,DESPEJADO,0,0,0,1,1,02:00:00
-8054541.60461252,-4504718.82454081,579,-72.355178,-37.469259,1435296,2022,1,2022/04/11 00:00:00+00,8,REGION BIO BIO,8301,LOS ANGELES,32,COLISION LATERAL,30,COLISION,1,URBANA,11,CRUCE CON SEMAFORO FUNCIONANDO,27,CONDUCCION NO ATENTO CONDICIONES TRANSITO MOMENTO,1,IMPRUDENCIA DEL CONDUCTOR,0,ERCILLA,0,LAUTARO,ERCILLA - LAUTARO,0,0,0,0,2,0,1,UNIDIRECCIONAL,1,CONCRETO,1,BUENO,1,SECO,1,DESPEJADO,0,0,1,1,0,07:45:00
-8142495.06749659,-4442756.55619489,580,-73.145278,-37.02618,1435341,2022,1,2022/04/02 00:00:00+00,8,REGION BIO BIO,8102,CORONEL,30,COLISION,30,COLISION,1,URBANA,1,TRAMO DE VIA RECTA,24,CONDUCCION EN ESTADO DE EBRIEDAD,4,ALCOHOL EN CONDUCTOR,0,SANTIAGO STEEL,0,0,- SANTIAGO STEEL,71,0,0,0,1,1,2,BIDIRECCIONAL,2,ASFALTO,1,BUENO,1,SECO,1,DESPEJADO,0,0,0,0,2,02:45:00
-8129806.14835928,-4413062.20168146,581,-73.031291,-36.81292,1435405,2022,1,2022/03/29 00:00:00+00,8,REGION BIO BIO,8101,CONCEPCION,30,COLISION,30,COLISION,1,URBANA,1,TRAMO DE VIA RECTA,27,CONDUCCION NO ATENTO CONDICIONES TRANSITO MOMENTO,1,IMPRUDENCIA DEL CONDUCTOR,0,LORENZO ARENAS,0,BAQUEDANO,BAQUEDANO - LORENZO ARENAS,0,0,0,0,2,2,2,BIDIRECCIONAL,1,CONCRETO,1,BUENO,1,SECO,1,DESPEJADO,0,0,0,0,2,09:00:00
-8128465.93961377,-4432753.23884865,582,-73.019252,-36.954404,1435416,2022,1,2022/03/30 00:00:00+00,8,REGION BIO BIO,8103,CHIGUAYANTE,50,CHOQUE,40,CHOQUE,1,URBANA,1,TRAMO DE VIA RECTA,27,CONDUCCION NO ATENTO CONDICIONES TRANSITO MOMENTO,1,IMPRUDENCIA DEL CONDUCTOR,0,CALLE A,0,0,- CALLE A,909,0,0,0,2,2,2,BIDIRECCIONAL,1,CONCRETO,1,BUENO,1,SECO,1,DESPEJADO,0,0,0,0,2,18:00:00
-8143775.29730046,-4432677.13755881,583,-73.156778,-36.953858,1435420,2022,1,2022/04/02 00:00:00+00,8,REGION BIO BIO,8102,CORONEL,31,COLISION FRONTAL,30,COLISION,1,URBANA,1,TRAMO DE VIA RECTA,24,CONDUCCION EN ESTADO DE EBRIEDAD,4,ALCOHOL EN CONDUCTOR,0,GALVARINO,0,PASAJE DOS,GALVARINO - PASAJE DOS,0,0,0,0,1,1,2,BIDIRECCIONAL,5,RIPIO,2,REGULAR,0,0,1,DESPEJADO,0,0,0,2,0,13:08:00
-8136645.53994997,-4404614.15951074,584,-73.092731,-36.752138,1435423,2022,1,2022/04/08 00:00:00+00,8,REGION BIO BIO,8110,TALCAHUANO,32,COLISION LATERAL,30,COLISION,1,URBANA,11,CRUCE CON SEMAFORO FUNCIONANDO,62,SEÑALIZACION DESOBEDECER LUZ ROJA DE SEMAFORO,10,DESOBEDIENCIA A SEÑALIZACION,0,CRISTOBAL COLON,0,0,- CRISTOBAL COLON,4990,0,0,0,1,1,3,BIDIRECCIONAL CON BANDEJON,1,CONCRETO,1,BUENO,1,SECO,1,DESPEJADO,0,0,0,0,2,17:20:00
-8133085.62055805,-4415011.17549971,585,-73.060751,-36.826935,1435441,2022,1,2022/03/30 00:00:00+00,8,REGION BIO BIO,8101,CONCEPCION,30,COLISION,30,COLISION,1,URBANA,11,CRUCE CON SEMAFORO FUNCIONANDO,98,OTRAS CAUSAS,14,OTRAS CAUSAS,0,ARTURO PRAT,0,LOS CARRERA,ARTURO PRAT - LOS CARRERA,0,0,0,0,2,2,2,BIDIRECCIONAL,1,CONCRETO,1,BUENO,1,SECO,1,DESPEJADO,0,0,0,0,2,20:30:00
-8136087.8738289,-4403676.08055213,586,-73.087721,-36.745386,1435454,2022,1,2022/04/09 00:00:00+00,8,REGION BIO BIO,8110,TALCAHUANO,32,COLISION LATERAL,30,COLISION,1,URBANA,1,TRAMO DE VIA RECTA,91,VIRAJES INDEBIDOS,1,IMPRUDENCIA DEL CONDUCTOR,0,ALMIRANTE NEFF,0,0,- ALMIRANTE NEFF,3621,0,0,0,1,1,2,BIDIRECCIONAL,1,CONCRETO,1,BUENO,1,SECO,1,DESPEJADO,0,0,0,0,2,20:50:00
-8132380.24460464,-4414297.47216788,587,-73.054415,-36.821803,1435456,2022,1,2022/03/30 00:00:00+00,8,REGION BIO BIO,8101,CONCEPCION,30,COLISION,30,COLISION,1,URBANA,1,TRAMO DE VIA RECTA,28,CONDUCCION SIN MANTENER DISTANCIA RAZONABLE NI PRUDENTE,1,IMPRUDENCIA DEL CONDUCTOR,0,CAUPOLICAN,0,ROZAS,CAUPOLICAN - ROZAS,0,0,0,0,2,0,1,UNIDIRECCIONAL,1,CONCRETO,1,BUENO,1,SECO,1,DESPEJADO,0,0,0,0,2,18:30:00
-8132578.80518037,-4411515.91694133,588,-73.056198,-36.801798,1435468,2022,1,2022/03/21 00:00:00+00,8,REGION BIO BIO,8101,CONCEPCION,10,ATROPELLO,10,ATROPELLO,1,URBANA,11,CRUCE CON SEMAFORO FUNCIONANDO,31,NO RESPETAR DERECHO PREFERENTE DE PASO A PEATON,1,IMPRUDENCIA DEL CONDUCTOR,0,PAICAVI,0,NUEVA,NUEVA - PAICAVI,0,0,0,0,2,2,2,BIDIRECCIONAL,1,CONCRETO,1,BUENO,1,SECO,1,DESPEJADO,0,0,1,0,1,12:40:00
-8128707.71441583,-4429425.46310891,589,-73.021424,-36.930512,1435479,2022,1,2022/01/21 00:00:00+00,8,REGION BIO BIO,8103,CHIGUAYANTE,30,COLISION,30,COLISION,1,URBANA,15,CRUCE CON SEÑAL CEDA EL PASO,64,SEÑALIZACION DESOBEDECER SEÑAL CEDA EL PASO,10,DESOBEDIENCIA A SEÑALIZACION,0,MANUEL RODRIGUEZ,0,ANGOL,ANGOL - MANUEL RODRIGUEZ,0,0,0,0,2,2,2,BIDIRECCIONAL,1,CONCRETO,1,BUENO,1,SECO,1,DESPEJADO,0,0,0,0,2,12:45:00
-8134407.84007384,-4411655.69412852,590,-73.072629,-36.802804,1435510,2022,1,2022/02/03 00:00:00+00,8,REGION BIO BIO,8101,CONCEPCION,99,OTRO TIPO,99,OTRO TIPO,1,URBANA,1,TRAMO DE VIA RECTA,95,PERDIDA CONTROL VEHICULO,9,PERDIDA CONTROL VEHICULO,0,JORGE ALESSANDRI,0,PAICAVI,JORGE ALESSANDRI - PAICAVI,0,0,0,0,3,3,2,BIDIRECCIONAL,1,CONCRETO,1,BUENO,1,SECO,1,DESPEJADO,0,1,0,0,0,06:30:00
-8093400.46699313,-4477437.35417361,591,-72.704253,-37.274496,1435560,2022,1,2022/04/06 00:00:00+00,8,REGION BIO BIO,8304,LAJA,69,CHOQUE POSTERIOR/POSTERIOR,40,CHOQUE,1,URBANA,1,TRAMO DE VIA RECTA,27,CONDUCCION NO ATENTO CONDICIONES TRANSITO MOMENTO,1,IMPRUDENCIA DEL CONDUCTOR,0,LOS GUINDOS,0,0,- LOS GUINDOS,56,0,0,0,1,1,2,BIDIRECCIONAL,2,ASFALTO,1,BUENO,1,SECO,1,DESPEJADO,0,0,0,0,2,00:30:00
-8132926.95688782,-4411130.73977006,592,-73.059326,-36.799028,1435590,2022,1,2022/04/12 00:00:00+00,8,REGION BIO BIO,8101,CONCEPCION,30,COLISION,30,COLISION,1,URBANA,21,ENLACE A NIVEL,28,CONDUCCION SIN MANTENER DISTANCIA RAZONABLE NI PRUDENTE,1,IMPRUDENCIA DEL CONDUCTOR,0,PAICAVI,0,GENERAL BONILLA,GENERAL BONILLA - PAICAVI,0,0,0,0,2,2,3,BIDIRECCIONAL CON BANDEJON,1,CONCRETO,1,BUENO,1,SECO,1,DESPEJADO,0,0,0,0,2,18:45:00
-8139398.00341543,-4408757.02072951,593,-73.117456,-36.781951,1435596,2022,1,2022/04/12 00:00:00+00,8,REGION BIO BIO,8112,HUALPEN,50,CHOQUE,40,CHOQUE,1,URBANA,14,CRUCE CON SEÑAL PARE,27,CONDUCCION NO ATENTO CONDICIONES TRANSITO MOMENTO,1,IMPRUDENCIA DEL CONDUCTOR,0,COSTANERA,0,YUGOSLAVIA,COSTANERA - YUGOSLAVIA,0,0,0,0,2,2,3,BIDIRECCIONAL CON BANDEJON,1,CONCRETO,1,BUENO,1,SECO,1,DESPEJADO,0,0,0,0,2,07:30:00
-8138430.4700612,-4410042.70968839,594,-73.108765,-36.791201,1435623,2022,1,2022/04/02 00:00:00+00,8,REGION BIO BIO,8110,TALCAHUANO,63,CHOQUE FRENTE/POSTERIOR,40,CHOQUE,1,URBANA,1,TRAMO DE VIA RECTA,28,CONDUCCION SIN MANTENER DISTANCIA RAZONABLE NI PRUDENTE,1,IMPRUDENCIA DEL CONDUCTOR,0,GRAN BRETAÑA,0,0,- GRAN BRETAÑA,3795,0,0,0,1,1,3,BIDIRECCIONAL CON BANDEJON,1,CONCRETO,1,BUENO,1,SECO,1,DESPEJADO,0,0,0,0,2,20:25:00
-8052215.33894951,-4505462.86047169,595,-72.334281,-37.474563,1435663,2022,1,2022/04/11 00:00:00+00,8,REGION BIO BIO,8301,LOS ANGELES,51,CHOQUE FRONTAL,40,CHOQUE,1,URBANA,1,TRAMO DE VIA RECTA,25,"CONDICIONES FISICAS DEFICIENTES (CANSANCIO, SUEÑO)",8,DROGAS Y/O FATIGA EN CONDUCTOR,0,GABRIELA MISTRAL,0,0,- GABRIELA MISTRAL,1306,0,0,0,1,0,1,UNIDIRECCIONAL,1,CONCRETO,1,BUENO,1,SECO,1,DESPEJADO,0,0,0,1,0,08:30:00
-8089659.50871333,-4509146.5924459,596,-72.670648,-37.500821,1435674,2022,1,2022/04/09 00:00:00+00,8,REGION BIO BIO,8306,NACIMIENTO,30,COLISION,30,COLISION,1,URBANA,1,TRAMO DE VIA RECTA,27,CONDUCCION NO ATENTO CONDICIONES TRANSITO MOMENTO,1,IMPRUDENCIA DEL CONDUCTOR,0,O'HIGGINS,0,0,- O'HIGGINS,416,0,0,0,2,0,1,UNIDIRECCIONAL,1,CONCRETO,2,REGULAR,3,MOJADO,3,LLUVIA,0,0,0,0,2,15:15:00
-8128550.87638525,-4430306.44409362,597,-73.020015,-36.936838,1435677,2022,1,2022/04/11 00:00:00+00,8,REGION BIO BIO,8103,CHIGUAYANTE,51,CHOQUE FRONTAL,40,CHOQUE,1,URBANA,1,TRAMO DE VIA RECTA,97,CAUSAS NO DETERMINADAS,13,CAUSAS NO DETERMINADAS,0,MANUEL RODRIGUEZ,0,BIO BIO,BIO BIO - MANUEL RODRIGUEZ,0,0,0,0,2,2,3,BIDIRECCIONAL CON BANDEJON,1,CONCRETO,1,BUENO,2,HUMEDO,2,NUBLADO,0,0,0,0,1,03:00:00
-8051340.77963399,-4504250.48741131,598,-72.326425,-37.46592,1435691,2022,1,2022/04/11 00:00:00+00,8,REGION BIO BIO,8301,LOS ANGELES,30,COLISION,30,COLISION,1,URBANA,15,CRUCE CON SEÑAL CEDA EL PASO,27,CONDUCCION NO ATENTO CONDICIONES TRANSITO MOMENTO,1,IMPRUDENCIA DEL CONDUCTOR,0,LAS INDUSTRIAS,0,0,- LAS INDUSTRIAS,8083,0,0,0,2,0,1,UNIDIRECCIONAL,2,ASFALTO,1,BUENO,1,SECO,1,DESPEJADO,0,0,0,1,1,10:15:00
-8129428.51925066,-4429584.72196596,599,-73.027899,-36.931655,1435693,2022,1,2022/04/12 00:00:00+00,8,REGION BIO BIO,8103,CHIGUAYANTE,65,CHOQUE LADO/LADO,40,CHOQUE,1,URBANA,1,TRAMO DE VIA RECTA,27,CONDUCCION NO ATENTO CONDICIONES TRANSITO MOMENTO,1,IMPRUDENCIA DEL CONDUCTOR,0,FRAGATA ESMERALDA,0,0,- FRAGATA ESMERALDA,375,0,0,0,1,1,2,BIDIRECCIONAL,1,CONCRETO,1,BUENO,1,SECO,1,DESPEJADO,0,0,0,0,2,11:00:00