X,Y,FID,POINT_X,POINT_Y,Idaccident,Año,Claseaccid,Fecha,Cód_Regi,Región,Cód_Comun,Comuna,Cód_Tipo,Tipo_Accid,Cód_Tip_1,Tipo__CONA,Cód_Zona,Zona,Cód_Ubica,Ubicación,Cód_Causa,Causa,Cód_Cau_1,Causa__CON,Cód_Calle,Calle_Uno,Cód_Cal_1,Calle_Dos,Intersecci,Número,Ruta,Cód_Ruta,Ubicaci_1,Pistas_de,Pistas_d_1,Cód_Calza,Calzada,Cód__Tipo,Tipo_Calza,Cód_Estad,Estado_Cal,Cód_Condi,Condición,Cód_Est_1,Estado_Atm,Fallecidos,Graves,Menos_Grav,Leves,Ilesos,Hora_1
-8130780.87295261,-4411658.02978838,645,-73.040047,-36.802821,1436456,2022,1,2022/04/14 00:00:00+00,8,REGION BIO BIO,8101,CONCEPCION,32,COLISION LATERAL,30,COLISION,1,URBANA,11,CRUCE CON SEMAFORO FUNCIONANDO,28,CONDUCCION SIN MANTENER DISTANCIA RAZONABLE NI PRUDENTE,1,IMPRUDENCIA DEL CONDUCTOR,0,LAS TORRES,0,LIENTUR,LAS TORRES - LIENTUR,0,0,0,0,2,0,1,UNIDIRECCIONAL,1,CONCRETO,1,BUENO,1,SECO,1,DESPEJADO,0,0,0,0,2,07:30:00
-8125986.15324101,-4402675.78270609,646,-72.996976,-36.738186,1436462,2022,1,2022/04/08 00:00:00+00,8,REGION BIO BIO,8107,PENCO,32,COLISION LATERAL,30,COLISION,1,URBANA,1,TRAMO DE VIA RECTA,27,CONDUCCION NO ATENTO CONDICIONES TRANSITO MOMENTO,1,IMPRUDENCIA DEL CONDUCTOR,0,FREIRE,0,0,- FREIRE,366,0,0,0,2,0,1,UNIDIRECCIONAL,2,ASFALTO,1,BUENO,1,SECO,1,DESPEJADO,0,0,0,3,2,17:30:00
-8130677.77997219,-4414480.3539985,647,-73.039121,-36.823118,1436469,2022,1,2022/03/29 00:00:00+00,8,REGION BIO BIO,8101,CONCEPCION,50,CHOQUE,40,CHOQUE,1,URBANA,1,TRAMO DE VIA RECTA,27,CONDUCCION NO ATENTO CONDICIONES TRANSITO MOMENTO,1,IMPRUDENCIA DEL CONDUCTOR,0,BERNARDO O'HIGGINS,0,LAUTARO,BERNARDO O'HIGGINS - LAUTARO,0,0,0,0,3,3,2,BIDIRECCIONAL,1,CONCRETO,1,BUENO,1,SECO,1,DESPEJADO,0,0,0,0,2,15:00:00
-8128630.50321701,-4413922.06737718,648,-73.02073,-36.819104,1436483,2022,1,2022/04/14 00:00:00+00,8,REGION BIO BIO,8101,CONCEPCION,32,COLISION LATERAL,30,COLISION,1,URBANA,1,TRAMO DE VIA RECTA,29,CONDUCCION CAMBIAR SORPRESIVAMENTE PISTA CIRCULACION,1,IMPRUDENCIA DEL CONDUCTOR,0,GENERAL NOVOA,0,0,- GENERAL NOVOA,781,0,0,0,3,0,1,UNIDIRECCIONAL,1,CONCRETO,1,BUENO,1,SECO,1,DESPEJADO,0,0,0,0,2,16:50:00
-8125752.71626882,-4402442.41606582,649,-72.994879,-36.736505,1436485,2022,1,2022/04/10 00:00:00+00,8,REGION BIO BIO,8107,PENCO,31,COLISION FRONTAL,30,COLISION,1,URBANA,1,TRAMO DE VIA RECTA,95,PERDIDA CONTROL VEHICULO,9,PERDIDA CONTROL VEHICULO,0,COCHRANE,0,0,- COCHRANE,45,0,0,0,2,0,1,UNIDIRECCIONAL,2,ASFALTO,1,BUENO,1,SECO,1,DESPEJADO,0,1,0,0,1,08:50:00
-8131881.91177215,-4413860.31236031,650,-73.049938,-36.81866,1436486,2022,1,2022/04/04 00:00:00+00,8,REGION BIO BIO,8101,CONCEPCION,34,COLISION PERPENDICULAR,30,COLISION,1,URBANA,11,CRUCE CON SEMAFORO FUNCIONANDO,62,SEÑALIZACION DESOBEDECER LUZ ROJA DE SEMAFORO,10,DESOBEDIENCIA A SEÑALIZACION,0,TUCAPEL,0,BULNES,BULNES - TUCAPEL,0,0,0,0,2,2,2,BIDIRECCIONAL,1,CONCRETO,1,BUENO,1,SECO,1,DESPEJADO,0,0,0,0,2,22:35:00
-8124754.77042971,-4401353.63371509,651,-72.985914,-36.728667,1436494,2022,1,2022/04/10 00:00:00+00,8,REGION BIO BIO,8107,PENCO,32,COLISION LATERAL,30,COLISION,1,URBANA,1,TRAMO DE VIA RECTA,27,CONDUCCION NO ATENTO CONDICIONES TRANSITO MOMENTO,1,IMPRUDENCIA DEL CONDUCTOR,0,ESTADIO,0,0,- ESTADIO,138,0,0,0,2,0,1,UNIDIRECCIONAL,2,ASFALTO,1,BUENO,1,SECO,1,DESPEJADO,0,0,0,0,2,18:20:00
-8128649.33847485,-4408175.50444946,652,-73.020899,-36.777767,1436499,2022,1,2022/04/11 00:00:00+00,8,REGION BIO BIO,8107,PENCO,32,COLISION LATERAL,30,COLISION,1,URBANA,1,TRAMO DE VIA RECTA,27,CONDUCCION NO ATENTO CONDICIONES TRANSITO MOMENTO,1,IMPRUDENCIA DEL CONDUCTOR,0,LAS DALIAS,0,0,- LAS DALIAS,137,0,0,0,2,0,1,UNIDIRECCIONAL,2,ASFALTO,1,BUENO,1,SECO,1,DESPEJADO,0,0,0,0,2,09:30:00
-8131682.09328618,-4413217.29441484,653,-73.048143,-36.814035,1436515,2022,1,2022/04/04 00:00:00+00,8,REGION BIO BIO,8101,CONCEPCION,70,VOLCADURA,70,VOLCADURA,1,URBANA,1,TRAMO DE VIA RECTA,27,CONDUCCION NO ATENTO CONDICIONES TRANSITO MOMENTO,1,IMPRUDENCIA DEL CONDUCTOR,0,PAICAVI,0,MANUEL RODRIGUEZ,MANUEL RODRIGUEZ - PAICAVI,0,0,0,0,2,2,2,BIDIRECCIONAL,1,CONCRETO,1,BUENO,1,SECO,1,DESPEJADO,0,0,0,1,0,21:00:00
-8131248.21443886,-4414421.96107794,654,-73.044246,-36.822698,1436521,2022,1,2022/04/14 00:00:00+00,8,REGION BIO BIO,8101,CONCEPCION,50,CHOQUE,40,CHOQUE,1,URBANA,14,CRUCE CON SEÑAL PARE,93,CONDUCIR VEHICULO EN RETROCESO,1,IMPRUDENCIA DEL CONDUCTOR,0,ONGOLMO,0,FREIRE,FREIRE - ONGOLMO,0,0,0,0,2,0,1,UNIDIRECCIONAL,1,CONCRETO,1,BUENO,1,SECO,1,DESPEJADO,0,0,0,0,2,17:20:00
-8131671.5290665,-4414273.02512002,655,-73.048048,-36.821627,1436533,2022,1,2022/04/05 00:00:00+00,8,REGION BIO BIO,8101,CONCEPCION,30,COLISION,30,COLISION,1,URBANA,11,CRUCE CON SEMAFORO FUNCIONANDO,28,CONDUCCION SIN MANTENER DISTANCIA RAZONABLE NI PRUDENTE,1,IMPRUDENCIA DEL CONDUCTOR,0,LOS CARRERA,0,TUCAPEL,LOS CARRERA - TUCAPEL,0,0,0,0,2,2,2,BIDIRECCIONAL,1,CONCRETO,1,BUENO,1,SECO,1,DESPEJADO,0,0,0,0,2,15:10:00
-8133467.94734918,-4409875.58372646,656,-73.064186,-36.789999,1436540,2022,1,2022/04/14 00:00:00+00,8,REGION BIO BIO,8110,TALCAHUANO,30,COLISION,30,COLISION,1,URBANA,1,TRAMO DE VIA RECTA,27,CONDUCCION NO ATENTO CONDICIONES TRANSITO MOMENTO,1,IMPRUDENCIA DEL CONDUCTOR,0,PRESIDENTE JORGE ALESSANDRI RODRIGUEZ,0,0,- PRESIDENTE JORGE ALESSANDRI RODRIGUEZ,3177,0,0,0,2,2,3,BIDIRECCIONAL CON BANDEJON,1,CONCRETO,1,BUENO,1,SECO,1,DESPEJADO,0,0,0,0,2,19:20:00
-8135467.64615399,-4409005.64808501,657,-73.082149,-36.78374,1436560,2022,1,2022/04/14 00:00:00+00,8,REGION BIO BIO,8112,HUALPEN,30,COLISION,30,COLISION,1,URBANA,21,ENLACE A NIVEL,27,CONDUCCION NO ATENTO CONDICIONES TRANSITO MOMENTO,1,IMPRUDENCIA DEL CONDUCTOR,0,O'HIGGINS,0,AUTOPISTA CONCEPCION TALCAHUANO,AUTOPISTA CONCEPCION TALCAHUANO - O'HIGGINS,0,0,0,0,2,2,3,BIDIRECCIONAL CON BANDEJON,1,CONCRETO,1,BUENO,1,SECO,1,DESPEJADO,0,0,0,0,2,13:30:00
-8131884.76155112,-4412853.13458003,658,-73.049964,-36.811416,1436564,2022,1,2022/04/06 00:00:00+00,8,REGION BIO BIO,8101,CONCEPCION,50,CHOQUE,40,CHOQUE,1,URBANA,1,TRAMO DE VIA RECTA,27,CONDUCCION NO ATENTO CONDICIONES TRANSITO MOMENTO,1,IMPRUDENCIA DEL CONDUCTOR,0,PAICAVI,0,CENTRAL,CENTRAL - PAICAVI,0,0,0,0,2,2,2,BIDIRECCIONAL,1,CONCRETO,1,BUENO,1,SECO,1,DESPEJADO,0,0,0,1,0,00:05:00
-8136708.19055939,-4403907.70983226,659,-73.093293,-36.747053,1436580,2022,1,2022/04/11 00:00:00+00,8,REGION BIO BIO,8110,TALCAHUANO,32,COLISION LATERAL,30,COLISION,1,URBANA,16,CRUCE SIN SEÑALIZACION,32,NO RESPETAR DERECHO PREFERENTE DE PASO A VEHICULO,1,IMPRUDENCIA DEL CONDUCTOR,0,LUIS ACEVEDO,0,ALMIRANTE NEFF,ALMIRANTE NEFF - LUIS ACEVEDO,0,0,0,0,1,1,2,BIDIRECCIONAL,1,CONCRETO,1,BUENO,1,SECO,1,DESPEJADO,0,0,0,1,1,19:10:00
-8136666.4568823,-4408637.19853799,660,-73.092918,-36.781089,1436603,2022,1,2022/04/15 00:00:00+00,8,REGION BIO BIO,8112,HUALPEN,30,COLISION,30,COLISION,1,URBANA,14,CRUCE CON SEÑAL PARE,27,CONDUCCION NO ATENTO CONDICIONES TRANSITO MOMENTO,1,IMPRUDENCIA DEL CONDUCTOR,0,LAS GOLONDRINAS,0,CRISTOBAL COLON,CRISTOBAL COLON - LAS GOLONDRINAS,0,0,0,0,2,2,3,BIDIRECCIONAL CON BANDEJON,1,CONCRETO,1,BUENO,1,SECO,1,DESPEJADO,0,0,0,0,2,20:30:00
-8134508.40610183,-4409403.41110617,661,-73.073532,-36.786602,1436615,2022,1,2022/04/16 00:00:00+00,8,REGION BIO BIO,8112,HUALPEN,70,VOLCADURA,70,VOLCADURA,1,URBANA,1,TRAMO DE VIA RECTA,71,VELOCIDAD MAYOR QUE MAXIMA PERMITIDA,7,VELOCIDAD IMPRUDENTE,0,AUTOPISTA CONCEPCION TALCAHUANO,0,0,- AUTOPISTA CONCEPCION TALCAHUANO,8342,0,0,0,2,2,3,BIDIRECCIONAL CON BANDEJON,1,CONCRETO,1,BUENO,1,SECO,1,DESPEJADO,0,1,0,1,4,01:40:00
-8137046.54615166,-4408595.69681492,662,-73.096333,-36.780791,1436629,2022,1,2022/04/17 00:00:00+00,8,REGION BIO BIO,8112,HUALPEN,30,COLISION,30,COLISION,1,URBANA,11,CRUCE CON SEMAFORO FUNCIONANDO,29,CONDUCCION CAMBIAR SORPRESIVAMENTE PISTA CIRCULACION,1,IMPRUDENCIA DEL CONDUCTOR,0,LAS GOLONDRINAS,0,SUECIA,LAS GOLONDRINAS - SUECIA,0,0,0,0,2,2,3,BIDIRECCIONAL CON BANDEJON,1,CONCRETO,1,BUENO,1,SECO,1,DESPEJADO,0,0,0,0,2,02:20:00
-8136972.78585706,-4415143.18269428,663,-73.09567,-36.827885,1436823,2022,1,2022/04/13 00:00:00+00,8,REGION BIO BIO,8108,SAN PEDRO DE LA PAZ,33,COLISION POR ALCANCE,30,COLISION,1,URBANA,2,TRAMO DE VIA CURVA HORIZONTAL,27,CONDUCCION NO ATENTO CONDICIONES TRANSITO MOMENTO,1,IMPRUDENCIA DEL CONDUCTOR,0,PUENTE JUAN PABLO II,0,0,- PUENTE JUAN PABLO II,200,0,0,0,2,0,1,UNIDIRECCIONAL,2,ASFALTO,1,BUENO,1,SECO,1,DESPEJADO,0,0,0,0,1,07:41:00
-8166054.25698622,-4504542.62061994,664,-73.356914,-37.468002,1436858,2022,1,2022/03/25 00:00:00+00,8,REGION BIO BIO,8205,CURANILAHUE,32,COLISION LATERAL,30,COLISION,1,URBANA,16,CRUCE SIN SEÑALIZACION,91,VIRAJES INDEBIDOS,1,IMPRUDENCIA DEL CONDUCTOR,0,BERNARDO O'HIGGINS,0,CARLOS MARTINEZ,BERNARDO O'HIGGINS - CARLOS MARTINEZ,0,0,0,0,1,1,2,BIDIRECCIONAL,1,CONCRETO,1,BUENO,1,SECO,1,DESPEJADO,0,0,0,0,2,13:15:00
-8138771.31921006,-4399483.74209487,665,-73.111827,-36.715203,1436884,2022,1,2022/04/12 00:00:00+00,8,REGION BIO BIO,8110,TALCAHUANO,32,COLISION LATERAL,30,COLISION,1,URBANA,11,CRUCE CON SEMAFORO FUNCIONANDO,62,SEÑALIZACION DESOBEDECER LUZ ROJA DE SEMAFORO,10,DESOBEDIENCIA A SEÑALIZACION,0,VALDIVIA,0,BLANCO ENCALADA,BLANCO ENCALADA - VALDIVIA,0,0,0,0,1,1,2,BIDIRECCIONAL,1,CONCRETO,1,BUENO,1,SECO,1,DESPEJADO,0,0,0,0,2,16:20:00
-8139056.56427327,-4398945.7645522,666,-73.114389,-36.711329,1436903,2022,1,2022/04/13 00:00:00+00,8,REGION BIO BIO,8110,TALCAHUANO,32,COLISION LATERAL,30,COLISION,1,URBANA,11,CRUCE CON SEMAFORO FUNCIONANDO,68,SEÑALIZACION DESOBEDECER LUZ INTERMITENTE SEMAFORO,10,DESOBEDIENCIA A SEÑALIZACION,0,BLANCO ENCALADA,0,VALDIVIA,BLANCO ENCALADA - VALDIVIA,0,0,0,0,1,1,2,BIDIRECCIONAL,1,CONCRETO,1,BUENO,1,SECO,1,DESPEJADO,0,0,0,0,2,13:25:00
-8054335.97524912,-4504828.2820057,667,-72.353331,-37.470039,1436960,2022,1,2022/04/11 00:00:00+00,8,REGION BIO BIO,8301,LOS ANGELES,67,CHOQUE POSTERIOR/FRENTE,40,CHOQUE,1,URBANA,1,TRAMO DE VIA RECTA,27,CONDUCCION NO ATENTO CONDICIONES TRANSITO MOMENTO,1,IMPRUDENCIA DEL CONDUCTOR,0,LAUTARO,0,VALDIVIA,LAUTARO - VALDIVIA,0,0,0,0,2,0,1,UNIDIRECCIONAL,1,CONCRETO,1,BUENO,1,SECO,1,DESPEJADO,0,0,0,0,2,13:05:00
-8055408.83910554,-4506269.87781448,668,-72.362969,-37.480317,1436977,2022,1,2022/04/11 00:00:00+00,8,REGION BIO BIO,8301,LOS ANGELES,33,COLISION POR ALCANCE,30,COLISION,1,URBANA,11,CRUCE CON SEMAFORO FUNCIONANDO,27,CONDUCCION NO ATENTO CONDICIONES TRANSITO MOMENTO,1,IMPRUDENCIA DEL CONDUCTOR,0,VICUÑA MACKENNA,0,ALCAZAR,ALCAZAR - VICUÑA MACKENNA,0,0,0,0,2,2,3,BIDIRECCIONAL CON BANDEJON,2,ASFALTO,1,BUENO,1,SECO,1,DESPEJADO,0,0,0,2,2,08:25:00
-8060059.41120851,-4443675.13888057,669,-72.404746,-37.032767,1436983,2022,1,2022/02/20 00:00:00+00,8,REGION BIO BIO,8303,CABRERO,30,COLISION,30,COLISION,1,URBANA,15,CRUCE CON SEÑAL CEDA EL PASO,27,CONDUCCION NO ATENTO CONDICIONES TRANSITO MOMENTO,1,IMPRUDENCIA DEL CONDUCTOR,0,MANUEL PALACIOS,0,LAS DELICIAS,LAS DELICIAS - MANUEL PALACIOS,0,0,0,0,1,1,2,BIDIRECCIONAL,1,CONCRETO,1,BUENO,1,SECO,1,DESPEJADO,0,0,0,0,2,19:15:00
-8051406.42473771,-4504830.42796691,670,-72.327015,-37.470055,1436999,2022,1,2022/04/11 00:00:00+00,8,REGION BIO BIO,8301,LOS ANGELES,32,COLISION LATERAL,30,COLISION,1,URBANA,1,TRAMO DE VIA RECTA,24,CONDUCCION EN ESTADO DE EBRIEDAD,4,ALCOHOL EN CONDUCTOR,0,LAS INDUSTRIAS,0,0,- LAS INDUSTRIAS,505,0,0,0,2,2,3,BIDIRECCIONAL CON BANDEJON,1,CONCRETO,1,BUENO,2,HUMEDO,1,DESPEJADO,0,0,0,0,2,07:00:00
-8134806.21913555,-4413355.03600984,671,-73.076208,-36.815026,1437017,2022,1,2022/04/06 00:00:00+00,8,REGION BIO BIO,8101,CONCEPCION,50,CHOQUE,40,CHOQUE,1,URBANA,1,TRAMO DE VIA RECTA,24,CONDUCCION EN ESTADO DE EBRIEDAD,4,ALCOHOL EN CONDUCTOR,0,CALLE TRES,0,0,- CALLE TRES,223,0,0,0,2,0,1,UNIDIRECCIONAL,1,CONCRETO,1,BUENO,1,SECO,1,DESPEJADO,0,0,0,0,1,23:40:00
-8142396.32710825,-4417888.86417088,672,-73.144391,-36.847625,1437041,2022,1,2022/04/14 00:00:00+00,8,REGION BIO BIO,8108,SAN PEDRO DE LA PAZ,34,COLISION PERPENDICULAR,30,COLISION,1,URBANA,14,CRUCE CON SEÑAL PARE,65,SEÑALIZACION DESOBEDECER SEÑAL PARE,10,DESOBEDIENCIA A SEÑALIZACION,0,GALVARINO,0,CAUPOLICAN,CAUPOLICAN - GALVARINO,0,0,0,0,1,1,2,BIDIRECCIONAL,1,CONCRETO,1,BUENO,1,SECO,1,DESPEJADO,0,0,0,2,2,14:44:00
-8134727.80568623,-4407037.17814895,673,-73.075503,-36.769576,1437044,2022,1,2022/04/13 00:00:00+00,8,REGION BIO BIO,8110,TALCAHUANO,32,COLISION LATERAL,30,COLISION,1,URBANA,15,CRUCE CON SEÑAL CEDA EL PASO,64,SEÑALIZACION DESOBEDECER SEÑAL CEDA EL PASO,10,DESOBEDIENCIA A SEÑALIZACION,0,IFARLE,0,CALLE A,CALLE A - IFARLE,0,0,0,0,1,1,3,BIDIRECCIONAL CON BANDEJON,1,CONCRETO,1,BUENO,1,SECO,1,DESPEJADO,0,0,0,0,2,16:00:00
-8009423.8817857,-4480333.31512862,674,-71.949879,-37.295194,1437045,2022,1,2022/04/12 00:00:00+00,8,REGION BIO BIO,8312,TUCAPEL,53,CHOQUE POSTERIOR,40,CHOQUE,1,URBANA,14,CRUCE CON SEÑAL PARE,27,CONDUCCION NO ATENTO CONDICIONES TRANSITO MOMENTO,1,IMPRUDENCIA DEL CONDUCTOR,0,O'HIGGINS,0,BULNES,BULNES - O'HIGGINS,0,0,0,0,1,1,2,BIDIRECCIONAL,2,ASFALTO,1,BUENO,1,SECO,2,NUBLADO,0,0,0,0,1,12:30:00
-8141579.73185159,-4422512.88667089,675,-73.137055,-36.880858,1437049,2022,1,2022/04/15 00:00:00+00,8,REGION BIO BIO,8108,SAN PEDRO DE LA PAZ,51,CHOQUE FRONTAL,40,CHOQUE,1,URBANA,1,TRAMO DE VIA RECTA,24,CONDUCCION EN ESTADO DE EBRIEDAD,4,ALCOHOL EN CONDUCTOR,0,JAVIERA CARRERA,0,0,- JAVIERA CARRERA,6735,0,0,0,1,1,2,BIDIRECCIONAL,1,CONCRETO,1,BUENO,1,SECO,1,DESPEJADO,0,1,0,0,0,06:30:00
-8128075.30838863,-4431766.87582853,676,-73.015743,-36.947323,1437066,2022,1,2022/04/14 00:00:00+00,8,REGION BIO BIO,8103,CHIGUAYANTE,51,CHOQUE FRONTAL,40,CHOQUE,1,URBANA,11,CRUCE CON SEMAFORO FUNCIONANDO,98,OTRAS CAUSAS,14,OTRAS CAUSAS,0,MANUEL RODRIGUEZ,0,PORVENIR,MANUEL RODRIGUEZ - PORVENIR,0,0,0,0,2,2,3,BIDIRECCIONAL CON BANDEJON,1,CONCRETO,1,BUENO,1,SECO,1,DESPEJADO,0,0,0,0,1,14:15:00
-8127884.12829514,-4433072.08174497,677,-73.014025,-36.956693,1437080,2022,1,2022/04/07 00:00:00+00,8,REGION BIO BIO,8103,CHIGUAYANTE,50,CHOQUE,40,CHOQUE,1,URBANA,1,TRAMO DE VIA RECTA,27,CONDUCCION NO ATENTO CONDICIONES TRANSITO MOMENTO,1,IMPRUDENCIA DEL CONDUCTOR,0,21 DE MAYO,0,0,- 21 DE MAYO,3225,0,0,0,2,2,2,BIDIRECCIONAL,1,CONCRETO,1,BUENO,1,SECO,1,DESPEJADO,0,0,0,0,2,05:20:00
-8129853.45914287,-4425603.66075618,678,-73.031716,-36.903063,1437102,2022,1,2022/04/13 00:00:00+00,8,REGION BIO BIO,8103,CHIGUAYANTE,33,COLISION POR ALCANCE,30,COLISION,1,URBANA,1,TRAMO DE VIA RECTA,97,CAUSAS NO DETERMINADAS,13,CAUSAS NO DETERMINADAS,0,8 ORIENTE,0,SANTA CLARA,8 ORIENTE - SANTA CLARA,0,0,0,0,2,2,3,BIDIRECCIONAL CON BANDEJON,1,CONCRETO,1,BUENO,1,SECO,1,DESPEJADO,0,0,0,0,2,09:30:00
-8128854.66727562,-4429587.01978962,679,-73.022744,-36.931672,1437149,2022,1,2022/04/14 00:00:00+00,8,REGION BIO BIO,8103,CHIGUAYANTE,63,CHOQUE FRENTE/POSTERIOR,40,CHOQUE,1,URBANA,11,CRUCE CON SEMAFORO FUNCIONANDO,27,CONDUCCION NO ATENTO CONDICIONES TRANSITO MOMENTO,1,IMPRUDENCIA DEL CONDUCTOR,0,MANUEL RODRIGUEZ,0,PINARES,MANUEL RODRIGUEZ - PINARES,0,0,0,0,2,2,3,BIDIRECCIONAL CON BANDEJON,2,ASFALTO,1,BUENO,1,SECO,2,NUBLADO,0,0,0,1,1,15:30:00
-8136524.9475456,-4417291.7006966,680,-73.091647,-36.843332,1437153,2022,1,2022/03/07 00:00:00+00,8,REGION BIO BIO,8108,SAN PEDRO DE LA PAZ,30,COLISION,30,COLISION,1,URBANA,1,TRAMO DE VIA RECTA,97,CAUSAS NO DETERMINADAS,13,CAUSAS NO DETERMINADAS,0,COSTANERA,0,4 NORTE,4 NORTE - COSTANERA,0,0,0,0,2,2,3,BIDIRECCIONAL CON BANDEJON,1,CONCRETO,1,BUENO,1,SECO,1,DESPEJADO,0,0,0,0,2,12:00:00
-8133126.10745685,-4415065.7610827,681,-73.061115,-36.827328,1437195,2022,1,2022/04/09 00:00:00+00,8,REGION BIO BIO,8103,CHIGUAYANTE,50,CHOQUE,40,CHOQUE,1,URBANA,11,CRUCE CON SEMAFORO FUNCIONANDO,27,CONDUCCION NO ATENTO CONDICIONES TRANSITO MOMENTO,1,IMPRUDENCIA DEL CONDUCTOR,0,LOS CARRERA,0,ARTURO PRAT,ARTURO PRAT - LOS CARRERA,0,0,0,0,3,3,2,BIDIRECCIONAL,1,CONCRETO,1,BUENO,1,SECO,1,DESPEJADO,0,0,0,1,1,04:10:00
-8131394.33240248,-4415637.77920626,682,-73.045558,-36.831441,1437207,2022,1,2022/04/09 00:00:00+00,8,REGION BIO BIO,8101,CONCEPCION,50,CHOQUE,40,CHOQUE,1,URBANA,1,TRAMO DE VIA RECTA,24,CONDUCCION EN ESTADO DE EBRIEDAD,4,ALCOHOL EN CONDUCTOR,0,CASTELLON,0,EJERCITO,CASTELLON - EJERCITO,0,0,0,0,2,2,2,BIDIRECCIONAL,1,CONCRETO,1,BUENO,1,SECO,1,DESPEJADO,0,0,0,1,0,07:30:00
-8139567.18677754,-4402994.26695706,683,-73.118976,-36.740478,1437214,2022,1,2022/04/15 00:00:00+00,8,REGION BIO BIO,8110,TALCAHUANO,32,COLISION LATERAL,30,COLISION,1,URBANA,1,TRAMO DE VIA RECTA,11,ADELANTAMIENTO SIN EL ESPACIO O TIEMPO SUFICIENTE,1,IMPRUDENCIA DEL CONDUCTOR,0,JUAN ANTONIO RIOS,0,0,- JUAN ANTONIO RIOS,101,0,0,0,1,1,2,BIDIRECCIONAL,1,CONCRETO,1,BUENO,1,SECO,1,DESPEJADO,0,0,0,0,3,10:50:00
-8128780.51736281,-4429157.90636644,684,-73.022078,-36.928591,1437219,2022,1,2022/04/09 00:00:00+00,8,REGION BIO BIO,8103,CHIGUAYANTE,70,VOLCADURA,70,VOLCADURA,1,URBANA,2,TRAMO DE VIA CURVA HORIZONTAL,72,VELOCIDAD NO RAZONABLE NI PRUDENTE,7,VELOCIDAD IMPRUDENTE,0,21 DE MAYO,0,ROSAMEL DEL SOLAR,21 DE MAYO - ROSAMEL DEL SOLAR,0,0,0,0,2,2,2,BIDIRECCIONAL,1,CONCRETO,1,BUENO,1,SECO,1,DESPEJADO,0,1,0,1,0,12:50:00
-8129882.00146031,-4426707.31788698,685,-73.031973,-36.910991,1437223,2022,1,2022/02/24 00:00:00+00,8,REGION BIO BIO,8103,CHIGUAYANTE,34,COLISION PERPENDICULAR,30,COLISION,1,URBANA,11,CRUCE CON SEMAFORO FUNCIONANDO,97,CAUSAS NO DETERMINADAS,13,CAUSAS NO DETERMINADAS,0,BILBAO,0,8 ORIENTE,8 ORIENTE - BILBAO,0,0,0,0,2,2,3,BIDIRECCIONAL CON BANDEJON,2,ASFALTO,1,BUENO,2,HUMEDO,2,NUBLADO,0,1,0,1,1,07:30:00
-8118226.00474612,-4435379.11650049,686,-72.927265,-36.973252,1437249,2022,1,2022/02/19 00:00:00+00,8,REGION BIO BIO,8105,HUALQUI,34,COLISION PERPENDICULAR,30,COLISION,1,URBANA,1,TRAMO DE VIA RECTA,27,CONDUCCION NO ATENTO CONDICIONES TRANSITO MOMENTO,1,IMPRUDENCIA DEL CONDUCTOR,0,TEGUALDA,0,0,- TEGUALDA,48,0,0,0,2,0,1,UNIDIRECCIONAL,1,CONCRETO,1,BUENO,1,SECO,1,DESPEJADO,0,0,0,0,2,16:45:00
-8178095.27442321,-4526975.37878317,687,-73.46508,-37.627774,1437285,2022,1,2022/04/16 00:00:00+00,8,REGION BIO BIO,8206,LOS ALAMOS,70,VOLCADURA,70,VOLCADURA,2,RURAL,1,TRAMO DE VIA RECTA,24,CONDUCCION EN ESTADO DE EBRIEDAD,4,ALCOHOL EN CONDUCTOR,0,LAUTARO,0,0,- LAUTARO,798,0,0,0,1,0,1,UNIDIRECCIONAL,2,ASFALTO,1,BUENO,1,SECO,1,DESPEJADO,0,1,0,0,0,15:10:00
-8131884.76155112,-4412853.13458003,688,-73.049964,-36.811416,1437335,2022,1,2022/04/10 00:00:00+00,8,REGION BIO BIO,8101,CONCEPCION,33,COLISION POR ALCANCE,30,COLISION,1,URBANA,1,TRAMO DE VIA RECTA,28,CONDUCCION SIN MANTENER DISTANCIA RAZONABLE NI PRUDENTE,1,IMPRUDENCIA DEL CONDUCTOR,0,PAICAVI,0,DIRECCION A CONCEPCION,DIRECCION A CONCEPCION - PAICAVI,0,0,0,0,3,3,2,BIDIRECCIONAL,1,CONCRETO,1,BUENO,1,SECO,1,DESPEJADO,0,0,0,1,3,18:55:00
-8142747.00576815,-4442671.98912708,689,-73.147541,-37.025573,1437339,2022,1,2022/04/06 00:00:00+00,8,REGION BIO BIO,8102,CORONEL,30,COLISION,30,COLISION,1,URBANA,11,CRUCE CON SEMAFORO FUNCIONANDO,32,NO RESPETAR DERECHO PREFERENTE DE PASO A VEHICULO,1,IMPRUDENCIA DEL CONDUCTOR,0,SOTOMAYOR,0,COUSIÑO,COUSIÑO - SOTOMAYOR,0,0,0,0,1,1,2,BIDIRECCIONAL,2,ASFALTO,1,BUENO,1,SECO,1,DESPEJADO,0,0,0,0,2,02:45:00
-8146926.00624422,-4404678.97311522,690,-73.185081,-36.752605,1437344,2022,1,2022/04/18 00:00:00+00,8,REGION BIO BIO,8112,HUALPEN,30,COLISION,30,COLISION,1,URBANA,15,CRUCE CON SEÑAL CEDA EL PASO,27,CONDUCCION NO ATENTO CONDICIONES TRANSITO MOMENTO,1,IMPRUDENCIA DEL CONDUCTOR,0,RAMUNTCHO,0,CORRAL,CORRAL - RAMUNTCHO,0,0,0,0,1,1,2,BIDIRECCIONAL,1,CONCRETO,1,BUENO,1,SECO,1,DESPEJADO,0,0,0,0,2,12:30:00