X,Y,FID,POINT_X,POINT_Y,Idaccident,Año,Claseaccid,Fecha,Cód_Regi,Región,Cód_Comun,Comuna,Cód_Tipo,Tipo_Accid,Cód_Tip_1,Tipo__CONA,Cód_Zona,Zona,Cód_Ubica,Ubicación,Cód_Causa,Causa,Cód_Cau_1,Causa__CON,Cód_Calle,Calle_Uno,Cód_Cal_1,Calle_Dos,Intersecci,Número,Ruta,Cód_Ruta,Ubicaci_1,Pistas_de,Pistas_d_1,Cód_Calza,Calzada,Cód__Tipo,Tipo_Calza,Cód_Estad,Estado_Cal,Cód_Condi,Condición,Cód_Est_1,Estado_Atm,Fallecidos,Graves,Menos_Grav,Leves,Ilesos,Hora_1
-8132148.91157082,-4415776.80386521,736,-73.052337,-36.83244,1437894,2022,1,2022/04/19 00:00:00+00,8,REGION BIO BIO,8101,CONCEPCION,50,CHOQUE,40,CHOQUE,1,URBANA,1,TRAMO DE VIA RECTA,24,CONDUCCION EN ESTADO DE EBRIEDAD,4,ALCOHOL EN CONDUCTOR,0,CHACABUCO,0,ANGOL,ANGOL - CHACABUCO,0,0,0,0,2,2,3,BIDIRECCIONAL CON BANDEJON,1,CONCRETO,1,BUENO,1,SECO,2,NUBLADO,0,0,0,1,3,03:25:00
-8131732.92176567,-4413124.96710751,737,-73.0486,-36.813371,1437965,2022,1,2022/04/11 00:00:00+00,8,REGION BIO BIO,8101,CONCEPCION,99,OTRO TIPO,99,OTRO TIPO,1,URBANA,11,CRUCE CON SEMAFORO FUNCIONANDO,98,OTRAS CAUSAS,14,OTRAS CAUSAS,0,BANDERA,0,PAICAVI,BANDERA - PAICAVI,0,0,0,0,2,2,2,BIDIRECCIONAL,1,CONCRETO,1,BUENO,1,SECO,1,DESPEJADO,0,0,0,0,2,18:45:00
-8128430.26171697,-4428871.78004448,738,-73.018931,-36.926536,1437968,2022,1,2022/04/16 00:00:00+00,8,REGION BIO BIO,8103,CHIGUAYANTE,51,CHOQUE FRONTAL,40,CHOQUE,1,URBANA,1,TRAMO DE VIA RECTA,97,CAUSAS NO DETERMINADAS,13,CAUSAS NO DETERMINADAS,0,SANTA JUSTINA,0,0,- SANTA JUSTINA,19,0,0,0,1,1,2,BIDIRECCIONAL,1,CONCRETO,1,BUENO,1,SECO,1,DESPEJADO,0,0,0,0,1,00:00:00
-8133043.38594324,-4414201.50600724,739,-73.060372,-36.821113,1437969,2022,1,2022/04/11 00:00:00+00,8,REGION BIO BIO,8101,CONCEPCION,30,COLISION,30,COLISION,1,URBANA,1,TRAMO DE VIA RECTA,27,CONDUCCION NO ATENTO CONDICIONES TRANSITO MOMENTO,1,IMPRUDENCIA DEL CONDUCTOR,0,CRUZ,0,SALAS,CRUZ - SALAS,0,0,0,0,2,2,2,BIDIRECCIONAL,1,CONCRETO,1,BUENO,1,SECO,1,DESPEJADO,0,0,0,0,2,19:00:00
-8131193.53430499,-4415562.46798722,740,-73.043754,-36.830899,1437972,2022,1,2022/04/13 00:00:00+00,8,REGION BIO BIO,8101,CONCEPCION,50,CHOQUE,40,CHOQUE,1,URBANA,1,TRAMO DE VIA RECTA,27,CONDUCCION NO ATENTO CONDICIONES TRANSITO MOMENTO,1,IMPRUDENCIA DEL CONDUCTOR,0,VICTOR LAMAS,0,CASTELLON,CASTELLON - VICTOR LAMAS,0,0,0,0,2,2,2,BIDIRECCIONAL,1,CONCRETO,1,BUENO,1,SECO,1,DESPEJADO,0,0,0,0,2,11:00:00
-8131086.74551747,-4409602.49973813,741,-73.042795,-36.788034,1437975,2022,1,2022/04/13 00:00:00+00,8,REGION BIO BIO,8101,CONCEPCION,20,CAIDA,20,CAIDA,1,URBANA,1,TRAMO DE VIA RECTA,43,IMPRUDENCIA DEL PASAJERO,3,IMPRUDENCIA DEL PASAJERO,0,LOS LLEUQUES,0,0,- LOS LLEUQUES,1540,0,0,0,2,0,1,UNIDIRECCIONAL,1,CONCRETO,1,BUENO,1,SECO,1,DESPEJADO,0,0,0,1,1,20:00:00
-8128716.72016263,-4430112.77492044,742,-73.021505,-36.935447,1437986,2022,1,2022/04/16 00:00:00+00,8,REGION BIO BIO,8103,CHIGUAYANTE,34,COLISION PERPENDICULAR,30,COLISION,1,URBANA,11,CRUCE CON SEMAFORO FUNCIONANDO,62,SEÑALIZACION DESOBEDECER LUZ ROJA DE SEMAFORO,10,DESOBEDIENCIA A SEÑALIZACION,0,MANUEL RODRIGUEZ,0,PROGRESO,MANUEL RODRIGUEZ - PROGRESO,0,0,0,0,2,2,3,BIDIRECCIONAL CON BANDEJON,2,ASFALTO,1,BUENO,1,SECO,1,DESPEJADO,0,0,0,2,2,17:30:00
-8129174.98911038,-4429050.12244011,743,-73.025621,-36.927817,1437998,2022,1,2022/04/18 00:00:00+00,8,REGION BIO BIO,8103,CHIGUAYANTE,34,COLISION PERPENDICULAR,30,COLISION,1,URBANA,15,CRUCE CON SEÑAL CEDA EL PASO,64,SEÑALIZACION DESOBEDECER SEÑAL CEDA EL PASO,10,DESOBEDIENCIA A SEÑALIZACION,0,BLINDADO BLANCO,0,BERGANTIN AQUILES,BERGANTIN AQUILES - BLINDADO BLANCO,0,0,0,0,1,1,2,BIDIRECCIONAL,1,CONCRETO,1,BUENO,1,SECO,1,DESPEJADO,0,0,0,0,2,08:05:00
-8131669.97059363,-4414639.70892168,744,-73.048034,-36.824264,1438002,2022,1,2022/04/20 00:00:00+00,8,REGION BIO BIO,8101,CONCEPCION,10,ATROPELLO,10,ATROPELLO,1,URBANA,11,CRUCE CON SEMAFORO FUNCIONANDO,31,NO RESPETAR DERECHO PREFERENTE DE PASO A PEATON,1,IMPRUDENCIA DEL CONDUCTOR,0,CASTELLON,0,FREIRE,CASTELLON - FREIRE,0,0,0,0,2,0,1,UNIDIRECCIONAL,1,CONCRETO,1,BUENO,1,SECO,1,DESPEJADO,0,0,0,1,1,16:55:00
-8131748.08348032,-4411159.98972397,745,-73.048736,-36.799238,1438011,2022,1,2022/04/21 00:00:00+00,8,REGION BIO BIO,8101,CONCEPCION,63,CHOQUE FRENTE/POSTERIOR,40,CHOQUE,1,URBANA,11,CRUCE CON SEMAFORO FUNCIONANDO,27,CONDUCCION NO ATENTO CONDICIONES TRANSITO MOMENTO,1,IMPRUDENCIA DEL CONDUCTOR,0,VICTOR DOMINGO SILVA,0,ABDON CIFUENTES,ABDON CIFUENTES - VICTOR DOMINGO SILVA,0,0,0,0,2,0,1,UNIDIRECCIONAL,1,CONCRETO,1,BUENO,1,SECO,3,LLUVIA,0,0,0,1,1,18:00:00
-8130029.53318146,-4425058.5847585,746,-73.033298,-36.899148,1438012,2022,1,2022/04/14 00:00:00+00,8,REGION BIO BIO,8103,CHIGUAYANTE,70,VOLCADURA,70,VOLCADURA,1,URBANA,2,TRAMO DE VIA CURVA HORIZONTAL,95,PERDIDA CONTROL VEHICULO,9,PERDIDA CONTROL VEHICULO,0,8 ORIENTE,0,OROZIMBO BARBOSA,8 ORIENTE - OROZIMBO BARBOSA,0,0,0,0,2,2,3,BIDIRECCIONAL CON BANDEJON,1,CONCRETO,1,BUENO,1,SECO,2,NUBLADO,0,1,0,1,0,23:35:00
-8131881.91177215,-4413860.31236031,747,-73.049938,-36.81866,1438013,2022,1,2022/04/14 00:00:00+00,8,REGION BIO BIO,8101,CONCEPCION,50,CHOQUE,40,CHOQUE,1,URBANA,11,CRUCE CON SEMAFORO FUNCIONANDO,27,CONDUCCION NO ATENTO CONDICIONES TRANSITO MOMENTO,1,IMPRUDENCIA DEL CONDUCTOR,0,MANUEL BULNES,0,TUCAPEL,MANUEL BULNES - TUCAPEL,0,0,0,0,2,0,1,UNIDIRECCIONAL,1,CONCRETO,1,BUENO,1,SECO,1,DESPEJADO,0,0,0,0,2,20:00:00
-8132219.76642671,-4408753.87956682,748,-73.052973,-36.781929,1438016,2022,1,2022/04/14 00:00:00+00,8,REGION BIO BIO,8101,CONCEPCION,30,COLISION,30,COLISION,1,URBANA,1,TRAMO DE VIA RECTA,27,CONDUCCION NO ATENTO CONDICIONES TRANSITO MOMENTO,1,IMPRUDENCIA DEL CONDUCTOR,0,RAMON CARRASCO,0,0,- RAMON CARRASCO,420,0,0,0,2,2,2,BIDIRECCIONAL,1,CONCRETO,1,BUENO,1,SECO,1,DESPEJADO,0,0,0,1,1,16:40:00
-8131671.5290665,-4414273.02512002,749,-73.048048,-36.821627,1438019,2022,1,2022/04/21 00:00:00+00,8,REGION BIO BIO,8101,CONCEPCION,30,COLISION,30,COLISION,1,URBANA,11,CRUCE CON SEMAFORO FUNCIONANDO,29,CONDUCCION CAMBIAR SORPRESIVAMENTE PISTA CIRCULACION,1,IMPRUDENCIA DEL CONDUCTOR,0,TUCAPEL,0,LOS CARRERA,LOS CARRERA - TUCAPEL,0,0,0,0,2,0,1,UNIDIRECCIONAL,1,CONCRETO,1,BUENO,1,SECO,3,LLUVIA,0,0,0,0,2,21:05:00
-8132083.84532845,-4413463.25882638,750,-73.051752,-36.815804,1438023,2022,1,2022/04/14 00:00:00+00,8,REGION BIO BIO,8101,CONCEPCION,30,COLISION,30,COLISION,1,URBANA,1,TRAMO DE VIA RECTA,27,CONDUCCION NO ATENTO CONDICIONES TRANSITO MOMENTO,1,IMPRUDENCIA DEL CONDUCTOR,0,MANUEL RODRIGUEZ,0,OROMPELLO,MANUEL RODRIGUEZ - OROMPELLO,0,0,0,0,2,2,2,BIDIRECCIONAL,1,CONCRETO,1,BUENO,1,SECO,1,DESPEJADO,0,0,0,0,2,23:20:00
-8132083.84532845,-4413463.25882638,751,-73.051752,-36.815804,1438030,2022,1,2022/04/14 00:00:00+00,8,REGION BIO BIO,8101,CONCEPCION,30,COLISION,30,COLISION,1,URBANA,1,TRAMO DE VIA RECTA,24,CONDUCCION EN ESTADO DE EBRIEDAD,4,ALCOHOL EN CONDUCTOR,0,MANUEL RODRIGUEZ,0,OROMPELLO,MANUEL RODRIGUEZ - OROMPELLO,0,0,0,0,2,2,2,BIDIRECCIONAL,1,CONCRETO,1,BUENO,1,SECO,1,DESPEJADO,0,0,0,0,2,00:40:00
-8138093.67294181,-4410436.45230908,752,-73.105739,-36.794033,1438042,2022,1,2022/04/21 00:00:00+00,8,REGION BIO BIO,8112,HUALPEN,63,CHOQUE FRENTE/POSTERIOR,40,CHOQUE,1,URBANA,14,CRUCE CON SEÑAL PARE,24,CONDUCCION EN ESTADO DE EBRIEDAD,4,ALCOHOL EN CONDUCTOR,0,ALEMANIA,0,POSTDAM,ALEMANIA - POSTDAM,0,0,0,0,1,1,2,BIDIRECCIONAL,1,CONCRETO,1,BUENO,3,MOJADO,3,LLUVIA,0,0,0,0,2,20:10:00
-8127884.12829514,-4433072.08174497,753,-73.014025,-36.956693,1438047,2022,1,2022/04/15 00:00:00+00,8,REGION BIO BIO,8103,CHIGUAYANTE,50,CHOQUE,40,CHOQUE,1,URBANA,1,TRAMO DE VIA RECTA,27,CONDUCCION NO ATENTO CONDICIONES TRANSITO MOMENTO,1,IMPRUDENCIA DEL CONDUCTOR,0,21 DE MAYO,0,0,- 21 DE MAYO,3225,0,0,0,2,2,2,BIDIRECCIONAL,1,CONCRETO,1,BUENO,1,SECO,1,DESPEJADO,0,0,0,0,2,13:00:00
-8132167.43513409,-4414366.37754527,754,-73.052503,-36.822299,1438048,2022,1,2022/04/15 00:00:00+00,8,REGION BIO BIO,8101,CONCEPCION,30,COLISION,30,COLISION,1,URBANA,1,TRAMO DE VIA RECTA,27,CONDUCCION NO ATENTO CONDICIONES TRANSITO MOMENTO,1,IMPRUDENCIA DEL CONDUCTOR,0,ANIBAL PINTO,0,LAS HERAS,ANIBAL PINTO - LAS HERAS,0,0,0,0,2,2,2,BIDIRECCIONAL,1,CONCRETO,1,BUENO,1,SECO,1,DESPEJADO,0,0,0,0,2,07:35:00
-8142010.47148927,-4443530.63070975,755,-73.140924,-37.031731,1438054,2022,1,2022/04/11 00:00:00+00,8,REGION BIO BIO,8102,CORONEL,50,CHOQUE,40,CHOQUE,1,URBANA,1,TRAMO DE VIA RECTA,93,CONDUCIR VEHICULO EN RETROCESO,1,IMPRUDENCIA DEL CONDUCTOR,0,FRANCIA,0,0,- FRANCIA,405,0,0,0,1,0,1,UNIDIRECCIONAL,2,ASFALTO,1,BUENO,1,SECO,1,DESPEJADO,0,0,0,0,1,01:10:00
-8129810.11133315,-4411710.51275651,756,-73.031327,-36.803198,1438058,2022,1,2022/04/15 00:00:00+00,8,REGION BIO BIO,8101,CONCEPCION,99,OTRO TIPO,99,OTRO TIPO,1,URBANA,1,TRAMO DE VIA RECTA,97,CAUSAS NO DETERMINADAS,13,CAUSAS NO DETERMINADAS,0,BELLAVISTA,0,0,- BELLAVISTA,2876,0,0,0,2,2,2,BIDIRECCIONAL,1,CONCRETO,1,BUENO,1,SECO,1,DESPEJADO,0,0,0,0,1,11:45:00
-8130444.40979169,-4410240.11436315,757,-73.037025,-36.792621,1438084,2022,1,2022/04/20 00:00:00+00,8,REGION BIO BIO,8101,CONCEPCION,33,COLISION POR ALCANCE,30,COLISION,1,URBANA,11,CRUCE CON SEMAFORO FUNCIONANDO,28,CONDUCCION SIN MANTENER DISTANCIA RAZONABLE NI PRUDENTE,1,IMPRUDENCIA DEL CONDUCTOR,0,CAMPOS DEPORTIVOS,0,ANDALIEN,ANDALIEN - CAMPOS DEPORTIVOS,0,0,0,0,2,2,2,BIDIRECCIONAL,1,CONCRETO,1,BUENO,3,MOJADO,3,LLUVIA,0,0,0,0,2,08:08:00
-8131682.09328618,-4413217.29441484,758,-73.048143,-36.814035,1438101,2022,1,2022/04/20 00:00:00+00,8,REGION BIO BIO,8101,CONCEPCION,32,COLISION LATERAL,30,COLISION,1,URBANA,11,CRUCE CON SEMAFORO FUNCIONANDO,27,CONDUCCION NO ATENTO CONDICIONES TRANSITO MOMENTO,1,IMPRUDENCIA DEL CONDUCTOR,0,PAICAVI,0,MANUEL RODRIGUEZ,MANUEL RODRIGUEZ - PAICAVI,0,0,0,0,3,3,3,BIDIRECCIONAL CON BANDEJON,1,CONCRETO,1,BUENO,2,HUMEDO,2,NUBLADO,0,0,0,0,2,18:30:00
-8130809.21489497,-4414906.48322115,759,-73.040302,-36.826183,1438109,2022,1,2022/04/20 00:00:00+00,8,REGION BIO BIO,8101,CONCEPCION,32,COLISION LATERAL,30,COLISION,1,URBANA,16,CRUCE SIN SEÑALIZACION,27,CONDUCCION NO ATENTO CONDICIONES TRANSITO MOMENTO,1,IMPRUDENCIA DEL CONDUCTOR,0,COCHRANE,0,PAICAVI,COCHRANE - PAICAVI,0,0,0,0,2,0,1,UNIDIRECCIONAL,1,CONCRETO,1,BUENO,1,SECO,1,DESPEJADO,0,0,0,1,1,21:48:00
-8128649.89507231,-4413302.26683565,760,-73.020904,-36.814646,1438138,2022,1,2022/04/20 00:00:00+00,8,REGION BIO BIO,8101,CONCEPCION,33,COLISION POR ALCANCE,30,COLISION,1,URBANA,1,TRAMO DE VIA RECTA,28,CONDUCCION SIN MANTENER DISTANCIA RAZONABLE NI PRUDENTE,1,IMPRUDENCIA DEL CONDUCTOR,0,GENERAL BONILLA,0,0,- GENERAL BONILLA,1960,0,0,0,2,2,3,BIDIRECCIONAL CON BANDEJON,1,CONCRETO,1,BUENO,1,SECO,1,DESPEJADO,0,0,0,0,2,08:40:00
-8132102.86982943,-4415526.76662235,761,-73.051923,-36.830643,1438142,2022,1,2022/04/20 00:00:00+00,8,REGION BIO BIO,8101,CONCEPCION,10,ATROPELLO,10,ATROPELLO,1,URBANA,11,CRUCE CON SEMAFORO FUNCIONANDO,52,PEATON CRUZA CALZADA FORMA SORPRESIVA O DESCUIDADA,2,IMPRUDENCIA DEL PEATON,0,SAN MARTIN,0,LINCOYAN,LINCOYAN - SAN MARTIN,0,0,0,0,2,0,1,UNIDIRECCIONAL,1,CONCRETO,1,BUENO,1,SECO,1,DESPEJADO,0,0,0,1,1,15:00:00
-8131110.17827028,-4414346.68627585,762,-73.043006,-36.822157,1438147,2022,1,2022/04/21 00:00:00+00,8,REGION BIO BIO,8101,CONCEPCION,10,ATROPELLO,10,ATROPELLO,1,URBANA,11,CRUCE CON SEMAFORO FUNCIONANDO,31,NO RESPETAR DERECHO PREFERENTE DE PASO A PEATON,1,IMPRUDENCIA DEL CONDUCTOR,0,FREIRE,0,PAICAVI,FREIRE - PAICAVI,0,0,0,0,2,0,1,UNIDIRECCIONAL,1,CONCRETO,1,BUENO,1,SECO,1,DESPEJADO,0,0,0,1,1,18:00:00
-8130055.0142129,-4412451.1132538,763,-73.033527,-36.808525,1438154,2022,1,2022/04/21 00:00:00+00,8,REGION BIO BIO,8101,CONCEPCION,30,COLISION,30,COLISION,1,URBANA,1,TRAMO DE VIA RECTA,27,CONDUCCION NO ATENTO CONDICIONES TRANSITO MOMENTO,1,IMPRUDENCIA DEL CONDUCTOR,0,CAMILO HENRIQUEZ,0,JUAN JOSE MANZANO,CAMILO HENRIQUEZ - JUAN JOSE MANZANO,0,0,0,0,2,2,2,BIDIRECCIONAL,1,CONCRETO,1,BUENO,1,SECO,3,LLUVIA,0,0,0,0,2,11:00:00
-8121404.25413191,-4386780.87516543,764,-72.955816,-36.623674,1438283,2022,1,2022/04/19 00:00:00+00,8,REGION BIO BIO,8111,TOME,32,COLISION LATERAL,30,COLISION,1,URBANA,1,TRAMO DE VIA RECTA,27,CONDUCCION NO ATENTO CONDICIONES TRANSITO MOMENTO,1,IMPRUDENCIA DEL CONDUCTOR,0,LOS SUSPIROS,0,LATORRE,LATORRE - LOS SUSPIROS,0,0,0,0,1,1,2,BIDIRECCIONAL,1,CONCRETO,1,BUENO,1,SECO,1,DESPEJADO,0,0,0,0,2,08:40:00
-8138443.69481671,-4403010.3949292,765,-73.108884,-36.740594,1438288,2022,1,2022/04/01 00:00:00+00,8,REGION BIO BIO,8110,TALCAHUANO,20,CAIDA,20,CAIDA,1,URBANA,1,TRAMO DE VIA RECTA,24,CONDUCCION EN ESTADO DE EBRIEDAD,4,ALCOHOL EN CONDUCTOR,0,ALTO HORNO,0,0,- ALTO HORNO,777,0,0,0,1,1,3,BIDIRECCIONAL CON BANDEJON,1,CONCRETO,1,BUENO,1,SECO,1,DESPEJADO,0,1,0,0,1,17:00:00
-8121383.61549832,-4387104.69748582,766,-72.95563,-36.626009,1438289,2022,1,2022/04/22 00:00:00+00,8,REGION BIO BIO,8111,TOME,63,CHOQUE FRENTE/POSTERIOR,40,CHOQUE,1,URBANA,15,CRUCE CON SEÑAL CEDA EL PASO,31,NO RESPETAR DERECHO PREFERENTE DE PASO A PEATON,1,IMPRUDENCIA DEL CONDUCTOR,0,LATORRE,0,0,- LATORRE,260,0,0,0,2,2,3,BIDIRECCIONAL CON BANDEJON,1,CONCRETO,1,BUENO,1,SECO,1,DESPEJADO,0,0,0,0,2,14:10:00
-8139661.66362938,-4416412.07621095,767,-73.119825,-36.837008,1438294,2022,1,2022/04/02 00:00:00+00,8,REGION BIO BIO,8108,SAN PEDRO DE LA PAZ,67,CHOQUE POSTERIOR/FRENTE,40,CHOQUE,1,URBANA,11,CRUCE CON SEMAFORO FUNCIONANDO,97,CAUSAS NO DETERMINADAS,13,CAUSAS NO DETERMINADAS,0,PUENTE PATRICIO AYLWIN AZOCAR,0,PEDRO AGUIRRE CERDA,PEDRO AGUIRRE CERDA - PUENTE PATRICIO AYLWIN AZOCAR,0,0,0,0,1,1,2,BIDIRECCIONAL,2,ASFALTO,1,BUENO,3,MOJADO,3,LLUVIA,0,0,0,2,2,22:00:00
-8139353.45335522,-4400821.9784004,768,-73.117056,-36.724839,1438316,2022,1,2022/04/23 00:00:00+00,8,REGION BIO BIO,8110,TALCAHUANO,32,COLISION LATERAL,30,COLISION,1,URBANA,16,CRUCE SIN SEÑALIZACION,31,NO RESPETAR DERECHO PREFERENTE DE PASO A PEATON,1,IMPRUDENCIA DEL CONDUCTOR,0,LUIS CRUCHAGA,0,IQUIQUE,IQUIQUE - LUIS CRUCHAGA,0,0,0,0,1,1,2,BIDIRECCIONAL,1,CONCRETO,1,BUENO,1,SECO,1,DESPEJADO,0,0,0,0,2,18:15:00
-8165085.52138148,-4505311.61124897,769,-73.348211,-37.473485,1438321,2022,1,2022/04/22 00:00:00+00,8,REGION BIO BIO,8205,CURANILAHUE,53,CHOQUE POSTERIOR,40,CHOQUE,1,URBANA,26,OTROS NO CONSIDERADOS,27,CONDUCCION NO ATENTO CONDICIONES TRANSITO MOMENTO,1,IMPRUDENCIA DEL CONDUCTOR,0,BERNARDO O'HIGGINS,0,0,- BERNARDO O'HIGGINS,111,0,0,0,1,0,1,UNIDIRECCIONAL,1,CONCRETO,1,BUENO,2,HUMEDO,4,LLOVIZNA,0,0,0,0,2,12:30:00
-8164334.41538125,-4506223.89472887,770,-73.341464,-37.479989,1438361,2022,1,2022/04/24 00:00:00+00,8,REGION BIO BIO,8205,CURANILAHUE,32,COLISION LATERAL,30,COLISION,1,URBANA,1,TRAMO DE VIA RECTA,24,CONDUCCION EN ESTADO DE EBRIEDAD,4,ALCOHOL EN CONDUCTOR,0,SARGENTO ALDEA,0,0,- SARGENTO ALDEA,550,0,0,0,1,1,2,BIDIRECCIONAL,1,CONCRETO,1,BUENO,2,HUMEDO,2,NUBLADO,0,0,0,0,2,20:40:00
-8053397.14005962,-4507054.41288064,771,-72.344897,-37.485909,1438373,2022,1,2022/04/18 00:00:00+00,8,REGION BIO BIO,8301,LOS ANGELES,69,CHOQUE POSTERIOR/POSTERIOR,40,CHOQUE,1,URBANA,15,CRUCE CON SEÑAL CEDA EL PASO,27,CONDUCCION NO ATENTO CONDICIONES TRANSITO MOMENTO,1,IMPRUDENCIA DEL CONDUCTOR,0,LOS CARRERA,0,BALBINO SANHUEZA,BALBINO SANHUEZA - LOS CARRERA,0,0,0,0,1,1,2,BIDIRECCIONAL,2,ASFALTO,1,BUENO,1,SECO,1,DESPEJADO,0,0,0,0,2,07:45:00
-8131182.63612684,-4414007.28182355,772,-73.043656,-36.819716,1438376,2022,1,2022/04/20 00:00:00+00,8,REGION BIO BIO,8101,CONCEPCION,32,COLISION LATERAL,30,COLISION,1,URBANA,24,ROTONDA,64,SEÑALIZACION DESOBEDECER SEÑAL CEDA EL PASO,10,DESOBEDIENCIA A SEÑALIZACION,0,LOS CARRERA,0,PAICAVI,LOS CARRERA - PAICAVI,0,0,0,0,3,3,3,BIDIRECCIONAL CON BANDEJON,1,CONCRETO,1,BUENO,1,SECO,1,DESPEJADO,0,0,0,0,2,19:30:00
-8056009.75284879,-4506248.99041471,773,-72.368367,-37.480168,1438385,2022,1,2022/04/18 00:00:00+00,8,REGION BIO BIO,8301,LOS ANGELES,63,CHOQUE FRENTE/POSTERIOR,40,CHOQUE,1,URBANA,1,TRAMO DE VIA RECTA,27,CONDUCCION NO ATENTO CONDICIONES TRANSITO MOMENTO,1,IMPRUDENCIA DEL CONDUCTOR,0,VICUÑA MACKENNA,0,PADRE HURTADO,PADRE HURTADO - VICUÑA MACKENNA,0,0,0,0,2,2,3,BIDIRECCIONAL CON BANDEJON,2,ASFALTO,1,BUENO,1,SECO,1,DESPEJADO,0,0,0,0,2,19:30:00
-8129386.45161509,-4412765.92717035,774,-73.027521,-36.810789,1438389,2022,1,2022/04/21 00:00:00+00,8,REGION BIO BIO,8101,CONCEPCION,32,COLISION LATERAL,30,COLISION,1,URBANA,24,ROTONDA,29,CONDUCCION CAMBIAR SORPRESIVAMENTE PISTA CIRCULACION,1,IMPRUDENCIA DEL CONDUCTOR,0,ROTONDA GENERAL BONILLA,0,ALONSO DE RIBERA,ALONSO DE RIBERA - ROTONDA GENERAL BONILLA,0,0,0,0,3,0,1,UNIDIRECCIONAL,1,CONCRETO,1,BUENO,1,SECO,3,LLUVIA,0,0,0,0,2,21:15:00
-8139416.94999276,-4416545.88115604,775,-73.117627,-36.83797,1438393,2022,1,2022/04/14 00:00:00+00,8,REGION BIO BIO,8108,SAN PEDRO DE LA PAZ,30,COLISION,30,COLISION,1,URBANA,1,TRAMO DE VIA RECTA,97,CAUSAS NO DETERMINADAS,13,CAUSAS NO DETERMINADAS,0,PEDRO AGUIRRE CERDA,0,0,- PEDRO AGUIRRE CERDA,1979,0,0,0,2,2,3,BIDIRECCIONAL CON BANDEJON,1,CONCRETO,1,BUENO,1,SECO,1,DESPEJADO,0,0,0,2,4,22:05:00
-8137341.13092015,-4417382.53404175,776,-73.098979,-36.843985,1438400,2022,1,2022/04/12 00:00:00+00,8,REGION BIO BIO,8108,SAN PEDRO DE LA PAZ,30,COLISION,30,COLISION,1,URBANA,1,TRAMO DE VIA RECTA,97,CAUSAS NO DETERMINADAS,13,CAUSAS NO DETERMINADAS,0,LOS CANELOS,0,MADRE SELVA,LOS CANELOS - MADRE SELVA,0,0,0,0,1,1,2,BIDIRECCIONAL,1,CONCRETO,1,BUENO,1,SECO,1,DESPEJADO,0,0,0,0,1,16:00:00
-8051352.802139,-4503104.08100628,777,-72.326533,-37.457745,1438406,2022,1,2022/04/18 00:00:00+00,8,REGION BIO BIO,8301,LOS ANGELES,63,CHOQUE FRENTE/POSTERIOR,40,CHOQUE,1,URBANA,1,TRAMO DE VIA RECTA,27,CONDUCCION NO ATENTO CONDICIONES TRANSITO MOMENTO,1,IMPRUDENCIA DEL CONDUCTOR,0,LAS INDUSTRIAS,0,0,- LAS INDUSTRIAS,504,0,0,0,1,1,2,BIDIRECCIONAL,2,ASFALTO,1,BUENO,1,SECO,1,DESPEJADO,0,0,0,0,2,17:50:00
-8057242.87224416,-4503593.90814216,778,-72.379444,-37.461238,1438411,2022,1,2022/04/18 00:00:00+00,8,REGION BIO BIO,8301,LOS ANGELES,32,COLISION LATERAL,30,COLISION,1,URBANA,1,TRAMO DE VIA RECTA,11,ADELANTAMIENTO SIN EL ESPACIO O TIEMPO SUFICIENTE,1,IMPRUDENCIA DEL CONDUCTOR,0,LAS TRANQUERAS,0,LLEU LLEU,LAS TRANQUERAS - LLEU LLEU,0,0,0,0,1,1,2,BIDIRECCIONAL,2,ASFALTO,1,BUENO,1,SECO,1,DESPEJADO,0,0,0,1,1,07:50:00
-8136788.25153717,-4417246.27040486,779,-73.094013,-36.843005,1438421,2022,1,2022/04/20 00:00:00+00,8,REGION BIO BIO,8108,SAN PEDRO DE LA PAZ,30,COLISION,30,COLISION,1,URBANA,26,OTROS NO CONSIDERADOS,97,CAUSAS NO DETERMINADAS,13,CAUSAS NO DETERMINADAS,0,MICHIMALONCO,0,0,- MICHIMALONCO,1130,0,0,0,1,1,2,BIDIRECCIONAL,1,CONCRETO,1,BUENO,1,SECO,1,DESPEJADO,0,0,0,0,1,12:20:00
-8054522.61350739,-4506376.92463809,780,-72.355008,-37.48108,1438442,2022,1,2022/04/18 00:00:00+00,8,REGION BIO BIO,8301,LOS ANGELES,30,COLISION,30,COLISION,1,URBANA,11,CRUCE CON SEMAFORO FUNCIONANDO,27,CONDUCCION NO ATENTO CONDICIONES TRANSITO MOMENTO,1,IMPRUDENCIA DEL CONDUCTOR,0,VICUÑA MACKENNA,0,MANUEL RODRIGUEZ,MANUEL RODRIGUEZ - VICUÑA MACKENNA,0,0,0,0,2,2,3,BIDIRECCIONAL CON BANDEJON,1,CONCRETO,1,BUENO,1,SECO,2,NUBLADO,0,0,0,0,2,19:00:00
-8051297.91049809,-4503870.68012641,781,-72.32604,-37.463211,1438443,2022,1,2022/04/19 00:00:00+00,8,REGION BIO BIO,8301,LOS ANGELES,69,CHOQUE POSTERIOR/POSTERIOR,40,CHOQUE,1,URBANA,11,CRUCE CON SEMAFORO FUNCIONANDO,27,CONDUCCION NO ATENTO CONDICIONES TRANSITO MOMENTO,1,IMPRUDENCIA DEL CONDUCTOR,0,LAS INDUSTRIAS,0,0,- LAS INDUSTRIAS,1698,0,0,0,2,2,3,BIDIRECCIONAL CON BANDEJON,2,ASFALTO,1,BUENO,3,MOJADO,3,LLUVIA,0,0,0,0,2,09:13:00