X,Y,FID,POINT_X,POINT_Y,Idaccident,Año,Claseaccid,Fecha,Cód_Regi,Región,Cód_Comun,Comuna,Cód_Tipo,Tipo_Accid,Cód_Tip_1,Tipo__CONA,Cód_Zona,Zona,Cód_Ubica,Ubicación,Cód_Causa,Causa,Cód_Cau_1,Causa__CON,Cód_Calle,Calle_Uno,Cód_Cal_1,Calle_Dos,Intersecci,Número,Ruta,Cód_Ruta,Ubicaci_1,Pistas_de,Pistas_d_1,Cód_Calza,Calzada,Cód__Tipo,Tipo_Calza,Cód_Estad,Estado_Cal,Cód_Condi,Condición,Cód_Est_1,Estado_Atm,Fallecidos,Graves,Menos_Grav,Leves,Ilesos,Hora_1
-8134764.18489582,-4407085.77504924,1102,-73.07583,-36.769926,1443073,2022,1,2022/05/06 00:00:00+00,8,REGION BIO BIO,8110,TALCAHUANO,51,CHOQUE FRONTAL,40,CHOQUE,1,URBANA,1,TRAMO DE VIA RECTA,72,VELOCIDAD NO RAZONABLE NI PRUDENTE,7,VELOCIDAD IMPRUDENTE,0,VASCO NUÑEZ DE BALBOA,0,0,- VASCO NUÑEZ DE BALBOA,6226,0,0,0,1,1,2,BIDIRECCIONAL,1,CONCRETO,1,BUENO,1,SECO,1,DESPEJADO,0,0,0,0,1,11:00:00
-8093123.20353741,-4478418.09697964,1103,-72.701763,-37.281506,1443109,2022,1,2022/05/03 00:00:00+00,8,REGION BIO BIO,8304,LAJA,67,CHOQUE POSTERIOR/FRENTE,40,CHOQUE,1,URBANA,1,TRAMO DE VIA RECTA,27,CONDUCCION NO ATENTO CONDICIONES TRANSITO MOMENTO,1,IMPRUDENCIA DEL CONDUCTOR,0,LOS MAGNOLIOS,0,0,- LOS MAGNOLIOS,320,0,0,0,2,0,1,UNIDIRECCIONAL,1,CONCRETO,1,BUENO,1,SECO,1,DESPEJADO,0,0,0,0,2,13:30:00
-8119848.96499824,-4464297.0899901,1104,-72.941844,-37.180507,1443110,2022,1,2022/05/03 00:00:00+00,8,REGION BIO BIO,8109,SANTA JUANA,53,CHOQUE POSTERIOR,40,CHOQUE,1,URBANA,1,TRAMO DE VIA RECTA,27,CONDUCCION NO ATENTO CONDICIONES TRANSITO MOMENTO,1,IMPRUDENCIA DEL CONDUCTOR,0,IRARRAZAVAL,0,0,- IRARRAZAVAL,780,0,0,0,2,0,1,UNIDIRECCIONAL,1,CONCRETO,1,BUENO,1,SECO,1,DESPEJADO,0,0,0,0,2,10:00:00
-8142297.2193656,-4400491.30963393,1105,-73.1435,-36.722458,1443128,2022,1,2022/05/06 00:00:00+00,8,REGION BIO BIO,8110,TALCAHUANO,62,CHOQUE FRENTE/LADO,40,CHOQUE,1,URBANA,1,TRAMO DE VIA RECTA,91,VIRAJES INDEBIDOS,1,IMPRUDENCIA DEL CONDUCTOR,0,ALCATRAZ,0,0,- ALCATRAZ,1971,0,0,0,1,1,2,BIDIRECCIONAL,1,CONCRETO,1,BUENO,1,SECO,1,DESPEJADO,0,0,0,0,2,13:00:00
-8133259.27896369,-4413955.92780086,1106,-73.062311,-36.819347,1443187,2022,1,2022/04/25 00:00:00+00,8,REGION BIO BIO,8101,CONCEPCION,30,COLISION,30,COLISION,1,URBANA,15,CRUCE CON SEÑAL CEDA EL PASO,64,SEÑALIZACION DESOBEDECER SEÑAL CEDA EL PASO,10,DESOBEDIENCIA A SEÑALIZACION,0,MANUEL RODRIGUEZ,0,ANGOL,ANGOL - MANUEL RODRIGUEZ,0,0,0,0,2,2,2,BIDIRECCIONAL,1,CONCRETO,1,BUENO,2,HUMEDO,2,NUBLADO,0,0,0,1,1,19:00:00
-8132025.8812696,-4412852.24470489,1107,-73.051231,-36.81141,1443188,2022,1,2022/04/25 00:00:00+00,8,REGION BIO BIO,8101,CONCEPCION,30,COLISION,30,COLISION,1,URBANA,14,CRUCE CON SEÑAL PARE,65,SEÑALIZACION DESOBEDECER SEÑAL PARE,10,DESOBEDIENCIA A SEÑALIZACION,0,ONGOLMO,0,BRASIL,BRASIL - ONGOLMO,0,0,0,0,2,0,1,UNIDIRECCIONAL,1,CONCRETO,1,BUENO,1,SECO,1,DESPEJADO,0,0,0,1,1,13:00:00
-8133225.46010238,-4414733.88506227,1108,-73.062007,-36.824941,1443191,2022,1,2022/04/25 00:00:00+00,8,REGION BIO BIO,8103,CHIGUAYANTE,30,COLISION,30,COLISION,1,URBANA,1,TRAMO DE VIA RECTA,29,CONDUCCION CAMBIAR SORPRESIVAMENTE PISTA CIRCULACION,1,IMPRUDENCIA DEL CONDUCTOR,0,ARTURO PRAT,0,MARTINEZ DE ROZAS,ARTURO PRAT - MARTINEZ DE ROZAS,0,0,0,0,2,2,2,BIDIRECCIONAL,1,CONCRETO,1,BUENO,1,SECO,2,NUBLADO,0,0,0,1,1,15:15:00
-8130241.26285294,-4412717.76318019,1109,-73.0352,-36.810443,1443192,2022,1,2022/04/26 00:00:00+00,8,REGION BIO BIO,8101,CONCEPCION,30,COLISION,30,COLISION,1,URBANA,1,TRAMO DE VIA RECTA,27,CONDUCCION NO ATENTO CONDICIONES TRANSITO MOMENTO,1,IMPRUDENCIA DEL CONDUCTOR,0,CAMILO HENRIQUEZ,0,BAQUEDANO,BAQUEDANO - CAMILO HENRIQUEZ,0,0,0,0,2,2,2,BIDIRECCIONAL,1,CONCRETO,1,BUENO,1,SECO,1,DESPEJADO,0,0,0,0,2,00:24:00
-8133158.1897341,-4413460.35266159,1110,-73.061403,-36.815783,1443194,2022,1,2022/04/26 00:00:00+00,8,REGION BIO BIO,8101,CONCEPCION,30,COLISION,30,COLISION,1,URBANA,15,CRUCE CON SEÑAL CEDA EL PASO,64,SEÑALIZACION DESOBEDECER SEÑAL CEDA EL PASO,10,DESOBEDIENCIA A SEÑALIZACION,0,LINCOYAN,0,BRASIL,BRASIL - LINCOYAN,0,0,0,0,2,2,2,BIDIRECCIONAL,1,CONCRETO,1,BUENO,1,SECO,1,DESPEJADO,0,0,0,0,2,08:55:00
-8131822.61187941,-4414995.80814405,1111,-73.049405,-36.826825,1443195,2022,1,2022/04/27 00:00:00+00,8,REGION BIO BIO,8101,CONCEPCION,30,COLISION,30,COLISION,1,URBANA,1,TRAMO DE VIA RECTA,32,NO RESPETAR DERECHO PREFERENTE DE PASO A VEHICULO,1,IMPRUDENCIA DEL CONDUCTOR,0,ANIBAL PINTO,0,JOSE JOAQUIN PRIETO,ANIBAL PINTO - JOSE JOAQUIN PRIETO,0,0,0,0,2,0,1,UNIDIRECCIONAL,1,CONCRETO,1,BUENO,1,SECO,1,DESPEJADO,0,0,0,1,1,00:15:00
-8133102.32961362,-4413917.8817635,1112,-73.060901,-36.819074,1443197,2022,1,2022/04/27 00:00:00+00,8,REGION BIO BIO,8101,CONCEPCION,30,COLISION,30,COLISION,1,URBANA,1,TRAMO DE VIA RECTA,32,NO RESPETAR DERECHO PREFERENTE DE PASO A VEHICULO,1,IMPRUDENCIA DEL CONDUCTOR,0,ANGOL,0,MANUEL RODRIGUEZ,ANGOL - MANUEL RODRIGUEZ,0,0,0,0,2,2,2,BIDIRECCIONAL,1,CONCRETO,1,BUENO,1,SECO,1,DESPEJADO,0,0,0,1,1,11:15:00
-8132974.25653946,-4414780.84828375,1113,-73.059751,-36.825279,1443200,2022,1,2022/04/28 00:00:00+00,8,REGION BIO BIO,8101,CONCEPCION,20,CAIDA,20,CAIDA,1,URBANA,1,TRAMO DE VIA RECTA,43,IMPRUDENCIA DEL PASAJERO,3,IMPRUDENCIA DEL PASAJERO,0,LAS HERAS,0,ROZAS,LAS HERAS - ROZAS,0,0,0,0,2,0,1,UNIDIRECCIONAL,1,CONCRETO,1,BUENO,1,SECO,1,DESPEJADO,0,0,0,0,2,07:05:00
-8132063.49612553,-4412730.31861043,1114,-73.051569,-36.810533,1443204,2022,1,2022/04/28 00:00:00+00,8,REGION BIO BIO,8101,CONCEPCION,30,COLISION,30,COLISION,1,URBANA,1,TRAMO DE VIA RECTA,93,CONDUCIR VEHICULO EN RETROCESO,1,IMPRUDENCIA DEL CONDUCTOR,0,ONGOLMO,0,0,- ONGOLMO,1780,0,0,0,2,0,1,UNIDIRECCIONAL,1,CONCRETO,1,BUENO,1,SECO,1,DESPEJADO,0,0,0,0,2,08:30:00
-8139345.07099756,-4400814.25633659,1115,-73.116981,-36.724783,1443208,2022,1,2022/05/06 00:00:00+00,8,REGION BIO BIO,8110,TALCAHUANO,32,COLISION LATERAL,30,COLISION,1,URBANA,1,TRAMO DE VIA RECTA,91,VIRAJES INDEBIDOS,1,IMPRUDENCIA DEL CONDUCTOR,0,ESPAÑA,0,0,- ESPAÑA,294,0,0,0,1,1,2,BIDIRECCIONAL,1,CONCRETO,1,BUENO,1,SECO,1,DESPEJADO,0,0,0,0,2,15:30:00
-8139567.18677754,-4402994.26695706,1116,-73.118976,-36.740478,1443225,2022,1,2022/05/07 00:00:00+00,8,REGION BIO BIO,8110,TALCAHUANO,51,CHOQUE FRONTAL,40,CHOQUE,1,URBANA,1,TRAMO DE VIA RECTA,72,VELOCIDAD NO RAZONABLE NI PRUDENTE,7,VELOCIDAD IMPRUDENTE,0,JUAN ANTONIO RIOS,0,0,- JUAN ANTONIO RIOS,101,0,0,0,1,1,2,BIDIRECCIONAL,1,CONCRETO,1,BUENO,1,SECO,1,DESPEJADO,0,0,0,0,1,06:50:00
-8121458.62257122,-4386076.3673281,1117,-72.956304,-36.618595,1443234,2022,1,2022/05/07 00:00:00+00,8,REGION BIO BIO,8111,TOME,32,COLISION LATERAL,30,COLISION,1,URBANA,11,CRUCE CON SEMAFORO FUNCIONANDO,11,ADELANTAMIENTO SIN EL ESPACIO O TIEMPO SUFICIENTE,1,IMPRUDENCIA DEL CONDUCTOR,0,MARIANO EGAÑA,0,MANUEL MONTT,MANUEL MONTT - MARIANO EGAÑA,0,0,0,0,2,0,1,UNIDIRECCIONAL,1,CONCRETO,1,BUENO,1,SECO,1,DESPEJADO,0,0,0,0,2,13:00:00
-8136316.50179909,-4404267.10429921,1118,-73.089775,-36.74964,1443242,2022,1,2022/05/07 00:00:00+00,8,REGION BIO BIO,8110,TALCAHUANO,32,COLISION LATERAL,30,COLISION,1,URBANA,15,CRUCE CON SEÑAL CEDA EL PASO,64,SEÑALIZACION DESOBEDECER SEÑAL CEDA EL PASO,10,DESOBEDIENCIA A SEÑALIZACION,0,VOLCAN MIÑO,0,VOLCAN LASKAR,VOLCAN LASKAR - VOLCAN MIÑO,0,0,0,0,1,1,2,BIDIRECCIONAL,1,CONCRETO,1,BUENO,1,SECO,1,DESPEJADO,0,0,0,0,2,10:20:00
-8121159.18427293,-4384877.93406777,1119,-72.953614,-36.609954,1443251,2022,1,2022/05/05 00:00:00+00,8,REGION BIO BIO,8111,TOME,63,CHOQUE FRENTE/POSTERIOR,40,CHOQUE,1,URBANA,26,OTROS NO CONSIDERADOS,27,CONDUCCION NO ATENTO CONDICIONES TRANSITO MOMENTO,1,IMPRUDENCIA DEL CONDUCTOR,0,MARIANO EGAÑA,0,0,- MARIANO EGAÑA,2007,0,0,0,2,0,1,UNIDIRECCIONAL,1,CONCRETO,1,BUENO,1,SECO,1,DESPEJADO,0,0,0,0,2,13:05:00
-8142037.9228757,-4399997.76296542,1120,-73.141171,-36.718904,1443253,2022,1,2022/05/07 00:00:00+00,8,REGION BIO BIO,8110,TALCAHUANO,32,COLISION LATERAL,30,COLISION,1,URBANA,16,CRUCE SIN SEÑALIZACION,32,NO RESPETAR DERECHO PREFERENTE DE PASO A VEHICULO,1,IMPRUDENCIA DEL CONDUCTOR,0,MAHUIDA,0,SAN VICENTE,MAHUIDA - SAN VICENTE,0,0,0,0,1,1,2,BIDIRECCIONAL,1,CONCRETO,1,BUENO,1,SECO,1,DESPEJADO,0,0,0,0,2,18:40:00
-8136537.77155094,-4408663.35610359,1121,-73.091762,-36.781277,1443281,2022,1,2022/05/07 00:00:00+00,8,REGION BIO BIO,8110,TALCAHUANO,32,COLISION LATERAL,30,COLISION,1,URBANA,14,CRUCE CON SEÑAL PARE,65,SEÑALIZACION DESOBEDECER SEÑAL PARE,10,DESOBEDIENCIA A SEÑALIZACION,0,AYSEN,0,LAS GOLONDRINAS,AYSEN - LAS GOLONDRINAS,0,0,0,0,1,1,2,BIDIRECCIONAL,1,CONCRETO,1,BUENO,1,SECO,1,DESPEJADO,0,0,0,0,2,18:26:00
-8133467.94734918,-4409875.58372646,1122,-73.064186,-36.789999,1443301,2022,1,2022/05/07 00:00:00+00,8,REGION BIO BIO,8110,TALCAHUANO,62,CHOQUE FRENTE/LADO,40,CHOQUE,1,URBANA,26,OTROS NO CONSIDERADOS,29,CONDUCCION CAMBIAR SORPRESIVAMENTE PISTA CIRCULACION,1,IMPRUDENCIA DEL CONDUCTOR,0,PRESIDENTE JORGE ALESSANDRI RODRIGUEZ,0,0,- PRESIDENTE JORGE ALESSANDRI RODRIGUEZ,3177,0,0,0,1,1,2,BIDIRECCIONAL,1,CONCRETO,1,BUENO,1,SECO,1,DESPEJADO,0,0,0,0,2,15:43:00
-8132957.31371296,-4414156.61733654,1123,-73.059599,-36.82079,1443309,2022,1,2022/04/28 00:00:00+00,8,REGION BIO BIO,8101,CONCEPCION,30,COLISION,30,COLISION,1,URBANA,1,TRAMO DE VIA RECTA,27,CONDUCCION NO ATENTO CONDICIONES TRANSITO MOMENTO,1,IMPRUDENCIA DEL CONDUCTOR,0,ANGOL,0,CRUZ,ANGOL - CRUZ,0,0,0,0,2,0,1,UNIDIRECCIONAL,1,CONCRETO,1,BUENO,1,SECO,1,DESPEJADO,0,0,0,1,1,08:30:00
-8055216.4456296,-4503515.96171849,1124,-72.36124,-37.460682,1443310,2022,1,2022/05/06 00:00:00+00,8,REGION BIO BIO,8301,LOS ANGELES,33,COLISION POR ALCANCE,30,COLISION,1,URBANA,11,CRUCE CON SEMAFORO FUNCIONANDO,27,CONDUCCION NO ATENTO CONDICIONES TRANSITO MOMENTO,1,IMPRUDENCIA DEL CONDUCTOR,0,OROMPELLO,0,LOS ANGELES,LOS ANGELES - OROMPELLO,0,0,0,0,1,0,1,UNIDIRECCIONAL,1,CONCRETO,1,BUENO,1,SECO,1,DESPEJADO,0,0,0,0,2,15:30:00
-8131414.45896641,-4410670.32772159,1125,-73.045739,-36.795716,1443312,2022,1,2022/04/29 00:00:00+00,8,REGION BIO BIO,8101,CONCEPCION,30,COLISION,30,COLISION,1,URBANA,1,TRAMO DE VIA RECTA,27,CONDUCCION NO ATENTO CONDICIONES TRANSITO MOMENTO,1,IMPRUDENCIA DEL CONDUCTOR,0,LIENTUR,0,MIGUEL ANGEL CRUCHAGA,LIENTUR - MIGUEL ANGEL CRUCHAGA,0,0,0,0,2,2,2,BIDIRECCIONAL,1,CONCRETO,1,BUENO,1,SECO,1,DESPEJADO,0,0,0,0,2,07:40:00
-8053725.632745,-4503259.43540615,1126,-72.347848,-37.458853,1443314,2022,1,2022/05/06 00:00:00+00,8,REGION BIO BIO,8301,LOS ANGELES,51,CHOQUE FRONTAL,40,CHOQUE,1,URBANA,1,TRAMO DE VIA RECTA,24,CONDUCCION EN ESTADO DE EBRIEDAD,4,ALCOHOL EN CONDUCTOR,0,ALMIRANTE LATORRE,0,ALMAGRO,ALMAGRO - ALMIRANTE LATORRE,0,0,0,0,1,0,1,UNIDIRECCIONAL,1,CONCRETO,1,BUENO,1,SECO,1,DESPEJADO,0,0,0,0,1,02:15:00
-8131355.78246282,-4412114.80016552,1127,-73.045212,-36.806106,1443317,2022,1,2022/04/29 00:00:00+00,8,REGION BIO BIO,8101,CONCEPCION,50,CHOQUE,40,CHOQUE,1,URBANA,1,TRAMO DE VIA RECTA,27,CONDUCCION NO ATENTO CONDICIONES TRANSITO MOMENTO,1,IMPRUDENCIA DEL CONDUCTOR,0,JUAN DE DIOS RIVERA,0,CARRIEL SUR,CARRIEL SUR - JUAN DE DIOS RIVERA,0,0,0,0,2,2,2,BIDIRECCIONAL,1,CONCRETO,1,BUENO,1,SECO,1,DESPEJADO,0,0,0,0,1,00:26:00
-8136203.9132661,-4405687.89318666,1128,-73.088763,-36.759866,1443318,2022,1,2022/04/04 00:00:00+00,8,REGION BIO BIO,8110,TALCAHUANO,32,COLISION LATERAL,30,COLISION,1,URBANA,11,CRUCE CON SEMAFORO FUNCIONANDO,62,SEÑALIZACION DESOBEDECER LUZ ROJA DE SEMAFORO,10,DESOBEDIENCIA A SEÑALIZACION,0,CRISTOBAL COLON,0,0,- CRISTOBAL COLON,5275,0,0,0,1,1,2,BIDIRECCIONAL,1,CONCRETO,1,BUENO,1,SECO,1,DESPEJADO,0,0,0,0,2,14:35:00
-8053899.63624106,-4506180.63321809,1129,-72.349411,-37.47968,1443327,2022,1,2022/05/06 00:00:00+00,8,REGION BIO BIO,8301,LOS ANGELES,65,CHOQUE LADO/LADO,40,CHOQUE,1,URBANA,1,TRAMO DE VIA RECTA,27,CONDUCCION NO ATENTO CONDICIONES TRANSITO MOMENTO,1,IMPRUDENCIA DEL CONDUCTOR,0,BIO BIO,0,0,- BIO BIO,1,0,0,0,1,1,2,BIDIRECCIONAL,1,CONCRETO,2,REGULAR,1,SECO,1,DESPEJADO,0,0,0,0,2,16:00:00
-8051628.98579566,-4506833.17997111,1130,-72.329014,-37.484332,1443347,2022,1,2022/05/08 00:00:00+00,8,REGION BIO BIO,8301,LOS ANGELES,31,COLISION FRONTAL,30,COLISION,1,URBANA,1,TRAMO DE VIA RECTA,27,CONDUCCION NO ATENTO CONDICIONES TRANSITO MOMENTO,1,IMPRUDENCIA DEL CONDUCTOR,0,FRANCISCO ENCINA,0,CARTIER,CARTIER - FRANCISCO ENCINA,0,0,0,0,2,2,3,BIDIRECCIONAL CON BANDEJON,2,ASFALTO,2,REGULAR,3,MOJADO,4,LLOVIZNA,0,0,0,1,1,14:00:00
-8139085.1733824,-4407329.95802522,1131,-73.114646,-36.771683,1443376,2022,1,2022/05/09 00:00:00+00,8,REGION BIO BIO,8112,HUALPEN,51,CHOQUE FRONTAL,40,CHOQUE,1,URBANA,1,TRAMO DE VIA RECTA,71,VELOCIDAD MAYOR QUE MAXIMA PERMITIDA,7,VELOCIDAD IMPRUDENTE,0,GRAN BRETAÑA,0,COSTANERA,COSTANERA - GRAN BRETAÑA,0,0,0,0,2,2,3,BIDIRECCIONAL CON BANDEJON,1,CONCRETO,1,BUENO,1,SECO,1,DESPEJADO,0,0,0,1,0,20:00:00
-8137191.92940664,-4404138.14935322,1132,-73.097639,-36.748712,1443379,2022,1,2022/05/04 00:00:00+00,8,REGION BIO BIO,8110,TALCAHUANO,52,CHOQUE LATERAL,40,CHOQUE,1,URBANA,16,CRUCE SIN SEÑALIZACION,91,VIRAJES INDEBIDOS,1,IMPRUDENCIA DEL CONDUCTOR,0,LAS MANZANAS,0,0,- LAS MANZANAS,3739,0,0,0,1,1,2,BIDIRECCIONAL,1,CONCRETO,1,BUENO,1,SECO,1,DESPEJADO,0,0,0,0,2,19:30:00
-8139605.19125169,-4403115.28985497,1133,-73.119317,-36.741349,1443386,2022,1,2022/05/05 00:00:00+00,8,REGION BIO BIO,8110,TALCAHUANO,63,CHOQUE FRENTE/POSTERIOR,40,CHOQUE,1,URBANA,1,TRAMO DE VIA RECTA,28,CONDUCCION SIN MANTENER DISTANCIA RAZONABLE NI PRUDENTE,1,IMPRUDENCIA DEL CONDUCTOR,0,GRAN BRETAÑA,0,0,- GRAN BRETAÑA,1725,0,0,0,1,1,2,BIDIRECCIONAL,1,CONCRETO,1,BUENO,1,SECO,1,DESPEJADO,0,0,0,0,2,10:20:00
-8137148.24763845,-4409408.05363888,1134,-73.097246,-36.786635,1443390,2022,1,2022/05/10 00:00:00+00,8,REGION BIO BIO,8112,HUALPEN,63,CHOQUE FRENTE/POSTERIOR,40,CHOQUE,1,URBANA,14,CRUCE CON SEÑAL PARE,27,CONDUCCION NO ATENTO CONDICIONES TRANSITO MOMENTO,1,IMPRUDENCIA DEL CONDUCTOR,0,TOSCANIA,0,LA RECONQUISTA,LA RECONQUISTA - TOSCANIA,0,0,0,0,1,1,2,BIDIRECCIONAL,1,CONCRETO,1,BUENO,1,SECO,1,DESPEJADO,0,0,0,0,2,21:15:00
-8138430.4700612,-4410042.70968839,1135,-73.108765,-36.791201,1443398,2022,1,2022/05/06 00:00:00+00,8,REGION BIO BIO,8110,TALCAHUANO,33,COLISION POR ALCANCE,30,COLISION,1,URBANA,1,TRAMO DE VIA RECTA,28,CONDUCCION SIN MANTENER DISTANCIA RAZONABLE NI PRUDENTE,1,IMPRUDENCIA DEL CONDUCTOR,0,GRAN BRETAÑA,0,0,- GRAN BRETAÑA,3795,0,0,0,1,1,2,BIDIRECCIONAL,1,CONCRETO,1,BUENO,1,SECO,2,NUBLADO,0,0,0,0,2,14:30:00
-8051301.13876332,-4506704.15999193,1136,-72.326069,-37.483412,1443425,2022,1,2022/05/09 00:00:00+00,8,REGION BIO BIO,8301,LOS ANGELES,32,COLISION LATERAL,30,COLISION,1,URBANA,1,TRAMO DE VIA RECTA,27,CONDUCCION NO ATENTO CONDICIONES TRANSITO MOMENTO,1,IMPRUDENCIA DEL CONDUCTOR,0,LAS INDUSTRIAS,0,0,- LAS INDUSTRIAS,1465,0,0,0,1,1,2,BIDIRECCIONAL,1,CONCRETO,1,BUENO,1,SECO,1,DESPEJADO,0,0,0,0,2,18:15:00
-8051931.87499816,-4500839.72719331,1137,-72.331735,-37.441597,1443440,2022,1,2022/05/09 00:00:00+00,8,REGION BIO BIO,8301,LOS ANGELES,51,CHOQUE FRONTAL,40,CHOQUE,1,URBANA,1,TRAMO DE VIA RECTA,5,FALLAS MECANICAS NEUMATICOS,12,FALLAS MECANICAS,0,CAMINO LAS DELICIAS,0,0,- CAMINO LAS DELICIAS,1,0,0,0,1,1,2,BIDIRECCIONAL,5,RIPIO,2,REGULAR,0,0,2,NUBLADO,0,0,0,0,1,15:25:00
-8051406.42473771,-4504830.42796691,1138,-72.327015,-37.470055,1443451,2022,1,2022/05/09 00:00:00+00,8,REGION BIO BIO,8301,LOS ANGELES,51,CHOQUE FRONTAL,40,CHOQUE,1,URBANA,1,TRAMO DE VIA RECTA,72,VELOCIDAD NO RAZONABLE NI PRUDENTE,7,VELOCIDAD IMPRUDENTE,0,LAS INDUSTRIAS,0,0,- LAS INDUSTRIAS,505,0,0,0,1,1,2,BIDIRECCIONAL,2,ASFALTO,1,BUENO,1,SECO,1,DESPEJADO,0,0,0,0,1,14:30:00
-8054271.510132,-4505141.31646532,1139,-72.352752,-37.472271,1443455,2022,1,2022/05/10 00:00:00+00,8,REGION BIO BIO,8301,LOS ANGELES,32,COLISION LATERAL,30,COLISION,1,URBANA,1,TRAMO DE VIA RECTA,27,CONDUCCION NO ATENTO CONDICIONES TRANSITO MOMENTO,1,IMPRUDENCIA DEL CONDUCTOR,0,VALDIVIA,0,RICARDO VICUÑA,RICARDO VICUÑA - VALDIVIA,0,0,0,0,2,0,1,UNIDIRECCIONAL,1,CONCRETO,1,BUENO,1,SECO,2,NUBLADO,0,0,0,0,2,09:15:00
-8117926.49965614,-4435488.24666298,1140,-72.924575,-36.974035,1443458,2022,1,2022/05/03 00:00:00+00,8,REGION BIO BIO,8105,HUALQUI,40,IMPACTO CON ANIMAL,99,OTRO TIPO,1,URBANA,1,TRAMO DE VIA RECTA,98,OTRAS CAUSAS,14,OTRAS CAUSAS,0,LA ARAUCANA,0,0,- LA ARAUCANA,2202,0,0,0,1,1,2,BIDIRECCIONAL,1,CONCRETO,2,REGULAR,1,SECO,1,DESPEJADO,0,1,0,1,0,17:50:00
-8054588.73728492,-4505139.33875613,1141,-72.355602,-37.472257,1443459,2022,1,2022/05/10 00:00:00+00,8,REGION BIO BIO,8301,LOS ANGELES,30,COLISION,30,COLISION,1,URBANA,1,TRAMO DE VIA RECTA,27,CONDUCCION NO ATENTO CONDICIONES TRANSITO MOMENTO,1,IMPRUDENCIA DEL CONDUCTOR,0,RICARDO VICUÑA,0,ERCILLA,ERCILLA - RICARDO VICUÑA,0,0,0,0,2,0,1,UNIDIRECCIONAL,2,ASFALTO,1,BUENO,1,SECO,1,DESPEJADO,0,0,0,1,1,12:00:00
-8056056.49590298,-4506241.58374433,1142,-72.368787,-37.480115,1443466,2022,1,2022/04/30 00:00:00+00,8,REGION BIO BIO,8301,LOS ANGELES,53,CHOQUE POSTERIOR,40,CHOQUE,1,URBANA,11,CRUCE CON SEMAFORO FUNCIONANDO,27,CONDUCCION NO ATENTO CONDICIONES TRANSITO MOMENTO,1,IMPRUDENCIA DEL CONDUCTOR,0,OCTAVIO JARA WOLF,0,PADRE HURTADO,OCTAVIO JARA WOLF - PADRE HURTADO,0,0,0,0,1,1,2,BIDIRECCIONAL,2,ASFALTO,1,BUENO,1,SECO,1,DESPEJADO,0,0,0,0,2,17:00:00
-8130808.79188091,-4420440.30072257,1143,-73.040298,-36.865964,1443474,2022,1,2022/05/09 00:00:00+00,8,REGION BIO BIO,8103,CHIGUAYANTE,34,COLISION PERPENDICULAR,30,COLISION,1,URBANA,1,TRAMO DE VIA RECTA,97,CAUSAS NO DETERMINADAS,13,CAUSAS NO DETERMINADAS,0,RAFAEL SOTOMAYOR,0,ZENON HERRERA,RAFAEL SOTOMAYOR - ZENON HERRERA,0,0,0,0,1,1,2,BIDIRECCIONAL,1,CONCRETO,1,BUENO,3,MOJADO,4,LLOVIZNA,0,0,0,0,2,09:50:00
-8129430.36715421,-4427386.01621747,1144,-73.027916,-36.915866,1443478,2022,1,2022/05/09 00:00:00+00,8,REGION BIO BIO,8103,CHIGUAYANTE,70,VOLCADURA,70,VOLCADURA,1,URBANA,21,ENLACE A NIVEL,98,OTRAS CAUSAS,14,OTRAS CAUSAS,0,COSTANERA,0,8 ORIENTE,8 ORIENTE - COSTANERA,0,0,0,0,2,2,3,BIDIRECCIONAL CON BANDEJON,1,CONCRETO,1,BUENO,2,HUMEDO,1,DESPEJADO,0,0,0,1,0,14:40:00
-8088383.98772392,-4510308.74569857,1145,-72.65919,-37.509103,1443486,2022,1,2022/05/05 00:00:00+00,8,REGION BIO BIO,8306,NACIMIENTO,30,COLISION,30,COLISION,1,URBANA,14,CRUCE CON SEÑAL PARE,65,SEÑALIZACION DESOBEDECER SEÑAL PARE,10,DESOBEDIENCIA A SEÑALIZACION,0,CAUPOLICAN,0,HERNAN MERINO,CAUPOLICAN - HERNAN MERINO,0,0,0,0,2,0,1,UNIDIRECCIONAL,2,ASFALTO,1,BUENO,1,SECO,1,DESPEJADO,0,0,0,0,3,16:40:00
-8141717.11123518,-4423167.33669061,1146,-73.138289,-36.88556,1443575,2022,1,2022/05/06 00:00:00+00,8,REGION BIO BIO,8108,SAN PEDRO DE LA PAZ,34,COLISION PERPENDICULAR,30,COLISION,1,URBANA,14,CRUCE CON SEÑAL PARE,65,SEÑALIZACION DESOBEDECER SEÑAL PARE,10,DESOBEDIENCIA A SEÑALIZACION,0,JAVIERA CARRERA,0,LOS SAUCES,JAVIERA CARRERA - LOS SAUCES,0,0,0,0,1,1,2,BIDIRECCIONAL,1,CONCRETO,1,BUENO,1,SECO,1,DESPEJADO,0,0,0,1,1,18:55:00
-8127509.2153821,-4431264.00666836,1147,-73.010657,-36.943713,1443576,2022,1,2022/05/09 00:00:00+00,8,REGION BIO BIO,8103,CHIGUAYANTE,65,CHOQUE LADO/LADO,40,CHOQUE,1,URBANA,14,CRUCE CON SEÑAL PARE,97,CAUSAS NO DETERMINADAS,13,CAUSAS NO DETERMINADAS,0,O'HIGGINS PONIENTE,0,ESPERANZA,ESPERANZA - O'HIGGINS PONIENTE,0,0,0,0,1,1,2,BIDIRECCIONAL,1,CONCRETO,1,BUENO,3,MOJADO,4,LLOVIZNA,0,0,0,0,2,07:45:00