X,Y,FID,POINT_X,POINT_Y,Idaccident,Año,Claseaccid,Fecha,Cód_Regi,Región,Cód_Comun,Comuna,Cód_Tipo,Tipo_Accid,Cód_Tip_1,Tipo__CONA,Cód_Zona,Zona,Cód_Ubica,Ubicación,Cód_Causa,Causa,Cód_Cau_1,Causa__CON,Cód_Calle,Calle_Uno,Cód_Cal_1,Calle_Dos,Intersecci,Número,Ruta,Cód_Ruta,Ubicaci_1,Pistas_de,Pistas_d_1,Cód_Calza,Calzada,Cód__Tipo,Tipo_Calza,Cód_Estad,Estado_Cal,Cód_Condi,Condición,Cód_Est_1,Estado_Atm,Fallecidos,Graves,Menos_Grav,Leves,Ilesos,Hora_1
-8133085.62055805,-4415011.17549971,1285,-73.060751,-36.826935,1410602,2022,1,2022/01/04 00:00:00+00,8,REGION BIO BIO,8101,CONCEPCION,30,COLISION,30,COLISION,1,URBANA,11,CRUCE CON SEMAFORO FUNCIONANDO,27,CONDUCCION NO ATENTO CONDICIONES TRANSITO MOMENTO,1,IMPRUDENCIA DEL CONDUCTOR,0,LOS CARRERA,0,ARTURO PRAT,ARTURO PRAT - LOS CARRERA,0,0,0,0,3,3,3,BIDIRECCIONAL CON BANDEJON,1,CONCRETO,1,BUENO,1,SECO,1,DESPEJADO,0,0,0,0,2,08:15:00
-8136645.53994997,-4404614.15951074,1286,-73.092731,-36.752138,1426761,2022,1,2022/03/03 00:00:00+00,8,REGION BIO BIO,8110,TALCAHUANO,32,COLISION LATERAL,30,COLISION,1,URBANA,1,TRAMO DE VIA RECTA,29,CONDUCCION CAMBIAR SORPRESIVAMENTE PISTA CIRCULACION,1,IMPRUDENCIA DEL CONDUCTOR,0,CRISTOBAL COLON,0,0,- CRISTOBAL COLON,280,0,0,0,1,0,1,UNIDIRECCIONAL,1,CONCRETO,1,BUENO,1,SECO,1,DESPEJADO,0,0,0,0,2,16:20:00
-8138119.56585536,-4404534.71649193,1287,-73.105972,-36.751567,1410613,2022,1,2022/01/02 00:00:00+00,8,REGION BIO BIO,8110,TALCAHUANO,32,COLISION LATERAL,30,COLISION,1,URBANA,1,TRAMO DE VIA RECTA,11,ADELANTAMIENTO SIN EL ESPACIO O TIEMPO SUFICIENTE,1,IMPRUDENCIA DEL CONDUCTOR,0,DESIDERIO GARCIA,0,0,- DESIDERIO GARCIA,651,0,0,0,1,1,2,BIDIRECCIONAL,1,CONCRETO,1,BUENO,1,SECO,1,DESPEJADO,0,0,0,0,2,21:50:00
-8053242.76218979,-4503654.04424601,1288,-72.343511,-37.461667,1426762,2022,1,2022/03/10 00:00:00+00,8,REGION BIO BIO,8301,LOS ANGELES,67,CHOQUE POSTERIOR/FRENTE,40,CHOQUE,1,URBANA,1,TRAMO DE VIA RECTA,27,CONDUCCION NO ATENTO CONDICIONES TRANSITO MOMENTO,1,IMPRUDENCIA DEL CONDUCTOR,0,ALEMANIA,0,0,- ALEMANIA,850,0,0,0,1,0,1,UNIDIRECCIONAL,2,ASFALTO,1,BUENO,1,SECO,1,DESPEJADO,0,0,0,0,2,18:00:00
-8133085.62055805,-4415011.17549971,1289,-73.060751,-36.826935,1410616,2022,1,2022/01/04 00:00:00+00,8,REGION BIO BIO,8101,CONCEPCION,32,COLISION LATERAL,30,COLISION,1,URBANA,11,CRUCE CON SEMAFORO FUNCIONANDO,91,VIRAJES INDEBIDOS,1,IMPRUDENCIA DEL CONDUCTOR,0,ARTURO PRAT,0,LOS CARRERA,ARTURO PRAT - LOS CARRERA,0,0,0,0,4,0,1,UNIDIRECCIONAL,1,CONCRETO,1,BUENO,1,SECO,1,DESPEJADO,0,1,1,2,2,07:00:00
-8139567.18677754,-4402994.26695706,1290,-73.118976,-36.740478,1426767,2022,1,2022/03/08 00:00:00+00,8,REGION BIO BIO,8110,TALCAHUANO,51,CHOQUE FRONTAL,40,CHOQUE,1,URBANA,1,TRAMO DE VIA RECTA,72,VELOCIDAD NO RAZONABLE NI PRUDENTE,7,VELOCIDAD IMPRUDENTE,0,JUAN ANTONIO RIOS,0,0,- JUAN ANTONIO RIOS,198,0,0,0,1,1,2,BIDIRECCIONAL,1,CONCRETO,1,BUENO,3,MOJADO,1,DESPEJADO,0,0,0,1,2,21:30:00
-8138374.06447522,-4404161.96185995,1291,-73.108258,-36.748884,1410688,2022,1,2022/01/02 00:00:00+00,8,REGION BIO BIO,8110,TALCAHUANO,51,CHOQUE FRONTAL,40,CHOQUE,1,URBANA,1,TRAMO DE VIA RECTA,27,CONDUCCION NO ATENTO CONDICIONES TRANSITO MOMENTO,1,IMPRUDENCIA DEL CONDUCTOR,0,EL SAUCE,0,0,- EL SAUCE,240,0,0,0,1,1,2,BIDIRECCIONAL,1,CONCRETO,1,BUENO,1,SECO,1,DESPEJADO,0,0,0,0,1,20:00:00
-8139092.04179499,-4407024.07356093,1292,-73.114708,-36.769482,1426776,2022,1,2022/03/09 00:00:00+00,8,REGION BIO BIO,8110,TALCAHUANO,70,VOLCADURA,70,VOLCADURA,1,URBANA,1,TRAMO DE VIA RECTA,72,VELOCIDAD NO RAZONABLE NI PRUDENTE,7,VELOCIDAD IMPRUDENTE,0,GRAN BRETAÑA,0,0,- GRAN BRETAÑA,4991,0,0,0,1,1,3,BIDIRECCIONAL CON BANDEJON,1,CONCRETO,1,BUENO,1,SECO,1,DESPEJADO,0,0,0,0,1,06:43:00
-8138081.49458951,-4403482.96506705,1293,-73.10563,-36.743996,1410719,2022,1,2022/01/03 00:00:00+00,8,REGION BIO BIO,8110,TALCAHUANO,32,COLISION LATERAL,30,COLISION,1,URBANA,1,TRAMO DE VIA RECTA,91,VIRAJES INDEBIDOS,1,IMPRUDENCIA DEL CONDUCTOR,0,ALTO HORNO,0,0,- ALTO HORNO,414,0,0,0,1,1,2,BIDIRECCIONAL,1,CONCRETO,1,BUENO,1,SECO,1,DESPEJADO,0,0,0,0,2,16:00:00
-8137705.24584258,-4410477.68318158,1294,-73.10225,-36.79433,1426778,2022,1,2022/03/10 00:00:00+00,8,REGION BIO BIO,8112,HUALPEN,30,COLISION,30,COLISION,1,URBANA,1,TRAMO DE VIA RECTA,11,ADELANTAMIENTO SIN EL ESPACIO O TIEMPO SUFICIENTE,1,IMPRUDENCIA DEL CONDUCTOR,0,BREMEN,0,0,- BREMEN,1157,0,0,0,1,1,2,BIDIRECCIONAL,1,CONCRETO,1,BUENO,1,SECO,1,DESPEJADO,0,0,0,1,1,20:00:00
-8126223.04111742,-4402736.02824498,1295,-72.999104,-36.738619,1410728,2022,1,2022/01/04 00:00:00+00,8,REGION BIO BIO,8107,PENCO,10,ATROPELLO,10,ATROPELLO,1,URBANA,1,TRAMO DE VIA RECTA,31,NO RESPETAR DERECHO PREFERENTE DE PASO A PEATON,1,IMPRUDENCIA DEL CONDUCTOR,0,TALCAHUANO,0,0,- TALCAHUANO,72,0,0,0,2,0,1,UNIDIRECCIONAL,1,CONCRETO,1,BUENO,1,SECO,1,DESPEJADO,0,0,0,1,1,16:00:00
-8136645.53994997,-4404614.15951074,1296,-73.092731,-36.752138,1426788,2022,1,2022/03/09 00:00:00+00,8,REGION BIO BIO,8110,TALCAHUANO,32,COLISION LATERAL,30,COLISION,1,URBANA,1,TRAMO DE VIA RECTA,29,CONDUCCION CAMBIAR SORPRESIVAMENTE PISTA CIRCULACION,1,IMPRUDENCIA DEL CONDUCTOR,0,CRISTOBAL COLON,0,0,- CRISTOBAL COLON,2007,0,0,0,1,0,1,UNIDIRECCIONAL,1,CONCRETO,1,BUENO,1,SECO,1,DESPEJADO,0,0,0,0,2,08:00:00
-8138394.04632381,-4402900.73631275,1297,-73.108438,-36.739805,1410731,2022,1,2022/01/02 00:00:00+00,8,REGION BIO BIO,8110,TALCAHUANO,32,COLISION LATERAL,30,COLISION,1,URBANA,1,TRAMO DE VIA RECTA,29,CONDUCCION CAMBIAR SORPRESIVAMENTE PISTA CIRCULACION,1,IMPRUDENCIA DEL CONDUCTOR,0,ALTO HORNO,0,0,- ALTO HORNO,818,0,0,0,1,1,2,BIDIRECCIONAL,1,CONCRETO,1,BUENO,1,SECO,1,DESPEJADO,0,0,0,1,1,16:10:00
-8017786.26872578,-4532904.85708154,1298,-72.025,-37.669948,1426790,2022,1,2022/03/05 00:00:00+00,8,REGION BIO BIO,8311,SANTA BARBARA,99,OTRO TIPO,99,OTRO TIPO,1,URBANA,1,TRAMO DE VIA RECTA,24,CONDUCCION EN ESTADO DE EBRIEDAD,4,ALCOHOL EN CONDUCTOR,0,ARTURO PRAT,0,0,- ARTURO PRAT,5,0,0,0,1,1,2,BIDIRECCIONAL,1,CONCRETO,1,BUENO,1,SECO,1,DESPEJADO,0,0,0,1,0,05:00:00
-8139085.1733824,-4407329.95802522,1299,-73.114646,-36.771683,1426795,2022,1,2022/03/10 00:00:00+00,8,REGION BIO BIO,8112,HUALPEN,50,CHOQUE,40,CHOQUE,1,URBANA,24,ROTONDA,27,CONDUCCION NO ATENTO CONDICIONES TRANSITO MOMENTO,1,IMPRUDENCIA DEL CONDUCTOR,0,COSTANERA,0,GRAN BRETAÑA,COSTANERA - GRAN BRETAÑA,0,0,0,0,2,2,3,BIDIRECCIONAL CON BANDEJON,1,CONCRETO,1,BUENO,1,SECO,1,DESPEJADO,0,0,0,2,1,19:15:00
-8128389.96406131,-4430829.85320274,1300,-73.018569,-36.940596,1410743,2022,1,2022/01/02 00:00:00+00,8,REGION BIO BIO,8103,CHIGUAYANTE,63,CHOQUE FRENTE/POSTERIOR,40,CHOQUE,1,URBANA,11,CRUCE CON SEMAFORO FUNCIONANDO,98,OTRAS CAUSAS,14,OTRAS CAUSAS,0,MANUEL RODRIGUEZ,0,MANQUIMAVIDA,MANQUIMAVIDA - MANUEL RODRIGUEZ,0,0,0,0,2,2,3,BIDIRECCIONAL CON BANDEJON,1,CONCRETO,1,BUENO,2,HUMEDO,2,NUBLADO,0,0,0,0,2,16:05:00
-8055359.21287655,-4505345.90618422,1301,-72.362523,-37.47373,1426811,2022,1,2022/03/10 00:00:00+00,8,REGION BIO BIO,8301,LOS ANGELES,32,COLISION LATERAL,30,COLISION,1,URBANA,14,CRUCE CON SEÑAL PARE,27,CONDUCCION NO ATENTO CONDICIONES TRANSITO MOMENTO,1,IMPRUDENCIA DEL CONDUCTOR,0,BULNES,0,ALCAZAR,ALCAZAR - BULNES,0,0,0,0,1,0,1,UNIDIRECCIONAL,1,CONCRETO,1,BUENO,1,SECO,1,DESPEJADO,0,0,0,0,2,08:05:00
-8137196.43784601,-4408515.9739318,1302,-73.097679,-36.780217,1426827,2022,1,2022/03/11 00:00:00+00,8,REGION BIO BIO,8112,HUALPEN,30,COLISION,30,COLISION,1,URBANA,11,CRUCE CON SEMAFORO FUNCIONANDO,62,SEÑALIZACION DESOBEDECER LUZ ROJA DE SEMAFORO,10,DESOBEDIENCIA A SEÑALIZACION,0,LAS GOLONDRINAS,0,HOLANDA,HOLANDA - LAS GOLONDRINAS,0,0,0,0,2,2,3,BIDIRECCIONAL CON BANDEJON,1,CONCRETO,1,BUENO,1,SECO,1,DESPEJADO,0,0,0,0,2,14:35:00
-8056707.00247938,-4503949.59689201,1303,-72.37463,-37.463774,1426840,2022,1,2022/03/10 00:00:00+00,8,REGION BIO BIO,8301,LOS ANGELES,32,COLISION LATERAL,30,COLISION,1,URBANA,1,TRAMO DE VIA RECTA,27,CONDUCCION NO ATENTO CONDICIONES TRANSITO MOMENTO,1,IMPRUDENCIA DEL CONDUCTOR,0,BOMBERO FRANCISCO RIOSECO,0,LAGUNA DEL LAJA,BOMBERO FRANCISCO RIOSECO - LAGUNA DEL LAJA,0,0,0,0,1,1,2,BIDIRECCIONAL,1,CONCRETO,1,BUENO,1,SECO,1,DESPEJADO,0,0,0,0,2,19:15:00
-8198205.56344908,-4524353.9022575,1304,-73.645734,-37.609121,1426848,2022,1,2022/03/08 00:00:00+00,8,REGION BIO BIO,8201,LEBU,30,COLISION,30,COLISION,1,URBANA,1,TRAMO DE VIA RECTA,27,CONDUCCION NO ATENTO CONDICIONES TRANSITO MOMENTO,1,IMPRUDENCIA DEL CONDUCTOR,0,CARLOS CONDELL,0,0,- CARLOS CONDELL,254,0,0,0,1,1,2,BIDIRECCIONAL,2,ASFALTO,1,BUENO,1,SECO,1,DESPEJADO,0,0,0,0,2,12:30:00
-8135502.16632809,-4411603.44777596,1305,-73.082459,-36.802428,1426850,2022,1,2022/03/10 00:00:00+00,8,REGION BIO BIO,8112,HUALPEN,30,COLISION,30,COLISION,1,URBANA,11,CRUCE CON SEMAFORO FUNCIONANDO,31,NO RESPETAR DERECHO PREFERENTE DE PASO A PEATON,1,IMPRUDENCIA DEL CONDUCTOR,0,CRISTOBAL COLON,0,PUERTO SAAVEDRA,CRISTOBAL COLON - PUERTO SAAVEDRA,0,0,0,0,2,2,2,BIDIRECCIONAL,1,CONCRETO,1,BUENO,1,SECO,1,DESPEJADO,0,0,0,1,1,12:00:00
-8051336.03742368,-4505198.83851058,1306,-72.326382,-37.472681,1426852,2022,1,2022/03/11 00:00:00+00,8,REGION BIO BIO,8301,LOS ANGELES,67,CHOQUE POSTERIOR/FRENTE,40,CHOQUE,1,URBANA,11,CRUCE CON SEMAFORO FUNCIONANDO,1,FALLAS MECANICAS FRENOS,12,FALLAS MECANICAS,0,LAS INDUSTRIAS,0,GABRIELA MISTRAL,GABRIELA MISTRAL - LAS INDUSTRIAS,0,0,0,0,1,0,1,UNIDIRECCIONAL,1,CONCRETO,1,BUENO,1,SECO,1,DESPEJADO,0,0,0,2,1,16:30:00
-8140297.63188028,-4404534.73038538,1307,-73.125538,-36.751567,1426855,2022,1,2022/03/11 00:00:00+00,8,REGION BIO BIO,8110,TALCAHUANO,32,COLISION LATERAL,30,COLISION,1,URBANA,1,TRAMO DE VIA RECTA,29,CONDUCCION CAMBIAR SORPRESIVAMENTE PISTA CIRCULACION,1,IMPRUDENCIA DEL CONDUCTOR,0,GRAN BRETAÑA,0,0,- GRAN BRETAÑA,2910,0,0,0,1,1,3,BIDIRECCIONAL CON BANDEJON,1,CONCRETO,1,BUENO,1,SECO,1,DESPEJADO,0,0,0,1,2,18:25:00
-8138562.75101211,-4409413.69695982,1308,-73.109953,-36.786676,1426858,2022,1,2022/03/12 00:00:00+00,8,REGION BIO BIO,8112,HUALPEN,62,CHOQUE FRENTE/LADO,40,CHOQUE,1,URBANA,1,TRAMO DE VIA RECTA,27,CONDUCCION NO ATENTO CONDICIONES TRANSITO MOMENTO,1,IMPRUDENCIA DEL CONDUCTOR,0,VARSOVIA,0,0,- VARSOVIA,756,0,0,0,1,1,3,BIDIRECCIONAL CON BANDEJON,1,CONCRETO,1,BUENO,1,SECO,1,DESPEJADO,0,0,0,0,2,08:30:00
-8121320.3303678,-4383588.45043287,1309,-72.955062,-36.600655,1426867,2022,1,2022/03/11 00:00:00+00,8,REGION BIO BIO,8111,TOME,63,CHOQUE FRENTE/POSTERIOR,40,CHOQUE,1,URBANA,1,TRAMO DE VIA RECTA,27,CONDUCCION NO ATENTO CONDICIONES TRANSITO MOMENTO,1,IMPRUDENCIA DEL CONDUCTOR,0,ENRIQUE MOLINA,0,LOMA LARGA,ENRIQUE MOLINA - LOMA LARGA,0,0,0,0,1,1,2,BIDIRECCIONAL,1,CONCRETO,1,BUENO,1,SECO,1,DESPEJADO,0,0,0,0,2,08:10:00
-8197977.71471532,-4520078.33662663,1310,-73.643687,-37.578688,1426871,2022,1,2022/03/09 00:00:00+00,8,REGION BIO BIO,8201,LEBU,70,VOLCADURA,70,VOLCADURA,1,URBANA,1,TRAMO DE VIA RECTA,27,CONDUCCION NO ATENTO CONDICIONES TRANSITO MOMENTO,1,IMPRUDENCIA DEL CONDUCTOR,0,SECTOR PLAYA LARGA,0,CAVERNA BENAVIDES,CAVERNA BENAVIDES - SECTOR PLAYA LARGA,0,0,0,0,1,1,2,BIDIRECCIONAL,1,CONCRETO,1,BUENO,1,SECO,1,DESPEJADO,0,0,0,0,2,09:00:00
-8139085.1733824,-4407329.95802522,1311,-73.114646,-36.771683,1426875,2022,1,2022/03/12 00:00:00+00,8,REGION BIO BIO,8112,HUALPEN,70,VOLCADURA,70,VOLCADURA,1,URBANA,24,ROTONDA,24,CONDUCCION EN ESTADO DE EBRIEDAD,4,ALCOHOL EN CONDUCTOR,0,COSTANERA,0,GRAN BRETAÑA,COSTANERA - GRAN BRETAÑA,0,0,0,0,2,2,3,BIDIRECCIONAL CON BANDEJON,1,CONCRETO,1,BUENO,1,SECO,1,DESPEJADO,0,0,0,1,0,04:30:00
-8121690.97974435,-4385707.16905544,1312,-72.958391,-36.615933,1426878,2022,1,2022/03/12 00:00:00+00,8,REGION BIO BIO,8111,TOME,70,VOLCADURA,70,VOLCADURA,1,URBANA,1,TRAMO DE VIA RECTA,72,VELOCIDAD NO RAZONABLE NI PRUDENTE,7,VELOCIDAD IMPRUDENTE,0,BAMBACH,0,DIEGO PORTALES,BAMBACH - DIEGO PORTALES,0,0,0,0,1,1,2,BIDIRECCIONAL,1,CONCRETO,1,BUENO,1,SECO,1,DESPEJADO,0,0,0,1,0,21:00:00
-8017234.66951695,-4532931.62011877,1313,-72.020044,-37.670138,1426880,2022,1,2022/02/19 00:00:00+00,8,REGION BIO BIO,8311,SANTA BARBARA,10,ATROPELLO,10,ATROPELLO,1,URBANA,1,TRAMO DE VIA RECTA,55,PEATON CRUZA CALZADA FUERA PASO PEATONES,2,IMPRUDENCIA DEL PEATON,0,ARTURO PRAT,0,0,- ARTURO PRAT,682,0,0,0,1,0,1,UNIDIRECCIONAL,1,CONCRETO,1,BUENO,1,SECO,1,DESPEJADO,0,0,0,2,0,14:15:00
-8136524.9475456,-4417291.7006966,1314,-73.091647,-36.843332,1426886,2022,1,2022/03/07 00:00:00+00,8,REGION BIO BIO,8108,SAN PEDRO DE LA PAZ,32,COLISION LATERAL,30,COLISION,1,URBANA,1,TRAMO DE VIA RECTA,11,ADELANTAMIENTO SIN EL ESPACIO O TIEMPO SUFICIENTE,1,IMPRUDENCIA DEL CONDUCTOR,0,COSTANERA,0,4 NORTE,4 NORTE - COSTANERA,0,0,0,0,2,2,3,BIDIRECCIONAL CON BANDEJON,1,CONCRETO,1,BUENO,1,SECO,1,DESPEJADO,0,0,0,0,1,08:00:00
-8134053.42107906,-4410710.29446295,1315,-73.069445,-36.796003,1426887,2022,1,2022/03/13 00:00:00+00,8,REGION BIO BIO,8112,HUALPEN,50,CHOQUE,40,CHOQUE,1,URBANA,1,TRAMO DE VIA RECTA,24,CONDUCCION EN ESTADO DE EBRIEDAD,4,ALCOHOL EN CONDUCTOR,0,AUTOPISTA CONCEPCION TALCAHUANO,0,0,- AUTOPISTA CONCEPCION TALCAHUANO,9000,0,0,0,2,2,3,BIDIRECCIONAL CON BANDEJON,1,CONCRETO,1,BUENO,1,SECO,1,DESPEJADO,0,1,0,1,0,08:40:00
-8132483.59361989,-4411626.58183977,1316,-73.055343,-36.802594,1426892,2022,1,2022/02/26 00:00:00+00,8,REGION BIO BIO,8101,CONCEPCION,30,COLISION,30,COLISION,1,URBANA,1,TRAMO DE VIA RECTA,29,CONDUCCION CAMBIAR SORPRESIVAMENTE PISTA CIRCULACION,1,IMPRUDENCIA DEL CONDUCTOR,0,PAICAVI,0,0,- PAICAVI,2592,0,0,0,2,2,2,BIDIRECCIONAL,1,CONCRETO,1,BUENO,1,SECO,1,DESPEJADO,0,0,0,1,1,09:45:00
-8122481.44831652,-4384613.68465865,1317,-72.965492,-36.608048,1426897,2022,1,2022/02/25 00:00:00+00,8,REGION BIO BIO,8111,TOME,10,ATROPELLO,10,ATROPELLO,1,URBANA,1,TRAMO DE VIA RECTA,31,NO RESPETAR DERECHO PREFERENTE DE PASO A PEATON,1,IMPRUDENCIA DEL CONDUCTOR,0,ENRIQUE MOLINA,0,0,- ENRIQUE MOLINA,519,0,0,0,1,1,2,BIDIRECCIONAL,1,CONCRETO,1,BUENO,1,SECO,1,DESPEJADO,0,1,0,0,1,09:20:00
-8142482.96706794,-4415593.84412007,1318,-73.145169,-36.831125,1426902,2022,1,2022/03/10 00:00:00+00,8,REGION BIO BIO,8108,SAN PEDRO DE LA PAZ,63,CHOQUE FRENTE/POSTERIOR,40,CHOQUE,1,URBANA,1,TRAMO DE VIA RECTA,93,CONDUCIR VEHICULO EN RETROCESO,1,IMPRUDENCIA DEL CONDUCTOR,0,OPALO,0,0,- OPALO,1381,0,0,0,1,1,2,BIDIRECCIONAL,1,CONCRETO,1,BUENO,1,SECO,1,DESPEJADO,0,0,0,0,1,20:00:00
-8139260.46818455,-4416000.79649523,1319,-73.116221,-36.834051,1426906,2022,1,2022/03/11 00:00:00+00,8,REGION BIO BIO,8108,SAN PEDRO DE LA PAZ,34,COLISION PERPENDICULAR,30,COLISION,1,URBANA,14,CRUCE CON SEÑAL PARE,97,CAUSAS NO DETERMINADAS,13,CAUSAS NO DETERMINADAS,0,LAS GARZAS,0,CALLE D,CALLE D - LAS GARZAS,0,0,0,0,1,1,2,BIDIRECCIONAL,1,CONCRETO,1,BUENO,1,SECO,1,DESPEJADO,0,0,0,1,1,18:30:00
-8129428.59717431,-4427767.64731903,1320,-73.0279,-36.918607,1410753,2022,1,2022/01/04 00:00:00+00,8,REGION BIO BIO,8103,CHIGUAYANTE,34,COLISION PERPENDICULAR,30,COLISION,1,URBANA,16,CRUCE SIN SEÑALIZACION,27,CONDUCCION NO ATENTO CONDICIONES TRANSITO MOMENTO,1,IMPRUDENCIA DEL CONDUCTOR,0,MANUEL RODRIGUEZ,0,QUINTANILLA,MANUEL RODRIGUEZ - QUINTANILLA,0,0,0,0,2,2,3,BIDIRECCIONAL CON BANDEJON,1,CONCRETO,1,BUENO,1,SECO,1,DESPEJADO,0,0,0,1,1,21:25:00
-8142026.52375984,-4423302.57671981,1321,-73.141069,-36.886532,1426912,2022,1,2022/03/12 00:00:00+00,8,REGION BIO BIO,8108,SAN PEDRO DE LA PAZ,63,CHOQUE FRENTE/POSTERIOR,40,CHOQUE,1,URBANA,26,OTROS NO CONSIDERADOS,93,CONDUCIR VEHICULO EN RETROCESO,1,IMPRUDENCIA DEL CONDUCTOR,0,PORTAL SAN PEDRO,0,0,- PORTAL SAN PEDRO,6950,0,0,0,1,1,2,BIDIRECCIONAL,1,CONCRETO,1,BUENO,1,SECO,1,DESPEJADO,0,0,0,0,2,16:30:00
-8135573.9340038,-4407379.30670724,1322,-73.083104,-36.772038,1410757,2022,1,2022/01/04 00:00:00+00,8,REGION BIO BIO,8110,TALCAHUANO,63,CHOQUE FRENTE/POSTERIOR,40,CHOQUE,1,URBANA,1,TRAMO DE VIA RECTA,28,CONDUCCION SIN MANTENER DISTANCIA RAZONABLE NI PRUDENTE,1,IMPRUDENCIA DEL CONDUCTOR,0,SANTA MARIA,0,0,- SANTA MARIA,3177,0,0,0,1,1,2,BIDIRECCIONAL,1,CONCRETO,1,BUENO,1,SECO,1,DESPEJADO,0,0,0,0,2,12:00:00
-8141930.22126835,-4418294.76362113,1323,-73.140204,-36.850543,1426915,2022,1,2022/03/12 00:00:00+00,8,REGION BIO BIO,8108,SAN PEDRO DE LA PAZ,66,CHOQUE LADO/POSTERIOR,40,CHOQUE,1,URBANA,1,TRAMO DE VIA RECTA,93,CONDUCIR VEHICULO EN RETROCESO,1,IMPRUDENCIA DEL CONDUCTOR,0,PASAJE DIECISIETE,0,0,- PASAJE DIECISIETE,7503,0,0,0,1,1,2,BIDIRECCIONAL,1,CONCRETO,1,BUENO,1,SECO,1,DESPEJADO,0,0,0,0,2,17:00:00
-8055029.71831575,-4504611.05129029,1324,-72.359563,-37.46849,1410778,2022,1,2022/01/04 00:00:00+00,8,REGION BIO BIO,8301,LOS ANGELES,61,CHOQUE FRENTE/FRENTE,40,CHOQUE,1,URBANA,1,TRAMO DE VIA RECTA,27,CONDUCCION NO ATENTO CONDICIONES TRANSITO MOMENTO,1,IMPRUDENCIA DEL CONDUCTOR,0,HUASCAR,0,0,- HUASCAR,933,0,0,0,1,0,1,UNIDIRECCIONAL,1,CONCRETO,1,BUENO,1,SECO,1,DESPEJADO,0,0,0,0,2,17:30:00
-8178095.27442321,-4526975.37878317,1325,-73.46508,-37.627774,1426919,2022,1,2022/03/11 00:00:00+00,8,REGION BIO BIO,8206,LOS ALAMOS,33,COLISION POR ALCANCE,30,COLISION,1,URBANA,1,TRAMO DE VIA RECTA,27,CONDUCCION NO ATENTO CONDICIONES TRANSITO MOMENTO,1,IMPRUDENCIA DEL CONDUCTOR,0,IGNACIO CARRERA PINTO,0,0,- IGNACIO CARRERA PINTO,920,0,0,0,2,2,2,BIDIRECCIONAL,2,ASFALTO,1,BUENO,1,SECO,1,DESPEJADO,0,0,0,2,0,22:50:00
-8051273.5315296,-4504795.33524466,1326,-72.325821,-37.469804,1410791,2022,1,2022/01/04 00:00:00+00,8,REGION BIO BIO,8301,LOS ANGELES,33,COLISION POR ALCANCE,30,COLISION,1,URBANA,11,CRUCE CON SEMAFORO FUNCIONANDO,27,CONDUCCION NO ATENTO CONDICIONES TRANSITO MOMENTO,1,IMPRUDENCIA DEL CONDUCTOR,0,LAS INDUSTRIAS,0,0,- LAS INDUSTRIAS,518,0,0,0,1,0,1,UNIDIRECCIONAL,2,ASFALTO,1,BUENO,1,SECO,1,DESPEJADO,0,0,0,0,3,20:15:00
-8142124.68528682,-4418884.66560894,1327,-73.14195,-36.854783,1426920,2022,1,2022/03/12 00:00:00+00,8,REGION BIO BIO,8108,SAN PEDRO DE LA PAZ,34,COLISION PERPENDICULAR,30,COLISION,1,URBANA,14,CRUCE CON SEÑAL PARE,65,SEÑALIZACION DESOBEDECER SEÑAL PARE,10,DESOBEDIENCIA A SEÑALIZACION,0,ENRIQUE BUNSTER,0,REINALDO LOMBOY,ENRIQUE BUNSTER - REINALDO LOMBOY,0,0,0,0,1,1,2,BIDIRECCIONAL,1,CONCRETO,1,BUENO,1,SECO,1,DESPEJADO,0,1,0,2,1,06:00:00
-8041281.70554303,-4541544.1076168,1328,-72.236063,-37.731352,1410797,2022,1,2022/01/01 00:00:00+00,8,REGION BIO BIO,8305,MULCHEN,50,CHOQUE,40,CHOQUE,1,URBANA,1,TRAMO DE VIA RECTA,24,CONDUCCION EN ESTADO DE EBRIEDAD,4,ALCOHOL EN CONDUCTOR,0,LAS ARAUCARIAS,0,LOS ALERCES,LAS ARAUCARIAS - LOS ALERCES,0,0,0,0,1,1,2,BIDIRECCIONAL,1,CONCRETO,1,BUENO,1,SECO,1,DESPEJADO,0,0,0,0,2,01:20:00
-8141741.44567587,-4415343.49130294,1329,-73.138508,-36.829325,1426921,2022,1,2022/03/13 00:00:00+00,8,REGION BIO BIO,8108,SAN PEDRO DE LA PAZ,51,CHOQUE FRONTAL,40,CHOQUE,1,URBANA,1,TRAMO DE VIA RECTA,24,CONDUCCION EN ESTADO DE EBRIEDAD,4,ALCOHOL EN CONDUCTOR,0,DANIEL BELMAR,0,0,- DANIEL BELMAR,775,0,0,0,1,1,2,BIDIRECCIONAL,1,CONCRETO,1,BUENO,1,SECO,1,DESPEJADO,0,0,0,1,0,00:15:00
-8130957.57038035,-4411173.07159724,1330,-73.041635,-36.799332,1410822,2022,1,2022/01/05 00:00:00+00,8,REGION BIO BIO,8101,CONCEPCION,30,COLISION,30,COLISION,1,URBANA,1,TRAMO DE VIA RECTA,24,CONDUCCION EN ESTADO DE EBRIEDAD,4,ALCOHOL EN CONDUCTOR,0,ALONSO DE RIBERA,0,LAGUNA LO GALINDO,ALONSO DE RIBERA - LAGUNA LO GALINDO,0,0,0,0,2,2,2,BIDIRECCIONAL,1,CONCRETO,1,BUENO,1,SECO,1,DESPEJADO,0,0,0,1,1,02:15:00