X,Y,FID,POINT_X,POINT_Y,Idaccident,Año,Claseaccid,Fecha,Cód_Regi,Región,Cód_Comun,Comuna,Cód_Tipo,Tipo_Accid,Cód_Tip_1,Tipo__CONA,Cód_Zona,Zona,Cód_Ubica,Ubicación,Cód_Causa,Causa,Cód_Cau_1,Causa__CON,Cód_Calle,Calle_Uno,Cód_Cal_1,Calle_Dos,Intersecci,Número,Ruta,Cód_Ruta,Ubicaci_1,Pistas_de,Pistas_d_1,Cód_Calza,Calzada,Cód__Tipo,Tipo_Calza,Cód_Estad,Estado_Cal,Cód_Condi,Condición,Cód_Est_1,Estado_Atm,Fallecidos,Graves,Menos_Grav,Leves,Ilesos,Hora_1
-8131052.74854498,-4415215.63993106,1423,-73.04249,-36.828406,1427889,2022,1,2022/03/14 00:00:00+00,8,REGION BIO BIO,8101,CONCEPCION,32,COLISION LATERAL,30,COLISION,1,URBANA,11,CRUCE CON SEMAFORO FUNCIONANDO,24,CONDUCCION EN ESTADO DE EBRIEDAD,4,ALCOHOL EN CONDUCTOR,0,CHACABUCO,0,OROMPELLO,CHACABUCO - OROMPELLO,0,0,0,0,3,3,3,BIDIRECCIONAL CON BANDEJON,1,CONCRETO,1,BUENO,1,SECO,1,DESPEJADO,0,0,0,0,2,11:15:00
-8132440.69108814,-4416109.00449701,1424,-73.054958,-36.834829,1411975,2022,1,2022/01/09 00:00:00+00,8,REGION BIO BIO,8101,CONCEPCION,70,VOLCADURA,70,VOLCADURA,1,URBANA,1,TRAMO DE VIA RECTA,72,VELOCIDAD NO RAZONABLE NI PRUDENTE,7,VELOCIDAD IMPRUDENTE,0,VICTOR LAMAS,0,BOMBERO FUENTES,BOMBERO FUENTES - VICTOR LAMAS,0,0,0,0,2,0,1,UNIDIRECCIONAL,1,CONCRETO,1,BUENO,1,SECO,1,DESPEJADO,0,0,0,0,3,23:35:00
-8133204.04223236,-4414906.01038375,1425,-73.061815,-36.826179,1427893,2022,1,2022/03/15 00:00:00+00,8,REGION BIO BIO,8101,CONCEPCION,30,COLISION,30,COLISION,1,URBANA,11,CRUCE CON SEMAFORO FUNCIONANDO,93,CONDUCIR VEHICULO EN RETROCESO,1,IMPRUDENCIA DEL CONDUCTOR,0,LAS HERAS,0,ARTURO PRAT,ARTURO PRAT - LAS HERAS,0,0,0,0,2,0,1,UNIDIRECCIONAL,1,CONCRETO,1,BUENO,1,SECO,1,DESPEJADO,0,0,0,0,2,10:20:00
-8055214.73130944,-4503829.22346742,1426,-72.361225,-37.462916,1411983,2022,1,2022/01/10 00:00:00+00,8,REGION BIO BIO,8301,LOS ANGELES,66,CHOQUE LADO/POSTERIOR,40,CHOQUE,1,URBANA,1,TRAMO DE VIA RECTA,27,CONDUCCION NO ATENTO CONDICIONES TRANSITO MOMENTO,1,IMPRUDENCIA DEL CONDUCTOR,0,CALI,0,LOS ATAVALOS,CALI - LOS ATAVALOS,0,0,0,0,1,0,1,UNIDIRECCIONAL,2,ASFALTO,1,BUENO,1,SECO,1,DESPEJADO,0,0,0,0,2,19:45:00
-8041743.70369372,-4540432.27929927,1427,-72.240213,-37.723453,1412021,2022,1,2022/01/08 00:00:00+00,8,REGION BIO BIO,8305,MULCHEN,30,COLISION,30,COLISION,1,URBANA,1,TRAMO DE VIA RECTA,27,CONDUCCION NO ATENTO CONDICIONES TRANSITO MOMENTO,1,IMPRUDENCIA DEL CONDUCTOR,0,UNZUETA,0,PANTOJA,PANTOJA - UNZUETA,0,0,0,0,1,1,2,BIDIRECCIONAL,2,ASFALTO,1,BUENO,1,SECO,1,DESPEJADO,0,0,0,0,2,13:30:00
-8138206.02770387,-4403302.17513443,1428,-73.106749,-36.742695,1412033,2022,1,2022/01/06 00:00:00+00,8,REGION BIO BIO,8110,TALCAHUANO,32,COLISION LATERAL,30,COLISION,1,URBANA,14,CRUCE CON SEÑAL PARE,65,SEÑALIZACION DESOBEDECER SEÑAL PARE,10,DESOBEDIENCIA A SEÑALIZACION,0,LAS PATAGUAS,0,ALTO HORNO,ALTO HORNO - LAS PATAGUAS,0,0,0,0,1,1,2,BIDIRECCIONAL,1,CONCRETO,1,BUENO,1,SECO,1,DESPEJADO,0,1,0,0,2,14:05:00
-8132856.15769168,-4415077.65173729,1429,-73.05869,-36.827413,1427894,2022,1,2022/03/15 00:00:00+00,8,REGION BIO BIO,8101,CONCEPCION,30,COLISION,30,COLISION,1,URBANA,11,CRUCE CON SEMAFORO FUNCIONANDO,27,CONDUCCION NO ATENTO CONDICIONES TRANSITO MOMENTO,1,IMPRUDENCIA DEL CONDUCTOR,0,MAIPU,0,SERRANO,MAIPU - SERRANO,0,0,0,0,2,0,1,UNIDIRECCIONAL,1,CONCRETO,1,BUENO,1,SECO,1,DESPEJADO,0,0,0,0,2,09:45:00
-8134841.8191087,-4407527.07617779,1430,-73.076527,-36.773102,1412040,2022,1,2022/01/06 00:00:00+00,8,REGION BIO BIO,8110,TALCAHUANO,32,COLISION LATERAL,30,COLISION,1,URBANA,15,CRUCE CON SEÑAL CEDA EL PASO,64,SEÑALIZACION DESOBEDECER SEÑAL CEDA EL PASO,10,DESOBEDIENCIA A SEÑALIZACION,0,CALLE UNO,0,CALLE SEIS,CALLE SEIS - CALLE UNO,0,0,0,0,1,1,2,BIDIRECCIONAL,1,CONCRETO,1,BUENO,1,SECO,1,DESPEJADO,0,0,0,0,2,11:10:00
-8132231.52176494,-4414582.48327759,1431,-73.053079,-36.823853,1427898,2022,1,2022/03/15 00:00:00+00,8,REGION BIO BIO,8101,CONCEPCION,32,COLISION LATERAL,30,COLISION,1,URBANA,11,CRUCE CON SEMAFORO FUNCIONANDO,11,ADELANTAMIENTO SIN EL ESPACIO O TIEMPO SUFICIENTE,1,IMPRUDENCIA DEL CONDUCTOR,0,LOS CARRERA,0,CAUPOLICAN,CAUPOLICAN - LOS CARRERA,0,0,0,0,3,3,3,BIDIRECCIONAL CON BANDEJON,1,CONCRETO,1,BUENO,1,SECO,1,DESPEJADO,0,0,0,0,2,17:30:00
-8134225.97742174,-4407439.39817358,1432,-73.070995,-36.772471,1412049,2022,1,2022/01/05 00:00:00+00,8,REGION BIO BIO,8110,TALCAHUANO,32,COLISION LATERAL,30,COLISION,1,URBANA,16,CRUCE SIN SEÑALIZACION,91,VIRAJES INDEBIDOS,1,IMPRUDENCIA DEL CONDUCTOR,0,ALGARROBO,0,ALMIRANTE NEFF,ALGARROBO - ALMIRANTE NEFF,0,0,0,0,1,1,2,BIDIRECCIONAL,1,CONCRETO,1,BUENO,1,SECO,1,DESPEJADO,0,0,0,0,2,12:27:00
-8131182.63612684,-4414007.28182355,1433,-73.043656,-36.819716,1427917,2022,1,2022/03/16 00:00:00+00,8,REGION BIO BIO,8101,CONCEPCION,30,COLISION,30,COLISION,1,URBANA,24,ROTONDA,29,CONDUCCION CAMBIAR SORPRESIVAMENTE PISTA CIRCULACION,1,IMPRUDENCIA DEL CONDUCTOR,0,LOS CARRERA,0,PAICAVI,LOS CARRERA - PAICAVI,0,0,0,0,3,3,3,BIDIRECCIONAL CON BANDEJON,1,CONCRETO,1,BUENO,1,SECO,1,DESPEJADO,0,0,0,0,2,19:50:00
-8042272.11505262,-4539101.45304536,1434,-72.24496,-37.713996,1427920,2022,1,2022/03/16 00:00:00+00,8,REGION BIO BIO,8305,MULCHEN,30,COLISION,30,COLISION,1,URBANA,15,CRUCE CON SEÑAL CEDA EL PASO,64,SEÑALIZACION DESOBEDECER SEÑAL CEDA EL PASO,10,DESOBEDIENCIA A SEÑALIZACION,0,LASTARRIA,0,SOTO,LASTARRIA - SOTO,0,0,0,0,2,0,1,UNIDIRECCIONAL,2,ASFALTO,1,BUENO,1,SECO,1,DESPEJADO,0,0,0,1,2,06:10:00
-8135604.89195419,-4411335.3382094,1435,-73.083382,-36.800499,1412119,2022,1,2022/01/09 00:00:00+00,8,REGION BIO BIO,8112,HUALPEN,30,COLISION,30,COLISION,1,URBANA,1,TRAMO DE VIA RECTA,24,CONDUCCION EN ESTADO DE EBRIEDAD,4,ALCOHOL EN CONDUCTOR,0,JORGE ALESSANDRI RODRIGUEZ,0,CRISTOBAL COLON,CRISTOBAL COLON - JORGE ALESSANDRI RODRIGUEZ,0,0,0,0,2,2,3,BIDIRECCIONAL CON BANDEJON,1,CONCRETO,1,BUENO,1,SECO,1,DESPEJADO,0,3,0,2,2,01:00:00
-8053589.45561191,-4505317.02549305,1436,-72.346625,-37.473524,1427943,2022,1,2022/03/15 00:00:00+00,8,REGION BIO BIO,8301,LOS ANGELES,32,COLISION LATERAL,30,COLISION,1,URBANA,1,TRAMO DE VIA RECTA,27,CONDUCCION NO ATENTO CONDICIONES TRANSITO MOMENTO,1,IMPRUDENCIA DEL CONDUCTOR,0,RICARDO VICUÑA,0,O'HIGGINS,O'HIGGINS - RICARDO VICUÑA,0,0,0,0,1,0,1,UNIDIRECCIONAL,1,CONCRETO,1,BUENO,1,SECO,1,DESPEJADO,0,0,0,0,2,08:30:00
-8140295.41662241,-4414878.16864263,1437,-73.125518,-36.825979,1412124,2022,1,2022/01/10 00:00:00+00,8,REGION BIO BIO,8108,SAN PEDRO DE LA PAZ,34,COLISION PERPENDICULAR,30,COLISION,1,URBANA,16,CRUCE SIN SEÑALIZACION,11,ADELANTAMIENTO SIN EL ESPACIO O TIEMPO SUFICIENTE,1,IMPRUDENCIA DEL CONDUCTOR,0,CENTRAL,0,LUIS CRUZ MARTINEZ,CENTRAL - LUIS CRUZ MARTINEZ,0,0,0,0,1,1,2,BIDIRECCIONAL,1,CONCRETO,1,BUENO,1,SECO,1,DESPEJADO,0,1,0,0,1,08:40:00
-8053798.97002554,-4505403.0786856,1438,-72.348507,-37.474137,1427970,2022,1,2022/03/15 00:00:00+00,8,REGION BIO BIO,8301,LOS ANGELES,67,CHOQUE POSTERIOR/FRENTE,40,CHOQUE,1,URBANA,15,CRUCE CON SEÑAL CEDA EL PASO,27,CONDUCCION NO ATENTO CONDICIONES TRANSITO MOMENTO,1,IMPRUDENCIA DEL CONDUCTOR,0,LOS CARRERA,0,BULNES,BULNES - LOS CARRERA,0,0,0,0,2,0,1,UNIDIRECCIONAL,1,CONCRETO,1,BUENO,1,SECO,1,DESPEJADO,0,0,0,2,1,13:30:00
-8125507.89131272,-4402799.5107698,1439,-72.992679,-36.739076,1412143,2022,1,2022/01/06 00:00:00+00,8,REGION BIO BIO,8107,PENCO,10,ATROPELLO,10,ATROPELLO,1,URBANA,1,TRAMO DE VIA RECTA,27,CONDUCCION NO ATENTO CONDICIONES TRANSITO MOMENTO,1,IMPRUDENCIA DEL CONDUCTOR,0,MAIPU,0,0,- MAIPU,2002,0,0,0,2,0,1,UNIDIRECCIONAL,2,ASFALTO,1,BUENO,1,SECO,1,DESPEJADO,0,1,0,0,1,11:40:00
-8136645.53994997,-4404614.15951074,1440,-73.092731,-36.752138,1427972,2022,1,2022/03/08 00:00:00+00,8,REGION BIO BIO,8110,TALCAHUANO,20,CAIDA,20,CAIDA,1,URBANA,1,TRAMO DE VIA RECTA,27,CONDUCCION NO ATENTO CONDICIONES TRANSITO MOMENTO,1,IMPRUDENCIA DEL CONDUCTOR,0,CRISTOBAL COLON,0,0,- CRISTOBAL COLON,3182,0,0,0,1,1,3,BIDIRECCIONAL CON BANDEJON,1,CONCRETO,1,BUENO,1,SECO,1,DESPEJADO,0,0,0,1,1,14:30:00
-8125196.33032189,-4401974.30909508,1441,-72.98988,-36.733136,1412182,2022,1,2022/01/10 00:00:00+00,8,REGION BIO BIO,8107,PENCO,32,COLISION LATERAL,30,COLISION,1,URBANA,1,TRAMO DE VIA RECTA,27,CONDUCCION NO ATENTO CONDICIONES TRANSITO MOMENTO,1,IMPRUDENCIA DEL CONDUCTOR,0,INFANTE,0,0,- INFANTE,100,0,0,0,2,0,1,UNIDIRECCIONAL,2,ASFALTO,1,BUENO,1,SECO,1,DESPEJADO,0,0,0,1,1,10:30:00
-8136192.3694349,-4404622.78740834,1442,-73.08866,-36.752201,1428010,2022,1,2022/03/09 00:00:00+00,8,REGION BIO BIO,8110,TALCAHUANO,10,ATROPELLO,10,ATROPELLO,1,URBANA,1,TRAMO DE VIA RECTA,31,NO RESPETAR DERECHO PREFERENTE DE PASO A PEATON,1,IMPRUDENCIA DEL CONDUCTOR,0,JUAN GUILLEMRO SOSA,0,0,- JUAN GUILLEMRO SOSA,221,0,0,0,1,1,2,BIDIRECCIONAL,1,CONCRETO,1,BUENO,1,SECO,1,DESPEJADO,0,0,0,1,1,17:15:00
-8053982.66944924,-4503789.96881858,1443,-72.350157,-37.462636,1412256,2022,1,2022/01/11 00:00:00+00,8,REGION BIO BIO,8301,LOS ANGELES,32,COLISION LATERAL,30,COLISION,1,URBANA,15,CRUCE CON SEÑAL CEDA EL PASO,64,SEÑALIZACION DESOBEDECER SEÑAL CEDA EL PASO,10,DESOBEDIENCIA A SEÑALIZACION,0,COLON,0,JANEQUEO,COLON - JANEQUEO,0,0,0,0,1,0,1,UNIDIRECCIONAL,1,CONCRETO,1,BUENO,1,SECO,1,DESPEJADO,0,0,0,0,2,16:15:00
-8198850.2925439,-4524202.99810568,1444,-73.651525,-37.608047,1428144,2022,1,2022/03/13 00:00:00+00,8,REGION BIO BIO,8201,LEBU,51,CHOQUE FRONTAL,40,CHOQUE,1,URBANA,16,CRUCE SIN SEÑALIZACION,1,FALLAS MECANICAS FRENOS,12,FALLAS MECANICAS,0,CAMARON,0,RIOSECO,CAMARON - RIOSECO,0,0,0,0,1,1,2,BIDIRECCIONAL,2,ASFALTO,1,BUENO,1,SECO,1,DESPEJADO,0,0,0,0,2,17:50:00
-8042402.70394727,-4540049.86062528,1445,-72.246133,-37.720735,1412261,2022,1,2022/01/08 00:00:00+00,8,REGION BIO BIO,8305,MULCHEN,30,COLISION,30,COLISION,1,URBANA,15,CRUCE CON SEÑAL CEDA EL PASO,27,CONDUCCION NO ATENTO CONDICIONES TRANSITO MOMENTO,1,IMPRUDENCIA DEL CONDUCTOR,0,FUENZALIDA,0,ANIBAL PINTO,ANIBAL PINTO - FUENZALIDA,0,0,0,0,1,0,1,UNIDIRECCIONAL,1,CONCRETO,1,BUENO,1,SECO,1,DESPEJADO,0,0,0,2,0,20:50:00
-8199164.04652871,-4524228.2915074,1446,-73.654344,-37.608227,1428148,2022,1,2022/03/16 00:00:00+00,8,REGION BIO BIO,8201,LEBU,10,ATROPELLO,10,ATROPELLO,2,RURAL,1,TRAMO DE VIA RECTA,31,NO RESPETAR DERECHO PREFERENTE DE PASO A PEATON,1,IMPRUDENCIA DEL CONDUCTOR,0,SAAVEDRA,0,0,- SAAVEDRA,445,0,0,0,1,0,1,UNIDIRECCIONAL,2,ASFALTO,1,BUENO,1,SECO,1,DESPEJADO,0,0,0,1,1,11:30:00
-8053726.74593991,-4503256.04164941,1447,-72.347858,-37.458829,1412262,2022,1,2022/01/11 00:00:00+00,8,REGION BIO BIO,8301,LOS ANGELES,32,COLISION LATERAL,30,COLISION,1,URBANA,11,CRUCE CON SEMAFORO FUNCIONANDO,27,CONDUCCION NO ATENTO CONDICIONES TRANSITO MOMENTO,1,IMPRUDENCIA DEL CONDUCTOR,0,ALMAGRO,0,ALMIRANTE LATORRE,ALMAGRO - ALMIRANTE LATORRE,0,0,0,0,2,0,1,UNIDIRECCIONAL,1,CONCRETO,1,BUENO,1,SECO,1,DESPEJADO,0,0,0,2,0,08:05:00
-8053274.19881399,-4507177.99390529,1448,-72.343793,-37.48679,1412265,2022,1,2022/01/11 00:00:00+00,8,REGION BIO BIO,8301,LOS ANGELES,52,CHOQUE LATERAL,40,CHOQUE,1,URBANA,1,TRAMO DE VIA RECTA,5,FALLAS MECANICAS NEUMATICOS,12,FALLAS MECANICAS,0,LOS CARRERA,0,0,- LOS CARRERA,1313,0,0,0,2,0,1,UNIDIRECCIONAL,2,ASFALTO,1,BUENO,1,SECO,1,DESPEJADO,0,0,0,0,1,05:00:00
-8122307.95689012,-4384446.6790708,1449,-72.963934,-36.606844,1412333,2022,1,2022/01/10 00:00:00+00,8,REGION BIO BIO,8111,TOME,10,ATROPELLO,10,ATROPELLO,1,URBANA,15,CRUCE CON SEÑAL CEDA EL PASO,31,NO RESPETAR DERECHO PREFERENTE DE PASO A PEATON,1,IMPRUDENCIA DEL CONDUCTOR,0,PILOTO PARDO,0,ENRIQUE MOLINA,ENRIQUE MOLINA - PILOTO PARDO,0,0,0,0,1,1,2,BIDIRECCIONAL,1,CONCRETO,1,BUENO,1,SECO,1,DESPEJADO,0,0,0,1,1,07:50:00
-8139228.09647663,-4399209.77161762,1450,-73.11593,-36.71323,1428153,2022,1,2022/03/10 00:00:00+00,8,REGION BIO BIO,8110,TALCAHUANO,10,ATROPELLO,10,ATROPELLO,1,URBANA,11,CRUCE CON SEMAFORO FUNCIONANDO,62,SEÑALIZACION DESOBEDECER LUZ ROJA DE SEMAFORO,10,DESOBEDIENCIA A SEÑALIZACION,0,VALDIVIA,0,0,- VALDIVIA,220,0,0,0,1,1,2,BIDIRECCIONAL,1,CONCRETO,1,BUENO,1,SECO,1,DESPEJADO,0,0,0,1,1,18:00:00
-8054136.53524942,-4505020.15792037,1451,-72.35154,-37.471407,1428168,2022,1,2022/03/16 00:00:00+00,8,REGION BIO BIO,8301,LOS ANGELES,32,COLISION LATERAL,30,COLISION,1,URBANA,1,TRAMO DE VIA RECTA,27,CONDUCCION NO ATENTO CONDICIONES TRANSITO MOMENTO,1,IMPRUDENCIA DEL CONDUCTOR,0,VALDIVIA,0,CAUPOLICAN,CAUPOLICAN - VALDIVIA,0,0,0,0,2,0,1,UNIDIRECCIONAL,2,ASFALTO,1,BUENO,1,SECO,1,DESPEJADO,0,0,0,1,2,08:00:00
-8121431.99494902,-4385170.73087015,1452,-72.956065,-36.612065,1412367,2022,1,2022/01/10 00:00:00+00,8,REGION BIO BIO,8111,TOME,34,COLISION PERPENDICULAR,30,COLISION,1,URBANA,14,CRUCE CON SEÑAL PARE,65,SEÑALIZACION DESOBEDECER SEÑAL PARE,10,DESOBEDIENCIA A SEÑALIZACION,0,DIEGO PORTALES,0,SARGENTO ALDEA,DIEGO PORTALES - SARGENTO ALDEA,0,0,0,0,2,0,1,UNIDIRECCIONAL,1,CONCRETO,1,BUENO,1,SECO,1,DESPEJADO,0,0,0,1,2,20:35:00
-8056391.89039679,-4503852.51827491,1453,-72.3718,-37.463082,1428178,2022,1,2022/03/16 00:00:00+00,8,REGION BIO BIO,8301,LOS ANGELES,52,CHOQUE LATERAL,40,CHOQUE,1,URBANA,1,TRAMO DE VIA RECTA,27,CONDUCCION NO ATENTO CONDICIONES TRANSITO MOMENTO,1,IMPRUDENCIA DEL CONDUCTOR,0,TALAR,0,BOMBERO FRANCISCO RIOSECO,BOMBERO FRANCISCO RIOSECO - TALAR,0,0,0,0,1,0,1,UNIDIRECCIONAL,1,CONCRETO,1,BUENO,1,SECO,1,DESPEJADO,0,0,0,0,2,20:20:00
-8121866.92019955,-4386190.5966936,1454,-72.959972,-36.619419,1412368,2022,1,2022/01/11 00:00:00+00,8,REGION BIO BIO,8111,TOME,63,CHOQUE FRENTE/POSTERIOR,40,CHOQUE,1,URBANA,15,CRUCE CON SEÑAL CEDA EL PASO,31,NO RESPETAR DERECHO PREFERENTE DE PASO A PEATON,1,IMPRUDENCIA DEL CONDUCTOR,0,LATORRE,0,ECUADOR,ECUADOR - LATORRE,0,0,0,0,2,2,3,BIDIRECCIONAL CON BANDEJON,1,CONCRETO,1,BUENO,1,SECO,1,DESPEJADO,0,0,0,1,1,17:30:00
-8119253.26100716,-4435252.75152925,1455,-72.936493,-36.972345,1428257,2022,1,2022/03/10 00:00:00+00,8,REGION BIO BIO,8105,HUALQUI,10,ATROPELLO,10,ATROPELLO,1,URBANA,11,CRUCE CON SEMAFORO FUNCIONANDO,52,PEATON CRUZA CALZADA FORMA SORPRESIVA O DESCUIDADA,2,IMPRUDENCIA DEL PEATON,0,LA ARAUCANA,0,JOSE MIGUEL CARRERA,JOSE MIGUEL CARRERA - LA ARAUCANA,0,0,0,0,1,1,2,BIDIRECCIONAL,1,CONCRETO,1,BUENO,1,SECO,1,DESPEJADO,0,1,0,0,1,08:35:00
-8139085.1733824,-4407329.95802522,1456,-73.114646,-36.771683,1412374,2022,1,2022/01/10 00:00:00+00,8,REGION BIO BIO,8112,HUALPEN,50,CHOQUE,40,CHOQUE,1,URBANA,24,ROTONDA,28,CONDUCCION SIN MANTENER DISTANCIA RAZONABLE NI PRUDENTE,1,IMPRUDENCIA DEL CONDUCTOR,0,COSTANERA,0,GRAN BRETAÑA,COSTANERA - GRAN BRETAÑA,0,0,0,0,2,2,3,BIDIRECCIONAL CON BANDEJON,1,CONCRETO,1,BUENO,1,SECO,2,NUBLADO,0,0,0,0,1,12:00:00
-8139085.1733824,-4407329.95802522,1457,-73.114646,-36.771683,1428306,2022,1,2022/03/17 00:00:00+00,8,REGION BIO BIO,8112,HUALPEN,30,COLISION,30,COLISION,1,URBANA,24,ROTONDA,27,CONDUCCION NO ATENTO CONDICIONES TRANSITO MOMENTO,1,IMPRUDENCIA DEL CONDUCTOR,0,COSTANERA,0,GRAN BRETAÑA,COSTANERA - GRAN BRETAÑA,0,0,0,0,2,2,3,BIDIRECCIONAL CON BANDEJON,1,CONCRETO,1,BUENO,1,SECO,1,DESPEJADO,0,0,0,0,2,09:40:00
-8137693.57955995,-4409411.4312912,1458,-73.102145,-36.786659,1412395,2022,1,2022/01/10 00:00:00+00,8,REGION BIO BIO,8112,HUALPEN,30,COLISION,30,COLISION,1,URBANA,1,TRAMO DE VIA RECTA,11,ADELANTAMIENTO SIN EL ESPACIO O TIEMPO SUFICIENTE,1,IMPRUDENCIA DEL CONDUCTOR,0,GRECIA,0,HAMBURGO,GRECIA - HAMBURGO,0,0,0,0,1,1,2,BIDIRECCIONAL,1,CONCRETO,1,BUENO,1,SECO,2,NUBLADO,0,1,0,0,1,17:30:00
-8138022.61771084,-4411222.41028407,1459,-73.105101,-36.799687,1428315,2022,1,2022/03/17 00:00:00+00,8,REGION BIO BIO,8112,HUALPEN,30,COLISION,30,COLISION,1,URBANA,1,TRAMO DE VIA RECTA,25,"CONDICIONES FISICAS DEFICIENTES (CANSANCIO, SUEÑO)",8,DROGAS Y/O FATIGA EN CONDUCTOR,0,ATENAS,0,0,- ATENAS,4731,0,0,0,1,1,2,BIDIRECCIONAL,1,CONCRETO,1,BUENO,1,SECO,1,DESPEJADO,0,0,0,0,2,18:00:00
-8199625.55487364,-4524256.95743667,1460,-73.65849,-37.608431,1412406,2022,1,2022/01/11 00:00:00+00,8,REGION BIO BIO,8201,LEBU,67,CHOQUE POSTERIOR/FRENTE,40,CHOQUE,1,URBANA,26,OTROS NO CONSIDERADOS,93,CONDUCIR VEHICULO EN RETROCESO,1,IMPRUDENCIA DEL CONDUCTOR,0,JUAN ANTONIO RIOS,0,ANDRES BELLO,ANDRES BELLO - JUAN ANTONIO RIOS,0,0,0,0,1,0,1,UNIDIRECCIONAL,1,CONCRETO,1,BUENO,1,SECO,1,DESPEJADO,0,0,0,0,1,16:10:00
-8164008.87266238,-4505938.44780502,1461,-73.338539,-37.477954,1428349,2022,1,2022/03/13 00:00:00+00,8,REGION BIO BIO,8205,CURANILAHUE,63,CHOQUE FRENTE/POSTERIOR,40,CHOQUE,1,URBANA,1,TRAMO DE VIA RECTA,97,CAUSAS NO DETERMINADAS,13,CAUSAS NO DETERMINADAS,0,GUACOLDA,0,0,- GUACOLDA,334,0,0,0,2,0,1,UNIDIRECCIONAL,1,CONCRETO,1,BUENO,1,SECO,1,DESPEJADO,0,0,0,0,4,17:05:00
-8164017.0212491,-4506291.53678741,1462,-73.338613,-37.480471,1412414,2022,1,2022/01/12 00:00:00+00,8,REGION BIO BIO,8205,CURANILAHUE,32,COLISION LATERAL,30,COLISION,1,URBANA,1,TRAMO DE VIA RECTA,27,CONDUCCION NO ATENTO CONDICIONES TRANSITO MOMENTO,1,IMPRUDENCIA DEL CONDUCTOR,0,ARTURO PRAT,0,PEDRO LEON UGALDE,ARTURO PRAT - PEDRO LEON UGALDE,0,0,0,0,1,1,2,BIDIRECCIONAL,1,CONCRETO,1,BUENO,1,SECO,1,DESPEJADO,0,0,0,0,2,19:30:00
-8139605.38049483,-4416298.78841249,1463,-73.119319,-36.836193,1428355,2022,1,2022/03/16 00:00:00+00,8,REGION BIO BIO,8108,SAN PEDRO DE LA PAZ,63,CHOQUE FRENTE/POSTERIOR,40,CHOQUE,1,URBANA,16,CRUCE SIN SEÑALIZACION,24,CONDUCCION EN ESTADO DE EBRIEDAD,4,ALCOHOL EN CONDUCTOR,0,DIAGONAL BIO BIO,0,LAS TORCAZAS,DIAGONAL BIO BIO - LAS TORCAZAS,0,0,0,0,1,1,2,BIDIRECCIONAL,1,CONCRETO,2,REGULAR,1,SECO,1,DESPEJADO,0,0,0,0,5,20:15:00
-8053743.62197471,-4503524.37620197,1464,-72.34801,-37.460742,1412420,2022,1,2022/01/11 00:00:00+00,8,REGION BIO BIO,8301,LOS ANGELES,32,COLISION LATERAL,30,COLISION,1,URBANA,11,CRUCE CON SEMAFORO FUNCIONANDO,27,CONDUCCION NO ATENTO CONDICIONES TRANSITO MOMENTO,1,IMPRUDENCIA DEL CONDUCTOR,0,VILLAGRAN,0,OROMPELLO,OROMPELLO - VILLAGRAN,0,0,0,0,2,0,1,UNIDIRECCIONAL,1,CONCRETO,1,BUENO,1,SECO,1,DESPEJADO,0,0,0,0,2,19:15:00
-8178095.27442321,-4526975.37878317,1465,-73.46508,-37.627774,1428367,2022,1,2022/03/17 00:00:00+00,8,REGION BIO BIO,8206,LOS ALAMOS,64,CHOQUE LADO/FRENTE,40,CHOQUE,1,URBANA,1,TRAMO DE VIA RECTA,5,FALLAS MECANICAS NEUMATICOS,12,FALLAS MECANICAS,0,IGNACIO CARRERA PINTO,0,0,- IGNACIO CARRERA PINTO,98,0,0,0,2,0,1,UNIDIRECCIONAL,2,ASFALTO,1,BUENO,1,SECO,1,DESPEJADO,1,0,0,0,3,16:00:00
-8053085.54567294,-4503606.08118758,1466,-72.342098,-37.461325,1412426,2022,1,2022/01/11 00:00:00+00,8,REGION BIO BIO,8301,LOS ANGELES,10,ATROPELLO,10,ATROPELLO,1,URBANA,11,CRUCE CON SEMAFORO FUNCIONANDO,27,CONDUCCION NO ATENTO CONDICIONES TRANSITO MOMENTO,1,IMPRUDENCIA DEL CONDUCTOR,0,MARCONI,0,ALEMANIA,ALEMANIA - MARCONI,0,0,0,0,2,2,3,BIDIRECCIONAL CON BANDEJON,1,CONCRETO,1,BUENO,1,SECO,1,DESPEJADO,0,0,0,1,1,22:05:00
-8136997.93293003,-4416642.18837641,1467,-73.095896,-36.838662,1428427,2022,1,2022/03/01 00:00:00+00,8,REGION BIO BIO,8108,SAN PEDRO DE LA PAZ,30,COLISION,30,COLISION,1,URBANA,1,TRAMO DE VIA RECTA,97,CAUSAS NO DETERMINADAS,13,CAUSAS NO DETERMINADAS,0,PEDRO AGUIRRE CERDA,0,COLO COLO,COLO COLO - PEDRO AGUIRRE CERDA,0,0,0,0,2,0,1,UNIDIRECCIONAL,1,CONCRETO,1,BUENO,1,SECO,1,DESPEJADO,0,0,0,0,1,14:20:00
-8093149.23003436,-4478381.4554585,1468,-72.701997,-37.281244,1412427,2022,1,2022/01/09 00:00:00+00,8,REGION BIO BIO,8304,LAJA,30,COLISION,30,COLISION,1,URBANA,15,CRUCE CON SEÑAL CEDA EL PASO,64,SEÑALIZACION DESOBEDECER SEÑAL CEDA EL PASO,10,DESOBEDIENCIA A SEÑALIZACION,0,LOS MAGNOLIOS,0,LOS MANZANOS,LOS MAGNOLIOS - LOS MANZANOS,0,0,0,0,1,1,2,BIDIRECCIONAL,2,ASFALTO,1,BUENO,1,SECO,1,DESPEJADO,0,0,1,4,1,00:05:00