X,Y,FID,POINT_X,POINT_Y,Idaccident,Año,Claseaccid,Fecha,Cód_Regi,Región,Cód_Comun,Comuna,Cód_Tipo,Tipo_Accid,Cód_Tip_1,Tipo__CONA,Cód_Zona,Zona,Cód_Ubica,Ubicación,Cód_Causa,Causa,Cód_Cau_1,Causa__CON,Cód_Calle,Calle_Uno,Cód_Cal_1,Calle_Dos,Intersecci,Número,Ruta,Cód_Ruta,Ubicaci_1,Pistas_de,Pistas_d_1,Cód_Calza,Calzada,Cód__Tipo,Tipo_Calza,Cód_Estad,Estado_Cal,Cód_Condi,Condición,Cód_Est_1,Estado_Atm,Fallecidos,Graves,Menos_Grav,Leves,Ilesos,Hora_1
-8121425.14880033,-4385416.38237976,1515,-72.956003,-36.613836,1428641,2022,1,2022/03/19 00:00:00+00,8,REGION BIO BIO,8111,TOME,32,COLISION LATERAL,30,COLISION,1,URBANA,1,TRAMO DE VIA RECTA,29,CONDUCCION CAMBIAR SORPRESIVAMENTE PISTA CIRCULACION,1,IMPRUDENCIA DEL CONDUCTOR,0,VICENTE PALACIOS,0,ARTURO ALESSANDRI,ARTURO ALESSANDRI - VICENTE PALACIOS,0,0,0,0,1,1,2,BIDIRECCIONAL,1,CONCRETO,1,BUENO,1,SECO,1,DESPEJADO,0,0,0,0,2,14:00:00
-8131914.39479957,-4415046.88904183,1516,-73.05023,-36.827192,1413363,2022,1,2022/01/14 00:00:00+00,8,REGION BIO BIO,8101,CONCEPCION,30,COLISION,30,COLISION,1,URBANA,11,CRUCE CON SEMAFORO FUNCIONANDO,62,SEÑALIZACION DESOBEDECER LUZ ROJA DE SEMAFORO,10,DESOBEDIENCIA A SEÑALIZACION,0,PAICAVI,0,INDEPENDENCIA,INDEPENDENCIA - PAICAVI,0,0,0,0,2,2,2,BIDIRECCIONAL,1,CONCRETO,1,BUENO,1,SECO,1,DESPEJADO,0,0,0,0,2,00:10:00
-8140001.45524307,-4400910.97697826,1517,-73.122877,-36.72548,1428662,2022,1,2022/03/06 00:00:00+00,8,REGION BIO BIO,8110,TALCAHUANO,63,CHOQUE FRENTE/POSTERIOR,40,CHOQUE,1,URBANA,1,TRAMO DE VIA RECTA,28,CONDUCCION SIN MANTENER DISTANCIA RAZONABLE NI PRUDENTE,1,IMPRUDENCIA DEL CONDUCTOR,0,MALAQUIAS CONCHA,0,0,- MALAQUIAS CONCHA,958,0,0,0,1,1,2,BIDIRECCIONAL,1,CONCRETO,1,BUENO,1,SECO,1,DESPEJADO,0,0,0,1,1,23:20:00
-8132939.22429571,-4415300.26671423,1518,-73.059436,-36.829014,1413366,2022,1,2022/01/12 00:00:00+00,8,REGION BIO BIO,8101,CONCEPCION,53,CHOQUE POSTERIOR,40,CHOQUE,1,URBANA,11,CRUCE CON SEMAFORO FUNCIONANDO,28,CONDUCCION SIN MANTENER DISTANCIA RAZONABLE NI PRUDENTE,1,IMPRUDENCIA DEL CONDUCTOR,0,FREIRE,0,ARTURO PRAT,ARTURO PRAT - FREIRE,0,0,0,0,2,0,1,UNIDIRECCIONAL,1,CONCRETO,1,BUENO,1,SECO,1,DESPEJADO,0,0,0,0,2,19:20:00
-8137975.51843428,-4403757.11480202,1519,-73.104678,-36.74597,1428741,2022,1,2022/03/03 00:00:00+00,8,REGION BIO BIO,8110,TALCAHUANO,70,VOLCADURA,70,VOLCADURA,1,URBANA,1,TRAMO DE VIA RECTA,24,CONDUCCION EN ESTADO DE EBRIEDAD,4,ALCOHOL EN CONDUCTOR,0,ALTO HORNO,0,0,- ALTO HORNO,252,0,0,0,1,1,2,BIDIRECCIONAL,1,CONCRETO,1,BUENO,1,SECO,1,DESPEJADO,0,0,0,0,1,12:30:00
-8133085.62055805,-4415011.17549971,1520,-73.060751,-36.826935,1413380,2022,1,2022/01/04 00:00:00+00,8,REGION BIO BIO,8101,CONCEPCION,32,COLISION LATERAL,30,COLISION,1,URBANA,11,CRUCE CON SEMAFORO FUNCIONANDO,28,CONDUCCION SIN MANTENER DISTANCIA RAZONABLE NI PRUDENTE,1,IMPRUDENCIA DEL CONDUCTOR,0,LOS CARRERA,0,ARTURO PRAT,ARTURO PRAT - LOS CARRERA,0,0,0,0,3,3,3,BIDIRECCIONAL CON BANDEJON,3,ADOQUIN,1,BUENO,1,SECO,1,DESPEJADO,0,0,0,0,2,17:00:00
-8138324.56069766,-4401059.93459296,1521,-73.107813,-36.726552,1428797,2022,1,2022/03/08 00:00:00+00,8,REGION BIO BIO,8110,TALCAHUANO,10,ATROPELLO,10,ATROPELLO,1,URBANA,11,CRUCE CON SEMAFORO FUNCIONANDO,31,NO RESPETAR DERECHO PREFERENTE DE PASO A PEATON,1,IMPRUDENCIA DEL CONDUCTOR,0,PEREZ GACITUA,0,0,- PEREZ GACITUA,355,0,0,0,1,1,3,BIDIRECCIONAL CON BANDEJON,1,CONCRETO,1,BUENO,1,SECO,1,DESPEJADO,0,0,0,1,1,21:55:00
-8131605.73924744,-4414428.74737852,1522,-73.047457,-36.822747,1413397,2022,1,2022/01/14 00:00:00+00,8,REGION BIO BIO,8101,CONCEPCION,34,COLISION PERPENDICULAR,30,COLISION,1,URBANA,11,CRUCE CON SEMAFORO FUNCIONANDO,68,SEÑALIZACION DESOBEDECER LUZ INTERMITENTE SEMAFORO,10,DESOBEDIENCIA A SEÑALIZACION,0,TUCAPEL,0,MAIPU,MAIPU - TUCAPEL,0,0,0,0,2,0,1,UNIDIRECCIONAL,1,CONCRETO,1,BUENO,1,SECO,1,DESPEJADO,0,0,0,0,2,00:10:00
-8161573.74766933,-4473420.45567854,1523,-73.316664,-37.245776,1428820,2022,1,2022/03/03 00:00:00+00,8,REGION BIO BIO,8202,ARAUCO,34,COLISION PERPENDICULAR,30,COLISION,2,RURAL,16,CRUCE SIN SEÑALIZACION,93,CONDUCIR VEHICULO EN RETROCESO,1,IMPRUDENCIA DEL CONDUCTOR,0,LORD COCHRANE,0,CAUPOLICAN,CAUPOLICAN - LORD COCHRANE,0,0,0,0,2,0,1,UNIDIRECCIONAL,1,CONCRETO,1,BUENO,1,SECO,1,DESPEJADO,0,0,0,0,2,18:45:00
-8133065.66097335,-4413291.49055424,1524,-73.060572,-36.814569,1413400,2022,1,2022/01/14 00:00:00+00,8,REGION BIO BIO,8101,CONCEPCION,30,COLISION,30,COLISION,1,URBANA,14,CRUCE CON SEÑAL PARE,65,SEÑALIZACION DESOBEDECER SEÑAL PARE,10,DESOBEDIENCIA A SEÑALIZACION,0,RENGO,0,EJERCITO,EJERCITO - RENGO,0,0,0,0,2,0,1,UNIDIRECCIONAL,1,CONCRETO,1,BUENO,1,SECO,1,DESPEJADO,0,0,0,0,2,08:30:00
-8089941.74815028,-4509222.57420911,1525,-72.673183,-37.501362,1428841,2022,1,2022/03/19 00:00:00+00,8,REGION BIO BIO,8306,NACIMIENTO,50,CHOQUE,40,CHOQUE,1,URBANA,1,TRAMO DE VIA RECTA,93,CONDUCIR VEHICULO EN RETROCESO,1,IMPRUDENCIA DEL CONDUCTOR,0,SAN MARTIN,0,0,- SAN MARTIN,560,0,0,0,2,0,1,UNIDIRECCIONAL,1,CONCRETO,2,REGULAR,1,SECO,1,DESPEJADO,0,0,0,0,2,20:02:00
-8131600.68534256,-4414782.03036336,1526,-73.047412,-36.825288,1413408,2022,1,2022/01/14 00:00:00+00,8,REGION BIO BIO,8101,CONCEPCION,10,ATROPELLO,10,ATROPELLO,1,URBANA,11,CRUCE CON SEMAFORO FUNCIONANDO,31,NO RESPETAR DERECHO PREFERENTE DE PASO A PEATON,1,IMPRUDENCIA DEL CONDUCTOR,0,BARROS ARANA,0,CASTELLON,BARROS ARANA - CASTELLON,0,0,0,0,2,0,1,UNIDIRECCIONAL,1,CONCRETO,1,BUENO,1,SECO,1,DESPEJADO,0,0,0,2,1,08:15:00
-8198846.76371605,-4522374.82665915,1527,-73.651494,-37.595036,1413422,2022,1,2022/01/13 00:00:00+00,8,REGION BIO BIO,8201,LEBU,32,COLISION LATERAL,30,COLISION,1,URBANA,1,TRAMO DE VIA RECTA,24,CONDUCCION EN ESTADO DE EBRIEDAD,4,ALCOHOL EN CONDUCTOR,0,PLAYA LARGA,0,PASEO COSTA MAR,PASEO COSTA MAR - PLAYA LARGA,0,0,0,0,1,1,2,BIDIRECCIONAL,2,ASFALTO,1,BUENO,1,SECO,1,DESPEJADO,0,0,0,0,2,22:30:00
-8074041.60679401,-4521239.69551088,1528,-72.53035,-37.586956,1428843,2022,1,2022/03/20 00:00:00+00,8,REGION BIO BIO,8307,NEGRETE,50,CHOQUE,40,CHOQUE,1,URBANA,1,TRAMO DE VIA RECTA,24,CONDUCCION EN ESTADO DE EBRIEDAD,4,ALCOHOL EN CONDUCTOR,0,BALDOMERO LILLO,0,0,- BALDOMERO LILLO,27,0,0,0,1,1,2,BIDIRECCIONAL,1,CONCRETO,1,BUENO,1,SECO,1,DESPEJADO,0,0,0,0,2,14:00:00
-8164633.06331115,-4506447.41537903,1529,-73.344147,-37.481582,1428862,2022,1,2022/03/17 00:00:00+00,8,REGION BIO BIO,8205,CURANILAHUE,30,COLISION,30,COLISION,1,URBANA,1,TRAMO DE VIA RECTA,27,CONDUCCION NO ATENTO CONDICIONES TRANSITO MOMENTO,1,IMPRUDENCIA DEL CONDUCTOR,0,IGNACIO SERRANO,0,0,- IGNACIO SERRANO,501,0,0,0,1,1,2,BIDIRECCIONAL,1,CONCRETO,1,BUENO,1,SECO,1,DESPEJADO,0,0,0,0,2,19:50:00
-8074109.67866263,-4521009.25645809,1530,-72.530961,-37.585315,1413484,2022,1,2022/01/14 00:00:00+00,8,REGION BIO BIO,8307,NEGRETE,30,COLISION,30,COLISION,1,URBANA,1,TRAMO DE VIA RECTA,32,NO RESPETAR DERECHO PREFERENTE DE PASO A VEHICULO,1,IMPRUDENCIA DEL CONDUCTOR,0,IGNACIO CARRERA PINTO,0,0,- IGNACIO CARRERA PINTO,61,0,0,0,1,1,2,BIDIRECCIONAL,2,ASFALTO,1,BUENO,1,SECO,1,DESPEJADO,0,0,0,0,2,09:15:00
-8164131.83617191,-4505273.12250638,1531,-73.339644,-37.473211,1428891,2022,1,2022/03/20 00:00:00+00,8,REGION BIO BIO,8205,CURANILAHUE,53,CHOQUE POSTERIOR,40,CHOQUE,1,URBANA,26,OTROS NO CONSIDERADOS,97,CAUSAS NO DETERMINADAS,13,CAUSAS NO DETERMINADAS,0,CAMILO HENRIQUEZ,0,0,- CAMILO HENRIQUEZ,214,0,0,0,1,1,2,BIDIRECCIONAL,2,ASFALTO,2,REGULAR,1,SECO,2,NUBLADO,0,0,0,0,1,14:15:00
-8129279.15075792,-4427222.46025161,1532,-73.026557,-36.914691,1413491,2022,1,2022/01/15 00:00:00+00,8,REGION BIO BIO,8103,CHIGUAYANTE,30,COLISION,30,COLISION,1,URBANA,1,TRAMO DE VIA RECTA,72,VELOCIDAD NO RAZONABLE NI PRUDENTE,7,VELOCIDAD IMPRUDENTE,0,JUAN PABLO II,0,0,- JUAN PABLO II,500,0,0,0,2,2,2,BIDIRECCIONAL,1,CONCRETO,1,BUENO,1,SECO,1,DESPEJADO,0,0,0,0,2,13:29:00
-8125896.02898127,-4404429.52973318,1533,-72.996166,-36.75081,1428948,2022,1,2022/02/13 00:00:00+00,8,REGION BIO BIO,8107,PENCO,31,COLISION FRONTAL,30,COLISION,1,URBANA,1,TRAMO DE VIA RECTA,27,CONDUCCION NO ATENTO CONDICIONES TRANSITO MOMENTO,1,IMPRUDENCIA DEL CONDUCTOR,0,MAITEN,0,0,- MAITEN,445,0,0,0,2,0,1,UNIDIRECCIONAL,2,ASFALTO,1,BUENO,1,SECO,1,DESPEJADO,0,0,0,0,2,14:04:00
-8121674.17050124,-4386215.10429417,1534,-72.95824,-36.619595,1413512,2022,1,2022/01/13 00:00:00+00,8,REGION BIO BIO,8111,TOME,32,COLISION LATERAL,30,COLISION,1,URBANA,1,TRAMO DE VIA RECTA,11,ADELANTAMIENTO SIN EL ESPACIO O TIEMPO SUFICIENTE,1,IMPRUDENCIA DEL CONDUCTOR,0,MAIPU,0,0,- MAIPU,940,0,0,0,1,1,2,BIDIRECCIONAL,1,CONCRETO,1,BUENO,1,SECO,1,DESPEJADO,0,0,0,1,1,20:15:00
-8162014.57285287,-4473796.99671126,1535,-73.320624,-37.248469,1428969,2022,1,2022/03/03 00:00:00+00,8,REGION BIO BIO,8202,ARAUCO,50,CHOQUE,40,CHOQUE,1,URBANA,16,CRUCE SIN SEÑALIZACION,27,CONDUCCION NO ATENTO CONDICIONES TRANSITO MOMENTO,1,IMPRUDENCIA DEL CONDUCTOR,0,ARTURO PRAT,0,COVADONGA,ARTURO PRAT - COVADONGA,0,0,0,0,2,0,1,UNIDIRECCIONAL,1,CONCRETO,1,BUENO,1,SECO,1,DESPEJADO,0,0,0,0,1,07:00:00
-8137865.98005534,-4417785.45117942,1536,-73.103694,-36.846881,1413560,2022,1,2022/01/16 00:00:00+00,8,REGION BIO BIO,8108,SAN PEDRO DE LA PAZ,70,VOLCADURA,70,VOLCADURA,1,URBANA,1,TRAMO DE VIA RECTA,72,VELOCIDAD NO RAZONABLE NI PRUDENTE,7,VELOCIDAD IMPRUDENTE,0,LOS FRESNOS,0,LOS NOGALES,LOS FRESNOS - LOS NOGALES,0,0,0,0,1,1,2,BIDIRECCIONAL,2,ASFALTO,1,BUENO,1,SECO,1,DESPEJADO,0,0,0,1,0,00:08:00
-8135604.89195419,-4411335.3382094,1537,-73.083382,-36.800499,1428972,2022,1,2022/03/20 00:00:00+00,8,REGION BIO BIO,8112,HUALPEN,63,CHOQUE FRENTE/POSTERIOR,40,CHOQUE,1,URBANA,22,ENLACE A DESNIVEL,27,CONDUCCION NO ATENTO CONDICIONES TRANSITO MOMENTO,1,IMPRUDENCIA DEL CONDUCTOR,0,JORGE ALESSANDRI RODRIGUEZ,0,CRISTOBAL COLON,CRISTOBAL COLON - JORGE ALESSANDRI RODRIGUEZ,0,0,0,0,2,2,3,BIDIRECCIONAL CON BANDEJON,1,CONCRETO,1,BUENO,1,SECO,1,DESPEJADO,0,0,0,3,1,17:40:00
-8138861.94440752,-4416568.26096239,1538,-73.112641,-36.838131,1413562,2022,1,2022/01/05 00:00:00+00,8,REGION BIO BIO,8108,SAN PEDRO DE LA PAZ,30,COLISION,30,COLISION,1,URBANA,1,TRAMO DE VIA RECTA,97,CAUSAS NO DETERMINADAS,13,CAUSAS NO DETERMINADAS,0,PEDRO AGUIRRE CERDA,0,LOS BATROS,LOS BATROS - PEDRO AGUIRRE CERDA,0,0,0,0,3,0,1,UNIDIRECCIONAL,2,ASFALTO,1,BUENO,1,SECO,1,DESPEJADO,0,0,0,0,1,18:30:00
-8126833.40588544,-4403245.42712092,1539,-73.004587,-36.742286,1429013,2022,1,2022/02/14 00:00:00+00,8,REGION BIO BIO,8107,PENCO,63,CHOQUE FRENTE/POSTERIOR,40,CHOQUE,1,URBANA,1,TRAMO DE VIA RECTA,27,CONDUCCION NO ATENTO CONDICIONES TRANSITO MOMENTO,1,IMPRUDENCIA DEL CONDUCTOR,0,NICANOR PLAZA,0,0,- NICANOR PLAZA,355,0,0,0,2,0,1,UNIDIRECCIONAL,2,ASFALTO,1,BUENO,1,SECO,1,DESPEJADO,0,0,0,0,1,23:20:00
-8055401.16919263,-4505509.23296945,1540,-72.3629,-37.474894,1413624,2022,1,2022/01/15 00:00:00+00,8,REGION BIO BIO,8301,LOS ANGELES,32,COLISION LATERAL,30,COLISION,1,URBANA,1,TRAMO DE VIA RECTA,27,CONDUCCION NO ATENTO CONDICIONES TRANSITO MOMENTO,1,IMPRUDENCIA DEL CONDUCTOR,0,ALCAZAR,0,0,- ALCAZAR,299,0,0,0,1,1,2,BIDIRECCIONAL,1,CONCRETO,1,BUENO,9,OTROS,1,DESPEJADO,0,0,0,0,2,12:35:00
-8054372.42125041,-4504986.3970425,1541,-72.353658,-37.471167,1429061,2022,1,2022/03/18 00:00:00+00,8,REGION BIO BIO,8301,LOS ANGELES,32,COLISION LATERAL,30,COLISION,1,URBANA,11,CRUCE CON SEMAFORO FUNCIONANDO,62,SEÑALIZACION DESOBEDECER LUZ ROJA DE SEMAFORO,10,DESOBEDIENCIA A SEÑALIZACION,0,MENDOZA,0,CAUPOLICAN,CAUPOLICAN - MENDOZA,0,0,0,0,2,0,1,UNIDIRECCIONAL,1,CONCRETO,1,BUENO,1,SECO,1,DESPEJADO,0,0,0,0,2,01:40:00
-8094417.87147923,-4476995.06139948,1542,-72.713393,-37.271334,1413648,2022,1,2022/01/14 00:00:00+00,8,REGION BIO BIO,8304,LAJA,30,COLISION,30,COLISION,1,URBANA,1,TRAMO DE VIA RECTA,27,CONDUCCION NO ATENTO CONDICIONES TRANSITO MOMENTO,1,IMPRUDENCIA DEL CONDUCTOR,0,LOS RIOS,0,0,- LOS RIOS,754,0,0,0,1,1,2,BIDIRECCIONAL,2,ASFALTO,1,BUENO,1,SECO,1,DESPEJADO,0,0,0,0,2,00:30:00
-8051648.24406756,-4506837.36048629,1543,-72.329187,-37.484362,1429086,2022,1,2022/03/18 00:00:00+00,8,REGION BIO BIO,8301,LOS ANGELES,33,COLISION POR ALCANCE,30,COLISION,1,URBANA,16,CRUCE SIN SEÑALIZACION,27,CONDUCCION NO ATENTO CONDICIONES TRANSITO MOMENTO,1,IMPRUDENCIA DEL CONDUCTOR,0,FRANCISCO ENCINA,0,PUERTO ALEGRE,FRANCISCO ENCINA - PUERTO ALEGRE,0,0,0,0,1,1,2,BIDIRECCIONAL,1,CONCRETO,1,BUENO,1,SECO,1,DESPEJADO,0,0,0,1,1,22:30:00
-8170401.32762949,-4551162.79413484,1544,-73.395964,-37.799658,1413669,2022,1,2022/01/02 00:00:00+00,8,REGION BIO BIO,8203,CAÑETE,30,COLISION,30,COLISION,1,URBANA,1,TRAMO DE VIA RECTA,24,CONDUCCION EN ESTADO DE EBRIEDAD,4,ALCOHOL EN CONDUCTOR,0,ESMERALDA,0,MARIÑAN,ESMERALDA - MARIÑAN,0,0,0,0,1,1,2,BIDIRECCIONAL,2,ASFALTO,2,REGULAR,3,MOJADO,3,LLUVIA,0,0,0,0,2,08:15:00
-8141191.76116228,-4422681.61690893,1545,-73.13357,-36.88207,1429116,2022,1,2022/03/17 00:00:00+00,8,REGION BIO BIO,8108,SAN PEDRO DE LA PAZ,34,COLISION PERPENDICULAR,30,COLISION,1,URBANA,14,CRUCE CON SEÑAL PARE,65,SEÑALIZACION DESOBEDECER SEÑAL PARE,10,DESOBEDIENCIA A SEÑALIZACION,0,MANUEL RODRIGUEZ,0,LOS CASTAÑOS,LOS CASTAÑOS - MANUEL RODRIGUEZ,0,0,0,0,1,1,2,BIDIRECCIONAL,1,CONCRETO,1,BUENO,1,SECO,1,DESPEJADO,0,0,0,2,0,16:25:00
-8053050.51342919,-4507576.97317431,1546,-72.341784,-37.489634,1413672,2022,1,2022/01/15 00:00:00+00,8,REGION BIO BIO,8301,LOS ANGELES,33,COLISION POR ALCANCE,30,COLISION,1,URBANA,1,TRAMO DE VIA RECTA,27,CONDUCCION NO ATENTO CONDICIONES TRANSITO MOMENTO,1,IMPRUDENCIA DEL CONDUCTOR,0,LOS CARRERA,0,FERROCARRIL,FERROCARRIL - LOS CARRERA,0,0,0,0,1,0,1,UNIDIRECCIONAL,2,ASFALTO,1,BUENO,1,SECO,1,DESPEJADO,0,0,0,3,2,19:25:00
-8052701.69380479,-4502228.94779332,1547,-72.33865,-37.451504,1413682,2022,1,2022/01/15 00:00:00+00,8,REGION BIO BIO,8301,LOS ANGELES,32,COLISION LATERAL,30,COLISION,1,URBANA,15,CRUCE CON SEÑAL CEDA EL PASO,27,CONDUCCION NO ATENTO CONDICIONES TRANSITO MOMENTO,1,IMPRUDENCIA DEL CONDUCTOR,0,SOR VICENTA,0,0,- SOR VICENTA,2113,0,0,0,2,2,3,BIDIRECCIONAL CON BANDEJON,1,CONCRETO,1,BUENO,1,SECO,1,DESPEJADO,0,0,0,1,1,19:45:00
-8140657.99533587,-4417009.49631793,1548,-73.128775,-36.841303,1429128,2022,1,2022/03/19 00:00:00+00,8,REGION BIO BIO,8108,SAN PEDRO DE LA PAZ,33,COLISION POR ALCANCE,30,COLISION,1,URBANA,16,CRUCE SIN SEÑALIZACION,24,CONDUCCION EN ESTADO DE EBRIEDAD,4,ALCOHOL EN CONDUCTOR,0,DANIEL BELMAR,0,MAITENCILLO,DANIEL BELMAR - MAITENCILLO,0,0,0,0,1,1,2,BIDIRECCIONAL,1,CONCRETO,1,BUENO,1,SECO,1,DESPEJADO,0,0,0,2,1,19:00:00
-8051284.36291606,-4506748.4337125,1549,-72.325918,-37.483728,1413690,2022,1,2022/01/15 00:00:00+00,8,REGION BIO BIO,8301,LOS ANGELES,33,COLISION POR ALCANCE,30,COLISION,1,URBANA,15,CRUCE CON SEÑAL CEDA EL PASO,27,CONDUCCION NO ATENTO CONDICIONES TRANSITO MOMENTO,1,IMPRUDENCIA DEL CONDUCTOR,0,LAS INDUSTRIAS,0,FRANCISCO ENCINA,FRANCISCO ENCINA - LAS INDUSTRIAS,0,0,0,0,1,0,1,UNIDIRECCIONAL,2,ASFALTO,1,BUENO,1,SECO,1,DESPEJADO,0,0,0,0,2,09:10:00
-8140290.34045363,-4398784.58903399,1550,-73.125472,-36.710168,1429225,2022,1,2022/02/14 00:00:00+00,8,REGION BIO BIO,8110,TALCAHUANO,32,COLISION LATERAL,30,COLISION,1,URBANA,14,CRUCE CON SEÑAL PARE,65,SEÑALIZACION DESOBEDECER SEÑAL PARE,10,DESOBEDIENCIA A SEÑALIZACION,0,10 DE JULIO,0,MICHIMALONGO,10 DE JULIO - MICHIMALONGO,0,0,0,0,1,1,2,BIDIRECCIONAL,1,CONCRETO,1,BUENO,1,SECO,1,DESPEJADO,0,0,0,0,2,07:00:00
-8139398.00341543,-4408757.02072951,1551,-73.117456,-36.781951,1413696,2022,1,2022/01/14 00:00:00+00,8,REGION BIO BIO,8112,HUALPEN,50,CHOQUE,40,CHOQUE,1,URBANA,1,TRAMO DE VIA RECTA,27,CONDUCCION NO ATENTO CONDICIONES TRANSITO MOMENTO,1,IMPRUDENCIA DEL CONDUCTOR,0,COSTANERA,0,YUGOSLAVIA,COSTANERA - YUGOSLAVIA,0,0,0,0,2,2,3,BIDIRECCIONAL CON BANDEJON,1,CONCRETO,1,BUENO,1,SECO,2,NUBLADO,0,0,0,1,1,18:00:00
-8138431.97287433,-4401216.83886352,1552,-73.108778,-36.727682,1429252,2022,1,2022/03/15 00:00:00+00,8,REGION BIO BIO,8110,TALCAHUANO,32,COLISION LATERAL,30,COLISION,1,URBANA,11,CRUCE CON SEMAFORO FUNCIONANDO,62,SEÑALIZACION DESOBEDECER LUZ ROJA DE SEMAFORO,10,DESOBEDIENCIA A SEÑALIZACION,0,PEREZ GACITUA,0,CRISTOBAL COLON,CRISTOBAL COLON - PEREZ GACITUA,0,0,0,0,1,1,3,BIDIRECCIONAL CON BANDEJON,1,CONCRETO,1,BUENO,1,SECO,1,DESPEJADO,0,0,0,0,2,08:05:00
-8133000.57246708,-4408913.23219679,1553,-73.059987,-36.783075,1413698,2022,1,2022/01/15 00:00:00+00,8,REGION BIO BIO,8112,HUALPEN,30,COLISION,30,COLISION,1,URBANA,1,TRAMO DE VIA RECTA,27,CONDUCCION NO ATENTO CONDICIONES TRANSITO MOMENTO,1,IMPRUDENCIA DEL CONDUCTOR,0,JORGE ALESSANDRI RODRIGUEZ,0,COSTANERA,COSTANERA - JORGE ALESSANDRI RODRIGUEZ,0,0,0,0,2,2,2,BIDIRECCIONAL,1,CONCRETO,1,BUENO,1,SECO,1,DESPEJADO,0,0,0,0,2,09:50:00
-8136645.53994997,-4404614.15951074,1554,-73.092731,-36.752138,1429264,2022,1,2022/03/16 00:00:00+00,8,REGION BIO BIO,8110,TALCAHUANO,63,CHOQUE FRENTE/POSTERIOR,40,CHOQUE,1,URBANA,11,CRUCE CON SEMAFORO FUNCIONANDO,28,CONDUCCION SIN MANTENER DISTANCIA RAZONABLE NI PRUDENTE,1,IMPRUDENCIA DEL CONDUCTOR,0,CRISTOBAL COLON,0,0,- CRISTOBAL COLON,2400,0,0,0,1,1,3,BIDIRECCIONAL CON BANDEJON,1,CONCRETO,1,BUENO,1,SECO,1,DESPEJADO,0,0,0,0,2,15:30:00
-8170516.91065678,-4551493.78863266,1555,-73.397002,-37.802008,1413700,2022,1,2022/01/02 00:00:00+00,8,REGION BIO BIO,8203,CAÑETE,30,COLISION,30,COLISION,1,URBANA,1,TRAMO DE VIA RECTA,24,CONDUCCION EN ESTADO DE EBRIEDAD,4,ALCOHOL EN CONDUCTOR,0,COVADONGA,0,0,- COVADONGA,490,0,0,0,1,0,1,UNIDIRECCIONAL,2,ASFALTO,2,REGULAR,3,MOJADO,3,LLUVIA,0,0,0,0,2,11:13:00
-8132910.3257559,-4408928.57687591,1556,-73.059177,-36.783186,1429348,2022,1,2022/03/16 00:00:00+00,8,REGION BIO BIO,8110,TALCAHUANO,70,VOLCADURA,70,VOLCADURA,1,URBANA,1,TRAMO DE VIA RECTA,72,VELOCIDAD NO RAZONABLE NI PRUDENTE,7,VELOCIDAD IMPRUDENTE,0,PRESIDENTE JORGE ALESSANDRI RODRIGUEZ,0,0,- PRESIDENTE JORGE ALESSANDRI RODRIGUEZ,5000,0,0,0,1,1,2,BIDIRECCIONAL,1,CONCRETO,1,BUENO,1,SECO,1,DESPEJADO,0,0,0,0,1,17:40:00
-8053176.90557903,-4507305.23800866,1557,-72.342919,-37.487697,1413730,2022,1,2022/01/15 00:00:00+00,8,REGION BIO BIO,8301,LOS ANGELES,33,COLISION POR ALCANCE,30,COLISION,1,URBANA,15,CRUCE CON SEÑAL CEDA EL PASO,27,CONDUCCION NO ATENTO CONDICIONES TRANSITO MOMENTO,1,IMPRUDENCIA DEL CONDUCTOR,0,LOS CARRERA,0,FRANCISCO ENCINA,FRANCISCO ENCINA - LOS CARRERA,0,0,0,0,1,1,3,BIDIRECCIONAL CON BANDEJON,1,CONCRETO,1,BUENO,1,SECO,1,DESPEJADO,0,0,0,1,1,18:45:00
-8138390.52862791,-4400692.1206966,1558,-73.108406,-36.723904,1429355,2022,1,2022/03/18 00:00:00+00,8,REGION BIO BIO,8110,TALCAHUANO,20,CAIDA,20,CAIDA,1,URBANA,1,TRAMO DE VIA RECTA,27,CONDUCCION NO ATENTO CONDICIONES TRANSITO MOMENTO,1,IMPRUDENCIA DEL CONDUCTOR,0,BENAVENTE,0,0,- BENAVENTE,1525,0,0,0,1,1,2,BIDIRECCIONAL,1,CONCRETO,1,BUENO,1,SECO,1,DESPEJADO,0,0,0,0,2,14:15:00
-8051264.72615788,-4508289.50300145,1559,-72.325742,-37.494712,1413737,2022,1,2022/01/15 00:00:00+00,8,REGION BIO BIO,8301,LOS ANGELES,31,COLISION FRONTAL,30,COLISION,1,URBANA,1,TRAMO DE VIA RECTA,26,CONDUCCION POR IZQUIERDA EJE CALZADA,1,IMPRUDENCIA DEL CONDUCTOR,0,LAS INDUSTRIAS,0,LA FRONTERA,LA FRONTERA - LAS INDUSTRIAS,0,0,0,0,1,1,2,BIDIRECCIONAL,2,ASFALTO,1,BUENO,1,SECO,1,DESPEJADO,0,5,0,3,0,11:40:00