X,Y,FID,POINT_X,POINT_Y,Idaccident,Año,Claseaccid,Fecha,Cód_Regi,Región,Cód_Comun,Comuna,Cód_Tipo,Tipo_Accid,Cód_Tip_1,Tipo__CONA,Cód_Zona,Zona,Cód_Ubica,Ubicación,Cód_Causa,Causa,Cód_Cau_1,Causa__CON,Cód_Calle,Calle_Uno,Cód_Cal_1,Calle_Dos,Intersecci,Número,Ruta,Cód_Ruta,Ubicaci_1,Pistas_de,Pistas_d_1,Cód_Calza,Calzada,Cód__Tipo,Tipo_Calza,Cód_Estad,Estado_Cal,Cód_Condi,Condición,Cód_Est_1,Estado_Atm,Fallecidos,Graves,Menos_Grav,Leves,Ilesos,Hora_1
-8059531.63437071,-4443042.80643818,1607,-72.400004,-37.028233,1429656,2022,1,2022/03/17 00:00:00+00,8,REGION BIO BIO,8303,CABRERO,30,COLISION,30,COLISION,1,URBANA,16,CRUCE SIN SEÑALIZACION,27,CONDUCCION NO ATENTO CONDICIONES TRANSITO MOMENTO,1,IMPRUDENCIA DEL CONDUCTOR,0,LOS CANELOS,0,LOS SAUCES,LOS CANELOS - LOS SAUCES,0,0,0,0,1,1,2,BIDIRECCIONAL,2,ASFALTO,1,BUENO,1,SECO,1,DESPEJADO,0,0,0,2,1,09:00:00
-8144468.88451979,-4438094.32768782,1608,-73.163009,-36.992736,1414084,2022,1,2022/01/15 00:00:00+00,8,REGION BIO BIO,8102,CORONEL,30,COLISION,30,COLISION,1,URBANA,1,TRAMO DE VIA RECTA,27,CONDUCCION NO ATENTO CONDICIONES TRANSITO MOMENTO,1,IMPRUDENCIA DEL CONDUCTOR,0,MANUEL MONTT,0,LOS MOLINEROS,LOS MOLINEROS - MANUEL MONTT,0,0,0,0,2,0,1,UNIDIRECCIONAL,2,ASFALTO,1,BUENO,1,SECO,1,DESPEJADO,0,0,0,5,1,21:00:00
-8059675.6817918,-4444809.61674868,1609,-72.401298,-37.040903,1429667,2022,1,2022/03/20 00:00:00+00,8,REGION BIO BIO,8303,CABRERO,30,COLISION,30,COLISION,1,URBANA,15,CRUCE CON SEÑAL CEDA EL PASO,24,CONDUCCION EN ESTADO DE EBRIEDAD,4,ALCOHOL EN CONDUCTOR,0,COLO COLO,0,LOS OLMOS,COLO COLO - LOS OLMOS,0,0,0,0,1,1,2,BIDIRECCIONAL,2,ASFALTO,1,BUENO,1,SECO,2,NUBLADO,0,0,0,1,2,14:30:00
-8015530.40150876,-4534892.45597524,1610,-72.004735,-37.684079,1414089,2022,1,2022/01/16 00:00:00+00,8,REGION BIO BIO,8308,QUILACO,50,CHOQUE,40,CHOQUE,1,URBANA,15,CRUCE CON SEÑAL CEDA EL PASO,25,"CONDICIONES FISICAS DEFICIENTES (CANSANCIO, SUEÑO)",8,DROGAS Y/O FATIGA EN CONDUCTOR,0,JOSE MIGUEL CARRERA,0,OBREQUE,JOSE MIGUEL CARRERA - OBREQUE,0,0,0,0,1,1,2,BIDIRECCIONAL,2,ASFALTO,1,BUENO,1,SECO,1,DESPEJADO,0,0,0,1,0,19:30:00
-8122307.95689012,-4384446.6790708,1611,-72.963934,-36.606844,1429739,2022,1,2022/03/23 00:00:00+00,8,REGION BIO BIO,8111,TOME,51,CHOQUE FRONTAL,40,CHOQUE,1,URBANA,1,TRAMO DE VIA RECTA,27,CONDUCCION NO ATENTO CONDICIONES TRANSITO MOMENTO,1,IMPRUDENCIA DEL CONDUCTOR,0,ENRIQUE MOLINA,0,BUENA VISTA,BUENA VISTA - ENRIQUE MOLINA,0,0,0,0,1,1,2,BIDIRECCIONAL,1,CONCRETO,1,BUENO,1,SECO,1,DESPEJADO,0,0,0,0,1,05:50:00
-8077160.54515511,-4452314.50456746,1612,-72.558368,-37.094697,1414090,2022,1,2022/01/17 00:00:00+00,8,REGION BIO BIO,8313,YUMBEL,51,CHOQUE FRONTAL,40,CHOQUE,1,URBANA,1,TRAMO DE VIA RECTA,25,"CONDICIONES FISICAS DEFICIENTES (CANSANCIO, SUEÑO)",8,DROGAS Y/O FATIGA EN CONDUCTOR,0,20 DE ENERO,0,0,- 20 DE ENERO,440,0,0,0,1,1,2,BIDIRECCIONAL,2,ASFALTO,1,BUENO,1,SECO,1,DESPEJADO,0,0,0,0,1,15:00:00
-8055378.19284973,-4505701.55618645,1613,-72.362694,-37.476265,1414136,2022,1,2022/01/19 00:00:00+00,8,REGION BIO BIO,8301,LOS ANGELES,10,ATROPELLO,10,ATROPELLO,1,URBANA,14,CRUCE CON SEÑAL PARE,27,CONDUCCION NO ATENTO CONDICIONES TRANSITO MOMENTO,1,IMPRUDENCIA DEL CONDUCTOR,0,PATRICIO LYNCH,0,ALCAZAR,ALCAZAR - PATRICIO LYNCH,0,0,0,0,2,0,1,UNIDIRECCIONAL,2,ASFALTO,1,BUENO,1,SECO,1,DESPEJADO,0,0,0,1,1,18:20:00
-8135556.32326036,-4411597.6503652,1614,-73.082946,-36.802386,1429770,2022,1,2022/03/08 00:00:00+00,8,REGION BIO BIO,8101,CONCEPCION,50,CHOQUE,40,CHOQUE,1,URBANA,1,TRAMO DE VIA RECTA,27,CONDUCCION NO ATENTO CONDICIONES TRANSITO MOMENTO,1,IMPRUDENCIA DEL CONDUCTOR,0,COLON,0,PUERTO SAAVEDRA,COLON - PUERTO SAAVEDRA,0,0,0,0,2,2,2,BIDIRECCIONAL,1,CONCRETO,1,BUENO,1,SECO,1,DESPEJADO,0,0,0,2,2,08:00:00
-8053140.96051546,-4507050.68120248,1615,-72.342596,-37.485883,1414161,2022,1,2022/01/19 00:00:00+00,8,REGION BIO BIO,8301,LOS ANGELES,33,COLISION POR ALCANCE,30,COLISION,1,URBANA,14,CRUCE CON SEÑAL PARE,27,CONDUCCION NO ATENTO CONDICIONES TRANSITO MOMENTO,1,IMPRUDENCIA DEL CONDUCTOR,0,RENE SEPULVEDA,0,SANTIAGO BARRERA,RENE SEPULVEDA - SANTIAGO BARRERA,0,0,0,0,2,0,1,UNIDIRECCIONAL,2,ASFALTO,1,BUENO,1,SECO,1,DESPEJADO,0,0,0,0,2,18:45:00
-8146926.00624422,-4404678.97311522,1616,-73.185081,-36.752605,1429778,2022,1,2022/03/23 00:00:00+00,8,REGION BIO BIO,8112,HUALPEN,30,COLISION,30,COLISION,1,URBANA,15,CRUCE CON SEÑAL CEDA EL PASO,29,CONDUCCION CAMBIAR SORPRESIVAMENTE PISTA CIRCULACION,1,IMPRUDENCIA DEL CONDUCTOR,0,CRISTOBAL COLON,0,CAMINO A RAMUNTCHO,CAMINO A RAMUNTCHO - CRISTOBAL COLON,0,0,0,0,2,2,2,BIDIRECCIONAL,1,CONCRETO,1,BUENO,1,SECO,1,DESPEJADO,0,0,0,0,2,08:10:00
-8161668.21338921,-4473394.82296136,1617,-73.317513,-37.245593,1414267,2022,1,2022/01/17 00:00:00+00,8,REGION BIO BIO,8202,ARAUCO,33,COLISION POR ALCANCE,30,COLISION,1,URBANA,11,CRUCE CON SEMAFORO FUNCIONANDO,32,NO RESPETAR DERECHO PREFERENTE DE PASO A VEHICULO,1,IMPRUDENCIA DEL CONDUCTOR,0,CARLOS CONDELL,0,CHACABUCO,CARLOS CONDELL - CHACABUCO,0,0,0,0,1,0,1,UNIDIRECCIONAL,1,CONCRETO,1,BUENO,2,HUMEDO,1,DESPEJADO,0,0,0,1,1,01:30:00
-8133021.02185754,-4413391.46705482,1618,-73.060171,-36.815288,1429783,2022,1,2022/03/08 00:00:00+00,8,REGION BIO BIO,8101,CONCEPCION,30,COLISION,30,COLISION,1,URBANA,1,TRAMO DE VIA RECTA,32,NO RESPETAR DERECHO PREFERENTE DE PASO A VEHICULO,1,IMPRUDENCIA DEL CONDUCTOR,0,RENGO,0,BRASIL,BRASIL - RENGO,0,0,0,0,2,0,1,UNIDIRECCIONAL,1,CONCRETO,1,BUENO,1,SECO,1,DESPEJADO,0,0,0,0,2,12:50:00
-8132469.84566278,-4416743.67075827,1619,-73.05522,-36.839392,1414277,2022,1,2022/01/15 00:00:00+00,8,REGION BIO BIO,8101,CONCEPCION,51,CHOQUE FRONTAL,40,CHOQUE,1,URBANA,1,TRAMO DE VIA RECTA,27,CONDUCCION NO ATENTO CONDICIONES TRANSITO MOMENTO,1,IMPRUDENCIA DEL CONDUCTOR,0,PEDRO DE VALDIVIA,0,0,- PEDRO DE VALDIVIA,105,0,0,0,2,2,3,BIDIRECCIONAL CON BANDEJON,1,CONCRETO,1,BUENO,1,SECO,1,DESPEJADO,0,1,0,0,0,10:10:00
-8131519.12155166,-4415278.39024382,1620,-73.046679,-36.828857,1429789,2022,1,2022/03/07 00:00:00+00,8,REGION BIO BIO,8101,CONCEPCION,30,COLISION,30,COLISION,1,URBANA,1,TRAMO DE VIA RECTA,27,CONDUCCION NO ATENTO CONDICIONES TRANSITO MOMENTO,1,IMPRUDENCIA DEL CONDUCTOR,0,COLO COLO,0,COCHRANE,COCHRANE - COLO COLO,0,0,0,0,2,0,1,UNIDIRECCIONAL,1,CONCRETO,1,BUENO,1,SECO,1,DESPEJADO,0,0,0,0,2,17:30:00
-8132585.29510668,-4415994.95496347,1621,-73.056257,-36.834009,1414279,2022,1,2022/01/15 00:00:00+00,8,REGION BIO BIO,8101,CONCEPCION,34,COLISION PERPENDICULAR,30,COLISION,1,URBANA,11,CRUCE CON SEMAFORO FUNCIONANDO,62,SEÑALIZACION DESOBEDECER LUZ ROJA DE SEMAFORO,10,DESOBEDIENCIA A SEÑALIZACION,0,CHACABUCO PONIENTE,0,ARTURO PRAT,ARTURO PRAT - CHACABUCO PONIENTE,0,0,0,0,2,2,3,BIDIRECCIONAL CON BANDEJON,1,CONCRETO,1,BUENO,1,SECO,1,DESPEJADO,0,0,0,1,1,15:20:00
-8135573.9340038,-4407379.30670724,1622,-73.083104,-36.772038,1429791,2022,1,2022/03/16 00:00:00+00,8,REGION BIO BIO,8110,TALCAHUANO,32,COLISION LATERAL,30,COLISION,1,URBANA,1,TRAMO DE VIA RECTA,29,CONDUCCION CAMBIAR SORPRESIVAMENTE PISTA CIRCULACION,1,IMPRUDENCIA DEL CONDUCTOR,0,SANTA MARIA,0,0,- SANTA MARIA,3177,0,0,0,1,1,2,BIDIRECCIONAL,1,CONCRETO,1,BUENO,1,SECO,1,DESPEJADO,0,0,0,0,2,14:30:00
-8131337.42587879,-4415634.96980311,1623,-73.045047,-36.831421,1414286,2022,1,2022/01/16 00:00:00+00,8,REGION BIO BIO,8101,CONCEPCION,53,CHOQUE POSTERIOR,40,CHOQUE,1,URBANA,15,CRUCE CON SEÑAL CEDA EL PASO,27,CONDUCCION NO ATENTO CONDICIONES TRANSITO MOMENTO,1,IMPRUDENCIA DEL CONDUCTOR,0,VICTOR LAMAS,0,COLO COLO,COLO COLO - VICTOR LAMAS,0,0,0,0,2,0,1,UNIDIRECCIONAL,1,CONCRETO,1,BUENO,1,SECO,1,DESPEJADO,0,0,0,0,2,16:35:00
-8129002.16560092,-4413778.42250665,1624,-73.024069,-36.818071,1414288,2022,1,2022/01/16 00:00:00+00,8,REGION BIO BIO,8101,CONCEPCION,10,ATROPELLO,10,ATROPELLO,1,URBANA,26,OTROS NO CONSIDERADOS,31,NO RESPETAR DERECHO PREFERENTE DE PASO A PEATON,1,IMPRUDENCIA DEL CONDUCTOR,0,TEGUALDA,0,GENERAL NOVOA,GENERAL NOVOA - TEGUALDA,0,0,0,0,3,0,1,UNIDIRECCIONAL,1,CONCRETO,1,BUENO,1,SECO,1,DESPEJADO,0,1,0,0,1,16:45:00
-8146926.00624422,-4404678.97311522,1625,-73.185081,-36.752605,1429797,2022,1,2022/03/23 00:00:00+00,8,REGION BIO BIO,8112,HUALPEN,63,CHOQUE FRENTE/POSTERIOR,40,CHOQUE,1,URBANA,11,CRUCE CON SEMAFORO FUNCIONANDO,95,PERDIDA CONTROL VEHICULO,9,PERDIDA CONTROL VEHICULO,0,CRISTOBAL COLON,0,CAMINO A RAMUNTCHO,CAMINO A RAMUNTCHO - CRISTOBAL COLON,0,0,0,0,2,2,3,BIDIRECCIONAL CON BANDEJON,1,CONCRETO,1,BUENO,1,SECO,1,DESPEJADO,0,0,0,2,2,08:15:00
-8131178.91805584,-4415262.32712985,1626,-73.043623,-36.828741,1414291,2022,1,2022/01/17 00:00:00+00,8,REGION BIO BIO,8101,CONCEPCION,34,COLISION PERPENDICULAR,30,COLISION,1,URBANA,11,CRUCE CON SEMAFORO FUNCIONANDO,62,SEÑALIZACION DESOBEDECER LUZ ROJA DE SEMAFORO,10,DESOBEDIENCIA A SEÑALIZACION,0,TUCAPEL,0,CHACABUCO,CHACABUCO - TUCAPEL,0,0,0,0,3,3,3,BIDIRECCIONAL CON BANDEJON,1,CONCRETO,1,BUENO,1,SECO,1,DESPEJADO,0,0,0,0,2,20:20:00
-8137076.36864324,-4409129.74154804,1627,-73.096601,-36.784633,1429805,2022,1,2022/03/23 00:00:00+00,8,REGION BIO BIO,8112,HUALPEN,62,CHOQUE FRENTE/LADO,40,CHOQUE,1,URBANA,14,CRUCE CON SEÑAL PARE,27,CONDUCCION NO ATENTO CONDICIONES TRANSITO MOMENTO,1,IMPRUDENCIA DEL CONDUCTOR,0,SUECIA,0,FINLANDIA,FINLANDIA - SUECIA,0,0,0,0,1,1,2,BIDIRECCIONAL,1,CONCRETO,1,BUENO,1,SECO,1,DESPEJADO,0,0,0,0,2,15:20:00
-8144004.97167386,-4440656.60639422,1628,-73.158841,-37.011118,1429812,2022,1,2022/03/16 00:00:00+00,8,REGION BIO BIO,8102,CORONEL,67,CHOQUE POSTERIOR/FRENTE,40,CHOQUE,1,URBANA,16,CRUCE SIN SEÑALIZACION,27,CONDUCCION NO ATENTO CONDICIONES TRANSITO MOMENTO,1,IMPRUDENCIA DEL CONDUCTOR,0,GENERAL CARLOS PRATS,0,ARTURO HUGHES,ARTURO HUGHES - GENERAL CARLOS PRATS,0,0,0,0,1,1,2,BIDIRECCIONAL,2,ASFALTO,1,BUENO,1,SECO,1,DESPEJADO,0,0,0,0,2,19:30:00
-8132924.99766478,-4414946.20163702,1629,-73.059308,-36.826468,1414292,2022,1,2022/01/15 00:00:00+00,8,REGION BIO BIO,8101,CONCEPCION,53,CHOQUE POSTERIOR,40,CHOQUE,1,URBANA,11,CRUCE CON SEMAFORO FUNCIONANDO,27,CONDUCCION NO ATENTO CONDICIONES TRANSITO MOMENTO,1,IMPRUDENCIA DEL CONDUCTOR,0,LOS CARRERA,0,SERRANO,LOS CARRERA - SERRANO,0,0,0,0,3,3,3,BIDIRECCIONAL CON BANDEJON,1,CONCRETO,1,BUENO,1,SECO,1,DESPEJADO,0,0,0,0,2,14:00:00
-8135635.11519594,-4403494.85668998,1630,-73.083654,-36.744082,1429831,2022,1,2022/03/14 00:00:00+00,8,REGION BIO BIO,8110,TALCAHUANO,32,COLISION LATERAL,30,COLISION,1,URBANA,15,CRUCE CON SEÑAL CEDA EL PASO,64,SEÑALIZACION DESOBEDECER SEÑAL CEDA EL PASO,10,DESOBEDIENCIA A SEÑALIZACION,0,CLAUDIO GAY,0,ALMIRANTE NEFF,ALMIRANTE NEFF - CLAUDIO GAY,0,0,0,0,1,1,2,BIDIRECCIONAL,1,CONCRETO,1,BUENO,1,SECO,1,DESPEJADO,0,0,0,2,0,08:00:00
-8130903.66948291,-4415285.14927565,1631,-73.04115,-36.828905,1414313,2022,1,2022/01/18 00:00:00+00,8,REGION BIO BIO,8101,CONCEPCION,50,CHOQUE,40,CHOQUE,1,URBANA,1,TRAMO DE VIA RECTA,27,CONDUCCION NO ATENTO CONDICIONES TRANSITO MOMENTO,1,IMPRUDENCIA DEL CONDUCTOR,0,VICTOR LAMAS,0,0,- VICTOR LAMAS,1155,0,0,0,2,0,1,UNIDIRECCIONAL,1,CONCRETO,1,BUENO,1,SECO,1,DESPEJADO,0,0,0,1,1,10:05:00
-8144363.27571888,-4450893.14226035,1632,-73.16206,-37.084511,1429838,2022,1,2022/03/16 00:00:00+00,8,REGION BIO BIO,8106,LOTA,20,CAIDA,20,CAIDA,1,URBANA,1,TRAMO DE VIA RECTA,98,OTRAS CAUSAS,14,OTRAS CAUSAS,0,CARLOS COUSIÑO,0,0,- CARLOS COUSIÑO,319,0,0,0,1,1,2,BIDIRECCIONAL,1,CONCRETO,1,BUENO,1,SECO,1,DESPEJADO,0,0,0,1,1,14:30:00
-8133135.2356551,-4415511.76012415,1633,-73.061197,-36.830535,1414315,2022,1,2022/01/18 00:00:00+00,8,REGION BIO BIO,8101,CONCEPCION,34,COLISION PERPENDICULAR,30,COLISION,1,URBANA,15,CRUCE CON SEÑAL CEDA EL PASO,64,SEÑALIZACION DESOBEDECER SEÑAL CEDA EL PASO,10,DESOBEDIENCIA A SEÑALIZACION,0,CENTRAL NORTE,0,PASCUAL BINIMELLIS,CENTRAL NORTE - PASCUAL BINIMELLIS,0,0,0,0,2,0,1,UNIDIRECCIONAL,1,CONCRETO,1,BUENO,1,SECO,1,DESPEJADO,0,0,0,0,2,15:40:00
-8136645.53994997,-4404614.15951074,1634,-73.092731,-36.752138,1429842,2022,1,2022/03/16 00:00:00+00,8,REGION BIO BIO,8110,TALCAHUANO,63,CHOQUE FRENTE/POSTERIOR,40,CHOQUE,1,URBANA,11,CRUCE CON SEMAFORO FUNCIONANDO,28,CONDUCCION SIN MANTENER DISTANCIA RAZONABLE NI PRUDENTE,1,IMPRUDENCIA DEL CONDUCTOR,0,CRISTOBAL COLON,0,0,- CRISTOBAL COLON,2451,0,0,0,1,1,3,BIDIRECCIONAL CON BANDEJON,1,CONCRETO,1,BUENO,1,SECO,1,DESPEJADO,0,0,0,0,2,12:00:00
-8132140.91883138,-4417602.09521163,1635,-73.052265,-36.845563,1414320,2022,1,2022/01/19 00:00:00+00,8,REGION BIO BIO,8101,CONCEPCION,10,ATROPELLO,10,ATROPELLO,1,URBANA,26,OTROS NO CONSIDERADOS,27,CONDUCCION NO ATENTO CONDICIONES TRANSITO MOMENTO,1,IMPRUDENCIA DEL CONDUCTOR,0,PEDRO DE VALDIVIA,0,0,- PEDRO DE VALDIVIA,976,0,0,0,2,2,3,BIDIRECCIONAL CON BANDEJON,1,CONCRETO,1,BUENO,1,SECO,1,DESPEJADO,0,0,0,0,2,14:35:00
-8142932.69781074,-4452194.95719573,1636,-73.149209,-37.09384,1429843,2022,1,2022/03/20 00:00:00+00,8,REGION BIO BIO,8106,LOTA,52,CHOQUE LATERAL,40,CHOQUE,1,URBANA,2,TRAMO DE VIA CURVA HORIZONTAL,27,CONDUCCION NO ATENTO CONDICIONES TRANSITO MOMENTO,1,IMPRUDENCIA DEL CONDUCTOR,0,FERNANDO MAIRA,0,0,- FERNANDO MAIRA,1,0,0,0,1,2,2,BIDIRECCIONAL,2,ASFALTO,1,BUENO,3,MOJADO,3,LLUVIA,0,0,0,1,1,20:00:00
-8132971.69619117,-4415594.2613565,1637,-73.059728,-36.831128,1414324,2022,1,2022/01/19 00:00:00+00,8,REGION BIO BIO,8101,CONCEPCION,50,CHOQUE,40,CHOQUE,1,URBANA,11,CRUCE CON SEMAFORO FUNCIONANDO,24,CONDUCCION EN ESTADO DE EBRIEDAD,4,ALCOHOL EN CONDUCTOR,0,BERNARDO O'HIGGINS,0,PADRE HURTADO,BERNARDO O'HIGGINS - PADRE HURTADO,0,0,0,0,4,0,1,UNIDIRECCIONAL,1,CONCRETO,1,BUENO,1,SECO,1,DESPEJADO,0,0,0,0,1,04:20:00
-8131801.66155124,-4414358.63175204,1638,-73.049217,-36.822243,1429844,2022,1,2022/03/08 00:00:00+00,8,REGION BIO BIO,8101,CONCEPCION,30,COLISION,30,COLISION,1,URBANA,11,CRUCE CON SEMAFORO FUNCIONANDO,28,CONDUCCION SIN MANTENER DISTANCIA RAZONABLE NI PRUDENTE,1,IMPRUDENCIA DEL CONDUCTOR,0,LOS CARRERA,0,FRESIA,FRESIA - LOS CARRERA,0,0,0,0,3,3,2,BIDIRECCIONAL,1,CONCRETO,1,BUENO,1,SECO,1,DESPEJADO,0,0,0,0,3,15:00:00
-8052370.2734168,-4507376.15587235,1639,-72.335673,-37.488202,1414468,2022,1,2022/01/19 00:00:00+00,8,REGION BIO BIO,8301,LOS ANGELES,68,CHOQUE POSTERIOR/LADO,40,CHOQUE,1,URBANA,16,CRUCE SIN SEÑALIZACION,93,CONDUCIR VEHICULO EN RETROCESO,1,IMPRUDENCIA DEL CONDUCTOR,0,LOS TOLTECAS,0,ARAWAX,ARAWAX - LOS TOLTECAS,0,0,0,0,1,1,2,BIDIRECCIONAL,1,CONCRETO,1,BUENO,1,SECO,1,DESPEJADO,0,0,0,0,2,20:05:00
-8119575.45300936,-4436069.18303201,1640,-72.939387,-36.978204,1429848,2022,1,2022/03/06 00:00:00+00,8,REGION BIO BIO,8105,HUALQUI,63,CHOQUE FRENTE/POSTERIOR,40,CHOQUE,1,URBANA,1,TRAMO DE VIA RECTA,97,CAUSAS NO DETERMINADAS,13,CAUSAS NO DETERMINADAS,0,LA CONCEPCION,0,0,- LA CONCEPCION,245,0,0,0,2,0,1,UNIDIRECCIONAL,1,CONCRETO,1,BUENO,1,SECO,1,DESPEJADO,0,0,0,0,2,03:00:00
-8052154.33586856,-4507504.73518136,1641,-72.333733,-37.489119,1414471,2022,1,2022/01/19 00:00:00+00,8,REGION BIO BIO,8301,LOS ANGELES,32,COLISION LATERAL,30,COLISION,1,URBANA,14,CRUCE CON SEÑAL PARE,27,CONDUCCION NO ATENTO CONDICIONES TRANSITO MOMENTO,1,IMPRUDENCIA DEL CONDUCTOR,0,TOLPAN,0,LOS APACHES,LOS APACHES - TOLPAN,0,0,0,0,2,0,1,UNIDIRECCIONAL,2,ASFALTO,1,BUENO,1,SECO,1,DESPEJADO,0,1,0,0,1,16:00:00
-8138562.75101211,-4409413.69695982,1642,-73.109953,-36.786676,1429856,2022,1,2022/03/18 00:00:00+00,8,REGION BIO BIO,8110,TALCAHUANO,32,COLISION LATERAL,30,COLISION,1,URBANA,16,CRUCE SIN SEÑALIZACION,32,NO RESPETAR DERECHO PREFERENTE DE PASO A VEHICULO,1,IMPRUDENCIA DEL CONDUCTOR,0,ANTONIO DE LA FUENTE,0,HUALPEN,ANTONIO DE LA FUENTE - HUALPEN,0,0,0,0,1,1,2,BIDIRECCIONAL,1,CONCRETO,1,BUENO,1,SECO,1,DESPEJADO,0,0,0,0,2,13:20:00
-8134201.43147402,-4410294.11944829,1643,-73.070775,-36.793009,1414485,2022,1,2022/01/19 00:00:00+00,8,REGION BIO BIO,8112,HUALPEN,30,COLISION,30,COLISION,1,URBANA,1,TRAMO DE VIA RECTA,24,CONDUCCION EN ESTADO DE EBRIEDAD,4,ALCOHOL EN CONDUCTOR,0,AUTOPISTA CONCEPCION TALCAHUANO,0,0,- AUTOPISTA CONCEPCION TALCAHUANO,8676,0,0,0,2,2,3,BIDIRECCIONAL CON BANDEJON,1,CONCRETO,1,BUENO,1,SECO,1,DESPEJADO,0,0,0,1,1,19:50:00
-8142322.6224734,-4443229.33549316,1644,-73.143729,-37.02957,1414486,2022,1,2022/01/17 00:00:00+00,8,REGION BIO BIO,8102,CORONEL,30,COLISION,30,COLISION,1,URBANA,1,TRAMO DE VIA RECTA,27,CONDUCCION NO ATENTO CONDICIONES TRANSITO MOMENTO,1,IMPRUDENCIA DEL CONDUCTOR,0,CARVALLO,0,BALMACEDA,BALMACEDA - CARVALLO,0,0,0,0,2,0,1,UNIDIRECCIONAL,2,ASFALTO,1,BUENO,1,SECO,1,DESPEJADO,0,0,0,1,1,16:00:00
-8130020.60535829,-4427355.39888366,1645,-73.033218,-36.915646,1429867,2022,1,2022/03/14 00:00:00+00,8,REGION BIO BIO,8103,CHIGUAYANTE,51,CHOQUE FRONTAL,40,CHOQUE,1,URBANA,1,TRAMO DE VIA RECTA,97,CAUSAS NO DETERMINADAS,13,CAUSAS NO DETERMINADAS,0,ARAUCARIAS,0,0,- ARAUCARIAS,60,0,0,0,1,1,2,BIDIRECCIONAL,1,CONCRETO,1,BUENO,1,SECO,1,DESPEJADO,0,0,0,0,1,08:25:00
-8053629.40817716,-4505326.31106842,1646,-72.346984,-37.47359,1414487,2022,1,2022/01/20 00:00:00+00,8,REGION BIO BIO,8301,LOS ANGELES,61,CHOQUE FRENTE/FRENTE,40,CHOQUE,1,URBANA,1,TRAMO DE VIA RECTA,27,CONDUCCION NO ATENTO CONDICIONES TRANSITO MOMENTO,1,IMPRUDENCIA DEL CONDUCTOR,0,RICARDO VICUÑA,0,0,- RICARDO VICUÑA,147,0,0,0,1,1,2,BIDIRECCIONAL,4,MIXTO,1,BUENO,1,SECO,1,DESPEJADO,0,0,0,0,2,13:30:00
-8128550.87638525,-4430306.44409362,1647,-73.020015,-36.936838,1429882,2022,1,2022/03/16 00:00:00+00,8,REGION BIO BIO,8103,CHIGUAYANTE,33,COLISION POR ALCANCE,30,COLISION,1,URBANA,11,CRUCE CON SEMAFORO FUNCIONANDO,97,CAUSAS NO DETERMINADAS,13,CAUSAS NO DETERMINADAS,0,MANUEL RODRIGUEZ,0,BIO BIO,BIO BIO - MANUEL RODRIGUEZ,0,0,0,0,2,2,3,BIDIRECCIONAL CON BANDEJON,1,CONCRETO,1,BUENO,1,SECO,1,DESPEJADO,0,0,0,1,2,08:30:00
-8152184.54974617,-4582234.71220766,1648,-73.23232,-38.019881,1414502,2022,1,2022/01/12 00:00:00+00,8,REGION BIO BIO,8204,CONTULMO,30,COLISION,30,COLISION,1,URBANA,1,TRAMO DE VIA RECTA,27,CONDUCCION NO ATENTO CONDICIONES TRANSITO MOMENTO,1,IMPRUDENCIA DEL CONDUCTOR,0,LAS ARAUCARIAS,0,0,- LAS ARAUCARIAS,1005,0,0,0,1,1,2,BIDIRECCIONAL,1,CONCRETO,1,BUENO,1,SECO,1,DESPEJADO,0,0,0,0,2,12:14:00
-8131522.40547664,-4414219.68124468,1649,-73.046709,-36.821244,1414523,2022,1,2022/01/20 00:00:00+00,8,REGION BIO BIO,8101,CONCEPCION,32,COLISION LATERAL,30,COLISION,1,URBANA,11,CRUCE CON SEMAFORO FUNCIONANDO,91,VIRAJES INDEBIDOS,1,IMPRUDENCIA DEL CONDUCTOR,0,LOS CARRERA,0,OROMPELLO,LOS CARRERA - OROMPELLO,0,0,0,0,3,3,3,BIDIRECCIONAL CON BANDEJON,1,CONCRETO,1,BUENO,1,SECO,1,DESPEJADO,0,0,0,0,2,00:15:00
-8133436.8780793,-4413295.21706064,1650,-73.063907,-36.814596,1429924,2022,1,2022/03/09 00:00:00+00,8,REGION BIO BIO,8103,CHIGUAYANTE,30,COLISION,30,COLISION,1,URBANA,1,TRAMO DE VIA RECTA,32,NO RESPETAR DERECHO PREFERENTE DE PASO A VEHICULO,1,IMPRUDENCIA DEL CONDUCTOR,0,CAMINO LOS CARROS,0,0,- CAMINO LOS CARROS,1955,0,0,0,2,2,2,BIDIRECCIONAL,1,CONCRETO,1,BUENO,1,SECO,1,DESPEJADO,0,0,0,1,1,12:00:00
-8165976.80088452,-4504640.26665206,1651,-73.356218,-37.468699,1414532,2022,1,2022/01/21 00:00:00+00,8,REGION BIO BIO,8205,CURANILAHUE,30,COLISION,30,COLISION,1,URBANA,1,TRAMO DE VIA RECTA,29,CONDUCCION CAMBIAR SORPRESIVAMENTE PISTA CIRCULACION,1,IMPRUDENCIA DEL CONDUCTOR,0,BERNARDO O'HIGGINS,0,0,- BERNARDO O'HIGGINS,1316,0,0,0,1,1,2,BIDIRECCIONAL,2,ASFALTO,2,REGULAR,1,SECO,2,NUBLADO,2,2,0,3,0,04:35:00