X,Y,FID,POINT_X,POINT_Y,Idaccident,Año,Claseaccid,Fecha,Cód_Regi,Región,Cód_Comun,Comuna,Cód_Tipo,Tipo_Accid,Cód_Tip_1,Tipo__CONA,Cód_Zona,Zona,Cód_Ubica,Ubicación,Cód_Causa,Causa,Cód_Cau_1,Causa__CON,Cód_Calle,Calle_Uno,Cód_Cal_1,Calle_Dos,Intersecci,Número,Ruta,Cód_Ruta,Ubicaci_1,Pistas_de,Pistas_d_1,Cód_Calza,Calzada,Cód__Tipo,Tipo_Calza,Cód_Estad,Estado_Cal,Cód_Condi,Condición,Cód_Est_1,Estado_Atm,Fallecidos,Graves,Menos_Grav,Leves,Ilesos,Hora_1
-8094287.47182772,-4476693.607348,1929,-72.712221,-37.269179,1416258,2022,1,2022/01/26 00:00:00+00,8,REGION BIO BIO,8304,LAJA,30,COLISION,30,COLISION,1,URBANA,1,TRAMO DE VIA RECTA,27,CONDUCCION NO ATENTO CONDICIONES TRANSITO MOMENTO,1,IMPRUDENCIA DEL CONDUCTOR,0,SAUSALITO,0,0,- SAUSALITO,206,0,0,0,1,1,2,BIDIRECCIONAL,2,ASFALTO,1,BUENO,1,SECO,1,DESPEJADO,0,0,0,1,1,20:15:00
-8138076.62992777,-4408257.60139371,1930,-73.105586,-36.778358,1432267,2022,1,2022/03/29 00:00:00+00,8,REGION BIO BIO,8110,TALCAHUANO,70,VOLCADURA,70,VOLCADURA,1,URBANA,15,CRUCE CON SEÑAL CEDA EL PASO,27,CONDUCCION NO ATENTO CONDICIONES TRANSITO MOMENTO,1,IMPRUDENCIA DEL CONDUCTOR,0,CALLE DOS,0,LAS GOLONDRINAS,CALLE DOS - LAS GOLONDRINAS,0,0,0,0,1,1,2,BIDIRECCIONAL,1,CONCRETO,1,BUENO,1,SECO,1,DESPEJADO,0,0,0,1,1,19:00:00
-8124340.36136133,-4401519.70938417,1931,-72.982191,-36.729863,1416268,2022,1,2022/01/28 00:00:00+00,8,REGION BIO BIO,8107,PENCO,32,COLISION LATERAL,30,COLISION,1,URBANA,1,TRAMO DE VIA RECTA,95,PERDIDA CONTROL VEHICULO,9,PERDIDA CONTROL VEHICULO,0,EL MANZANO,0,0,- EL MANZANO,150,0,0,0,2,0,1,UNIDIRECCIONAL,2,ASFALTO,1,BUENO,1,SECO,1,DESPEJADO,0,0,0,1,1,06:40:00
-8138699.21757588,-4400441.75672826,1932,-73.111179,-36.722101,1432269,2022,1,2022/03/25 00:00:00+00,8,REGION BIO BIO,8110,TALCAHUANO,51,CHOQUE FRONTAL,40,CHOQUE,1,URBANA,1,TRAMO DE VIA RECTA,72,VELOCIDAD NO RAZONABLE NI PRUDENTE,7,VELOCIDAD IMPRUDENTE,0,GABRIEL TORO,0,0,- GABRIEL TORO,6424,0,0,0,1,1,3,BIDIRECCIONAL CON BANDEJON,1,CONCRETO,1,BUENO,1,SECO,1,DESPEJADO,0,0,0,0,1,00:10:00
-8140657.99533587,-4417009.49631793,1933,-73.128775,-36.841303,1416287,2022,1,2022/01/27 00:00:00+00,8,REGION BIO BIO,8108,SAN PEDRO DE LA PAZ,32,COLISION LATERAL,30,COLISION,1,URBANA,14,CRUCE CON SEÑAL PARE,65,SEÑALIZACION DESOBEDECER SEÑAL PARE,10,DESOBEDIENCIA A SEÑALIZACION,0,DANIEL BELMAR,0,LAS TORRES,DANIEL BELMAR - LAS TORRES,0,0,0,0,1,1,2,BIDIRECCIONAL,2,ASFALTO,1,BUENO,1,SECO,1,DESPEJADO,0,0,0,2,1,15:45:00
-8136930.21728378,-4410297.88660859,1934,-73.095288,-36.793037,1432278,2022,1,2022/03/29 00:00:00+00,8,REGION BIO BIO,8112,HUALPEN,30,COLISION,30,COLISION,1,URBANA,14,CRUCE CON SEÑAL PARE,65,SEÑALIZACION DESOBEDECER SEÑAL PARE,10,DESOBEDIENCIA A SEÑALIZACION,0,LA RECONQUISTA,0,TOSCANIA,LA RECONQUISTA - TOSCANIA,0,0,0,0,1,1,2,BIDIRECCIONAL,1,CONCRETO,1,BUENO,1,SECO,1,DESPEJADO,0,0,0,0,2,17:00:00
-8139091.01765567,-4416897.82957855,1935,-73.114699,-36.8405,1416296,2022,1,2022/01/04 00:00:00+00,8,REGION BIO BIO,8108,SAN PEDRO DE LA PAZ,33,COLISION POR ALCANCE,30,COLISION,1,URBANA,1,TRAMO DE VIA RECTA,11,ADELANTAMIENTO SIN EL ESPACIO O TIEMPO SUFICIENTE,1,IMPRUDENCIA DEL CONDUCTOR,0,LOS AVELLANOS,0,0,- LOS AVELLANOS,44,0,0,0,1,1,2,BIDIRECCIONAL,1,CONCRETO,1,BUENO,1,SECO,1,DESPEJADO,0,0,0,0,2,16:45:00
-8139345.07099756,-4400814.25633659,1936,-73.116981,-36.724783,1432287,2022,1,2022/03/24 00:00:00+00,8,REGION BIO BIO,8110,TALCAHUANO,10,ATROPELLO,10,ATROPELLO,1,URBANA,1,TRAMO DE VIA RECTA,52,PEATON CRUZA CALZADA FORMA SORPRESIVA O DESCUIDADA,2,IMPRUDENCIA DEL PEATON,0,AVIACION,0,0,- AVIACION,708,0,0,0,1,1,2,BIDIRECCIONAL,1,CONCRETO,1,BUENO,1,SECO,1,DESPEJADO,0,0,0,1,1,19:45:00
-8017721.9260601,-4532112.50256868,1937,-72.024422,-37.664313,1416311,2022,1,2022/01/27 00:00:00+00,8,REGION BIO BIO,8311,SANTA BARBARA,33,COLISION POR ALCANCE,30,COLISION,1,URBANA,14,CRUCE CON SEÑAL PARE,27,CONDUCCION NO ATENTO CONDICIONES TRANSITO MOMENTO,1,IMPRUDENCIA DEL CONDUCTOR,0,PEDRO BURGOS,0,FEDERICO PUGA,FEDERICO PUGA - PEDRO BURGOS,0,0,0,0,1,1,2,BIDIRECCIONAL,1,CONCRETO,1,BUENO,1,SECO,1,DESPEJADO,0,0,0,0,2,16:00:00
-8135201.90426557,-4411225.00999017,1938,-73.079762,-36.799706,1432289,2022,1,2022/03/30 00:00:00+00,8,REGION BIO BIO,8112,HUALPEN,30,COLISION,30,COLISION,1,URBANA,24,ROTONDA,27,CONDUCCION NO ATENTO CONDICIONES TRANSITO MOMENTO,1,IMPRUDENCIA DEL CONDUCTOR,0,ARTEAGA ALEMPARTE,0,JORGE ALESSANDRI RODRIGUEZ,ARTEAGA ALEMPARTE - JORGE ALESSANDRI RODRIGUEZ,0,0,0,0,1,1,2,BIDIRECCIONAL,1,CONCRETO,1,BUENO,1,SECO,1,DESPEJADO,0,0,0,1,1,16:20:00
-8139133.70868039,-4402343.08399373,1939,-73.115082,-36.73579,1416338,2022,1,2022/01/11 00:00:00+00,8,REGION BIO BIO,8110,TALCAHUANO,32,COLISION LATERAL,30,COLISION,1,URBANA,1,TRAMO DE VIA RECTA,91,VIRAJES INDEBIDOS,1,IMPRUDENCIA DEL CONDUCTOR,0,ISLA SANTA MARIA,0,0,- ISLA SANTA MARIA,367,0,0,0,1,1,2,BIDIRECCIONAL,1,CONCRETO,1,BUENO,1,SECO,1,DESPEJADO,0,0,0,0,2,00:00:00
-8138995.99533833,-4408685.56645679,1940,-73.113845,-36.781437,1432301,2022,1,2022/03/30 00:00:00+00,8,REGION BIO BIO,8112,HUALPEN,30,COLISION,30,COLISION,1,URBANA,16,CRUCE SIN SEÑALIZACION,27,CONDUCCION NO ATENTO CONDICIONES TRANSITO MOMENTO,1,IMPRUDENCIA DEL CONDUCTOR,0,YUGOSLAVIA,0,GIBRALTAR,GIBRALTAR - YUGOSLAVIA,0,0,0,0,1,1,2,BIDIRECCIONAL,1,CONCRETO,1,BUENO,1,SECO,1,DESPEJADO,0,0,0,0,2,19:29:00
-8053098.88174794,-4504590.48978348,1941,-72.342218,-37.468344,1416533,2022,1,2022/01/27 00:00:00+00,8,REGION BIO BIO,8301,LOS ANGELES,33,COLISION POR ALCANCE,30,COLISION,1,URBANA,1,TRAMO DE VIA RECTA,27,CONDUCCION NO ATENTO CONDICIONES TRANSITO MOMENTO,1,IMPRUDENCIA DEL CONDUCTOR,0,COLO COLO,0,BALMACEDA,BALMACEDA - COLO COLO,0,0,0,0,1,0,1,UNIDIRECCIONAL,1,CONCRETO,1,BUENO,1,SECO,1,DESPEJADO,0,0,0,0,2,21:10:00
-8140758.96211402,-4400884.56065622,1942,-73.129682,-36.72529,1432303,2022,1,2022/03/25 00:00:00+00,8,REGION BIO BIO,8110,TALCAHUANO,63,CHOQUE FRENTE/POSTERIOR,40,CHOQUE,1,URBANA,1,TRAMO DE VIA RECTA,28,CONDUCCION SIN MANTENER DISTANCIA RAZONABLE NI PRUDENTE,1,IMPRUDENCIA DEL CONDUCTOR,0,LA MARINA,0,0,- LA MARINA,136,0,0,0,1,1,2,BIDIRECCIONAL,1,CONCRETO,1,BUENO,1,SECO,1,DESPEJADO,0,0,0,0,2,09:45:00
-8056009.75284879,-4506248.99041471,1943,-72.368367,-37.480168,1416538,2022,1,2022/01/27 00:00:00+00,8,REGION BIO BIO,8301,LOS ANGELES,30,COLISION,30,COLISION,1,URBANA,1,TRAMO DE VIA RECTA,27,CONDUCCION NO ATENTO CONDICIONES TRANSITO MOMENTO,1,IMPRUDENCIA DEL CONDUCTOR,0,VICUÑA MACKENNA,0,PADRE HURTADO,PADRE HURTADO - VICUÑA MACKENNA,0,0,0,0,2,2,2,BIDIRECCIONAL,1,CONCRETO,1,BUENO,1,SECO,1,DESPEJADO,0,0,0,0,2,08:10:00
-8142222.02304957,-4418345.70733598,1944,-73.142825,-36.850909,1432314,2022,1,2022/03/23 00:00:00+00,8,REGION BIO BIO,8108,SAN PEDRO DE LA PAZ,31,COLISION FRONTAL,30,COLISION,1,URBANA,1,TRAMO DE VIA RECTA,91,VIRAJES INDEBIDOS,1,IMPRUDENCIA DEL CONDUCTOR,0,GALVARINO,0,0,- GALVARINO,355,0,0,0,1,1,2,BIDIRECCIONAL,1,CONCRETO,1,BUENO,1,SECO,1,DESPEJADO,0,0,0,0,2,11:15:00
-8009426.63137712,-4480320.66526256,1945,-71.949904,-37.295104,1416540,2022,1,2022/01/27 00:00:00+00,8,REGION BIO BIO,8312,TUCAPEL,30,COLISION,30,COLISION,1,URBANA,14,CRUCE CON SEÑAL PARE,27,CONDUCCION NO ATENTO CONDICIONES TRANSITO MOMENTO,1,IMPRUDENCIA DEL CONDUCTOR,0,LINARES,0,PEDRO AGUIRRE CERDA,LINARES - PEDRO AGUIRRE CERDA,0,0,0,0,1,0,1,UNIDIRECCIONAL,2,ASFALTO,1,BUENO,1,SECO,1,DESPEJADO,0,0,0,1,1,18:20:00
-8134010.27364442,-4410578.73146696,1946,-73.069057,-36.795057,1432315,2022,1,2022/03/30 00:00:00+00,8,REGION BIO BIO,8112,HUALPEN,30,COLISION,30,COLISION,1,URBANA,1,TRAMO DE VIA RECTA,24,CONDUCCION EN ESTADO DE EBRIEDAD,4,ALCOHOL EN CONDUCTOR,0,JORGE ALESSANDRI RODRIGUEZ,0,0,- JORGE ALESSANDRI RODRIGUEZ,9000,0,0,0,1,1,2,BIDIRECCIONAL,1,CONCRETO,1,BUENO,1,SECO,1,DESPEJADO,0,0,0,0,2,19:50:00
-8053050.51342919,-4507576.97317431,1947,-72.341784,-37.489634,1416545,2022,1,2022/01/28 00:00:00+00,8,REGION BIO BIO,8301,LOS ANGELES,32,COLISION LATERAL,30,COLISION,1,URBANA,1,TRAMO DE VIA RECTA,27,CONDUCCION NO ATENTO CONDICIONES TRANSITO MOMENTO,1,IMPRUDENCIA DEL CONDUCTOR,0,LOS CARRERA,0,FERROCARRIL,FERROCARRIL - LOS CARRERA,0,0,0,0,1,1,2,BIDIRECCIONAL,2,ASFALTO,1,BUENO,1,SECO,2,NUBLADO,0,0,0,2,0,09:30:00
-8136392.5552752,-4412282.30886631,1948,-73.090458,-36.807311,1432327,2022,1,2022/03/01 00:00:00+00,8,REGION BIO BIO,8112,HUALPEN,50,CHOQUE,40,CHOQUE,1,URBANA,1,TRAMO DE VIA RECTA,27,CONDUCCION NO ATENTO CONDICIONES TRANSITO MOMENTO,1,IMPRUDENCIA DEL CONDUCTOR,0,COSTANERA,0,0,- COSTANERA,9781,0,0,0,2,2,2,BIDIRECCIONAL,1,CONCRETO,1,BUENO,1,SECO,1,DESPEJADO,0,0,0,0,2,17:50:00
-8054802.79353377,-4505333.28226863,1949,-72.357525,-37.47364,1416548,2022,1,2022/01/29 00:00:00+00,8,REGION BIO BIO,8301,LOS ANGELES,32,COLISION LATERAL,30,COLISION,1,URBANA,14,CRUCE CON SEÑAL PARE,27,CONDUCCION NO ATENTO CONDICIONES TRANSITO MOMENTO,1,IMPRUDENCIA DEL CONDUCTOR,0,BLANCO ENCALADA,0,BAQUEDANO,BAQUEDANO - BLANCO ENCALADA,0,0,0,0,2,0,1,UNIDIRECCIONAL,1,CONCRETO,1,BUENO,1,SECO,1,DESPEJADO,0,0,0,2,0,13:45:00
-8054052.86752014,-4504275.36799643,1950,-72.350788,-37.466097,1432345,2022,1,2022/03/30 00:00:00+00,8,REGION BIO BIO,8301,LOS ANGELES,10,ATROPELLO,10,ATROPELLO,1,URBANA,11,CRUCE CON SEMAFORO FUNCIONANDO,27,CONDUCCION NO ATENTO CONDICIONES TRANSITO MOMENTO,1,IMPRUDENCIA DEL CONDUCTOR,0,COLON,0,TUCAPEL,COLON - TUCAPEL,0,0,0,0,1,0,1,UNIDIRECCIONAL,2,ASFALTO,1,BUENO,1,SECO,1,DESPEJADO,0,0,0,0,2,16:45:00
-8053112.19555904,-4503816.81174584,1951,-72.342338,-37.462827,1416549,2022,1,2022/01/29 00:00:00+00,8,REGION BIO BIO,8301,LOS ANGELES,33,COLISION POR ALCANCE,30,COLISION,1,URBANA,1,TRAMO DE VIA RECTA,27,CONDUCCION NO ATENTO CONDICIONES TRANSITO MOMENTO,1,IMPRUDENCIA DEL CONDUCTOR,0,COLON,0,GALVARINO,COLON - GALVARINO,0,0,0,0,2,0,1,UNIDIRECCIONAL,1,CONCRETO,1,BUENO,1,SECO,1,DESPEJADO,0,0,0,0,2,17:40:00
-8136001.17820947,-4406095.28698272,1952,-73.086942,-36.762798,1432347,2022,1,2022/03/23 00:00:00+00,8,REGION BIO BIO,8110,TALCAHUANO,63,CHOQUE FRENTE/POSTERIOR,40,CHOQUE,1,URBANA,1,TRAMO DE VIA RECTA,2,FALLAS MECANICAS DIRECCION,12,FALLAS MECANICAS,0,CRISTOBAL COLON,0,0,- CRISTOBAL COLON,5529,0,0,0,1,1,3,BIDIRECCIONAL CON BANDEJON,1,CONCRETO,1,BUENO,1,SECO,1,DESPEJADO,0,0,0,0,2,09:28:00
-8056553.21460284,-4504581.9482144,1953,-72.373249,-37.468283,1416610,2022,1,2022/01/28 00:00:00+00,8,REGION BIO BIO,8301,LOS ANGELES,63,CHOQUE FRENTE/POSTERIOR,40,CHOQUE,1,URBANA,1,TRAMO DE VIA RECTA,24,CONDUCCION EN ESTADO DE EBRIEDAD,4,ALCOHOL EN CONDUCTOR,0,LEONADO DA VINCI,0,COSTANERA QUILQUE,COSTANERA QUILQUE - LEONADO DA VINCI,0,0,0,0,2,0,1,UNIDIRECCIONAL,1,CONCRETO,1,BUENO,1,SECO,1,DESPEJADO,0,0,0,1,2,07:15:00
-8136071.04232189,-4405979.99680741,1954,-73.08757,-36.761969,1416665,2022,1,2022/01/01 00:00:00+00,8,REGION BIO BIO,8110,TALCAHUANO,51,CHOQUE FRONTAL,40,CHOQUE,1,URBANA,1,TRAMO DE VIA RECTA,24,CONDUCCION EN ESTADO DE EBRIEDAD,4,ALCOHOL EN CONDUCTOR,0,CRISTOBAL COLON,0,0,- CRISTOBAL COLON,5445,0,0,0,1,1,2,BIDIRECCIONAL,1,CONCRETO,1,BUENO,1,SECO,1,DESPEJADO,0,0,0,1,0,09:20:00
-8138950.74396532,-4399144.49133291,1955,-73.113439,-36.71276,1432356,2022,1,2022/03/27 00:00:00+00,8,REGION BIO BIO,8110,TALCAHUANO,32,COLISION LATERAL,30,COLISION,1,URBANA,1,TRAMO DE VIA RECTA,91,VIRAJES INDEBIDOS,1,IMPRUDENCIA DEL CONDUCTOR,0,BLANCO ENCALADA,0,0,- BLANCO ENCALADA,282,0,0,0,1,1,3,BIDIRECCIONAL CON BANDEJON,1,CONCRETO,1,BUENO,1,SECO,1,DESPEJADO,0,0,0,2,0,13:00:00
-8136520.77306469,-4409787.78908765,1956,-73.09161,-36.789367,1416685,2022,1,2022/01/31 00:00:00+00,8,REGION BIO BIO,8112,HUALPEN,30,COLISION,30,COLISION,1,URBANA,15,CRUCE CON SEÑAL CEDA EL PASO,64,SEÑALIZACION DESOBEDECER SEÑAL CEDA EL PASO,10,DESOBEDIENCIA A SEÑALIZACION,0,PATRIA VIEJA,0,PUERTO OCTAY,PATRIA VIEJA - PUERTO OCTAY,0,0,0,0,2,2,3,BIDIRECCIONAL CON BANDEJON,1,CONCRETO,1,BUENO,1,SECO,1,DESPEJADO,0,1,0,0,1,22:15:00
-8142700.76365167,-4443084.79157327,1957,-73.147126,-37.028534,1432377,2022,1,2022/03/21 00:00:00+00,8,REGION BIO BIO,8102,CORONEL,30,COLISION,30,COLISION,1,URBANA,1,TRAMO DE VIA RECTA,65,SEÑALIZACION DESOBEDECER SEÑAL PARE,10,DESOBEDIENCIA A SEÑALIZACION,0,LOS CARRERA,0,COCHRANE,COCHRANE - LOS CARRERA,0,0,0,0,2,0,1,UNIDIRECCIONAL,1,CONCRETO,1,BUENO,1,SECO,1,DESPEJADO,0,0,0,2,2,13:15:00
-8056952.97402623,-4504395.00320143,1958,-72.37684,-37.46695,1416694,2022,1,2022/01/30 00:00:00+00,8,REGION BIO BIO,8301,LOS ANGELES,51,CHOQUE FRONTAL,40,CHOQUE,1,URBANA,1,TRAMO DE VIA RECTA,27,CONDUCCION NO ATENTO CONDICIONES TRANSITO MOMENTO,1,IMPRUDENCIA DEL CONDUCTOR,0,GALVARINO,0,0,- GALVARINO,1976,0,0,0,1,1,2,BIDIRECCIONAL,2,ASFALTO,1,BUENO,3,MOJADO,1,DESPEJADO,0,0,0,0,1,22:10:00
-8137102.873814,-4404862.24561383,1959,-73.096839,-36.753924,1416701,2022,1,2022/01/01 00:00:00+00,8,REGION BIO BIO,8110,TALCAHUANO,51,CHOQUE FRONTAL,40,CHOQUE,1,URBANA,1,TRAMO DE VIA RECTA,24,CONDUCCION EN ESTADO DE EBRIEDAD,4,ALCOHOL EN CONDUCTOR,0,EL TAMARINDO,0,0,- EL TAMARINDO,4337,0,0,0,1,1,2,BIDIRECCIONAL,1,CONCRETO,1,BUENO,1,SECO,1,DESPEJADO,0,0,0,0,1,08:50:00
-8053270.52527079,-4507172.90136749,1960,-72.34376,-37.486754,1416748,2022,1,2022/01/31 00:00:00+00,8,REGION BIO BIO,8301,LOS ANGELES,33,COLISION POR ALCANCE,30,COLISION,1,URBANA,1,TRAMO DE VIA RECTA,25,"CONDICIONES FISICAS DEFICIENTES (CANSANCIO, SUEÑO)",8,DROGAS Y/O FATIGA EN CONDUCTOR,0,LOS CARRERA,0,RENE SEPULVEDA,LOS CARRERA - RENE SEPULVEDA,0,0,0,0,1,1,2,BIDIRECCIONAL,2,ASFALTO,1,BUENO,1,SECO,1,DESPEJADO,0,1,0,0,1,21:05:00
-8121425.14880033,-4385416.38237976,1961,-72.956003,-36.613836,1416835,2022,1,2022/01/29 00:00:00+00,8,REGION BIO BIO,8111,TOME,31,COLISION FRONTAL,30,COLISION,1,URBANA,3,TRAMO DE VIA CURVA VERTICAL,29,CONDUCCION CAMBIAR SORPRESIVAMENTE PISTA CIRCULACION,1,IMPRUDENCIA DEL CONDUCTOR,0,VICENTE PALACIOS,0,ARTURO ALESSANDRI,ARTURO ALESSANDRI - VICENTE PALACIOS,0,0,0,0,1,1,2,BIDIRECCIONAL,1,CONCRETO,1,BUENO,1,SECO,1,DESPEJADO,0,0,0,0,2,20:20:00
-8120032.26367178,-4384409.27894073,1962,-72.943491,-36.606574,1416847,2022,1,2022/01/29 00:00:00+00,8,REGION BIO BIO,8111,TOME,63,CHOQUE FRENTE/POSTERIOR,40,CHOQUE,1,URBANA,1,TRAMO DE VIA RECTA,27,CONDUCCION NO ATENTO CONDICIONES TRANSITO MOMENTO,1,IMPRUDENCIA DEL CONDUCTOR,0,SANTIAGO OSORIO,0,0,- SANTIAGO OSORIO,2369,0,0,0,1,1,2,BIDIRECCIONAL,1,CONCRETO,1,BUENO,1,SECO,1,DESPEJADO,0,0,0,0,2,23:05:00
-8121425.14880033,-4385416.38237976,1963,-72.956003,-36.613836,1416870,2022,1,2022/01/30 00:00:00+00,8,REGION BIO BIO,8111,TOME,33,COLISION POR ALCANCE,30,COLISION,1,URBANA,11,CRUCE CON SEMAFORO FUNCIONANDO,28,CONDUCCION SIN MANTENER DISTANCIA RAZONABLE NI PRUDENTE,1,IMPRUDENCIA DEL CONDUCTOR,0,VICENTE PALACIOS,0,ENRIQUE MOLINA,ENRIQUE MOLINA - VICENTE PALACIOS,0,0,0,0,1,1,2,BIDIRECCIONAL,1,CONCRETO,1,BUENO,1,SECO,1,DESPEJADO,0,0,0,1,1,20:00:00
-8090629.44656856,-4508568.93858874,1964,-72.679361,-37.496704,1416903,2022,1,2022/01/28 00:00:00+00,8,REGION BIO BIO,8306,NACIMIENTO,50,CHOQUE,40,CHOQUE,1,URBANA,1,TRAMO DE VIA RECTA,24,CONDUCCION EN ESTADO DE EBRIEDAD,4,ALCOHOL EN CONDUCTOR,0,VILLA ALEGRE,0,0,- VILLA ALEGRE,1052,0,0,0,1,1,2,BIDIRECCIONAL,2,ASFALTO,1,BUENO,1,SECO,1,DESPEJADO,0,0,0,0,1,02:54:00
-8165337.88266711,-4505165.07705732,1965,-73.350478,-37.47244,1416950,2022,1,2022/01/27 00:00:00+00,8,REGION BIO BIO,8205,CURANILAHUE,70,VOLCADURA,70,VOLCADURA,1,URBANA,11,CRUCE CON SEMAFORO FUNCIONANDO,97,CAUSAS NO DETERMINADAS,13,CAUSAS NO DETERMINADAS,0,BERNARDO O'HIGGINS,0,MARTA BRUNET,BERNARDO O'HIGGINS - MARTA BRUNET,0,0,0,0,1,1,2,BIDIRECCIONAL,2,ASFALTO,1,BUENO,1,SECO,1,DESPEJADO,0,1,0,1,1,23:39:00
-8090083.16843139,-4509480.00423839,1966,-72.674454,-37.503197,1417048,2022,1,2022/01/31 00:00:00+00,8,REGION BIO BIO,8306,NACIMIENTO,30,COLISION,30,COLISION,1,URBANA,1,TRAMO DE VIA RECTA,27,CONDUCCION NO ATENTO CONDICIONES TRANSITO MOMENTO,1,IMPRUDENCIA DEL CONDUCTOR,0,BAQUEDANO,0,0,- BAQUEDANO,712,0,0,0,1,1,2,BIDIRECCIONAL,2,ASFALTO,1,BUENO,1,SECO,1,DESPEJADO,0,0,0,0,2,14:00:00
-8130290.1321094,-4414111.52026601,1967,-73.035639,-36.820466,1417060,2022,1,2022/01/31 00:00:00+00,8,REGION BIO BIO,8101,CONCEPCION,30,COLISION,30,COLISION,1,URBANA,24,ROTONDA,28,CONDUCCION SIN MANTENER DISTANCIA RAZONABLE NI PRUDENTE,1,IMPRUDENCIA DEL CONDUCTOR,0,JUAN BOSCO,0,GENERAL BONILLA,GENERAL BONILLA - JUAN BOSCO,0,0,0,0,2,2,2,BIDIRECCIONAL,1,CONCRETO,1,BUENO,1,SECO,1,DESPEJADO,0,1,0,0,2,20:05:00
-8132368.45587056,-4414657.52333444,1968,-73.054309,-36.824392,1417071,2022,1,2022/01/30 00:00:00+00,8,REGION BIO BIO,8101,CONCEPCION,30,COLISION,30,COLISION,1,URBANA,11,CRUCE CON SEMAFORO FUNCIONANDO,24,CONDUCCION EN ESTADO DE EBRIEDAD,4,ALCOHOL EN CONDUCTOR,0,LOS CARRERA,0,RENGO,LOS CARRERA - RENGO,0,0,0,0,3,3,3,BIDIRECCIONAL CON BANDEJON,1,CONCRETO,1,BUENO,1,SECO,1,DESPEJADO,0,0,0,0,2,04:50:00
-8139502.59920898,-4410524.002073,1969,-73.118396,-36.794663,1417127,2022,1,2022/01/30 00:00:00+00,8,REGION BIO BIO,8103,CHIGUAYANTE,32,COLISION LATERAL,30,COLISION,1,URBANA,1,TRAMO DE VIA RECTA,98,OTRAS CAUSAS,14,OTRAS CAUSAS,0,COSTANERA,0,0,- COSTANERA,2940,0,0,0,1,1,2,BIDIRECCIONAL,2,ASFALTO,1,BUENO,1,SECO,1,DESPEJADO,1,0,1,2,2,18:00:00
-8140475.36457928,-4443244.74377385,1970,-73.127134,-37.029681,1417179,2022,1,2022/01/26 00:00:00+00,8,REGION BIO BIO,8102,CORONEL,50,CHOQUE,40,CHOQUE,1,URBANA,1,TRAMO DE VIA RECTA,27,CONDUCCION NO ATENTO CONDICIONES TRANSITO MOMENTO,1,IMPRUDENCIA DEL CONDUCTOR,0,GABRIELA MISTRAL,0,0,- GABRIELA MISTRAL,84,0,0,0,1,1,2,BIDIRECCIONAL,2,ASFALTO,1,BUENO,1,SECO,1,DESPEJADO,0,0,0,1,1,09:20:00
-8132200.97569667,-4412550.37276251,1971,-73.052804,-36.809239,1417249,2022,1,2022/01/24 00:00:00+00,8,REGION BIO BIO,8101,CONCEPCION,30,COLISION,30,COLISION,1,URBANA,1,TRAMO DE VIA RECTA,29,CONDUCCION CAMBIAR SORPRESIVAMENTE PISTA CIRCULACION,1,IMPRUDENCIA DEL CONDUCTOR,0,JUAN DE DIOS RIVERA,0,ONGOLMO,JUAN DE DIOS RIVERA - ONGOLMO,0,0,0,0,2,2,2,BIDIRECCIONAL,1,CONCRETO,1,BUENO,1,SECO,1,DESPEJADO,0,0,0,0,2,19:15:00
-8132011.00898562,-4414352.40174649,1972,-73.051098,-36.822198,1417254,2022,1,2022/01/24 00:00:00+00,8,REGION BIO BIO,8101,CONCEPCION,50,CHOQUE,40,CHOQUE,1,URBANA,1,TRAMO DE VIA RECTA,27,CONDUCCION NO ATENTO CONDICIONES TRANSITO MOMENTO,1,IMPRUDENCIA DEL CONDUCTOR,0,COLO COLO,0,0,- COLO COLO,827,0,0,0,2,0,1,UNIDIRECCIONAL,1,CONCRETO,1,BUENO,1,SECO,1,DESPEJADO,0,0,0,0,2,17:30:00
-8138562.75101211,-4409413.69695982,1973,-73.109953,-36.786676,1417375,2022,1,2022/02/02 00:00:00+00,8,REGION BIO BIO,8110,TALCAHUANO,32,COLISION LATERAL,30,COLISION,1,URBANA,16,CRUCE SIN SEÑALIZACION,32,NO RESPETAR DERECHO PREFERENTE DE PASO A VEHICULO,1,IMPRUDENCIA DEL CONDUCTOR,0,BASILIO URRUTIA,0,LAS DALIAS,BASILIO URRUTIA - LAS DALIAS,0,0,0,0,1,1,2,BIDIRECCIONAL,1,CONCRETO,1,BUENO,1,SECO,1,DESPEJADO,0,0,0,0,2,17:30:00
-8140312.54869204,-4407335.73921637,1974,-73.125672,-36.771725,1417402,2022,1,2022/02/01 00:00:00+00,8,REGION BIO BIO,8112,HUALPEN,70,VOLCADURA,70,VOLCADURA,1,URBANA,16,CRUCE SIN SEÑALIZACION,71,VELOCIDAD MAYOR QUE MAXIMA PERMITIDA,7,VELOCIDAD IMPRUDENTE,0,LENGA,0,CAMINO A LENGA,CAMINO A LENGA - LENGA,0,0,0,0,1,1,2,BIDIRECCIONAL,1,CONCRETO,1,BUENO,1,SECO,1,DESPEJADO,0,0,0,1,0,23:05:00