X,Y,FID,POINT_X,POINT_Y,Idaccident,Año,Claseaccid,Fecha,Cód_Regi,Región,Cód_Comun,Comuna,Cód_Tipo,Tipo_Accid,Cód_Tip_1,Tipo__CONA,Cód_Zona,Zona,Cód_Ubica,Ubicación,Cód_Causa,Causa,Cód_Cau_1,Causa__CON,Cód_Calle,Calle_Uno,Cód_Cal_1,Calle_Dos,Intersecci,Número,Ruta,Cód_Ruta,Ubicaci_1,Pistas_de,Pistas_d_1,Cód_Calza,Calzada,Cód__Tipo,Tipo_Calza,Cód_Estad,Estado_Cal,Cód_Condi,Condición,Cód_Est_1,Estado_Atm,Fallecidos,Graves,Menos_Grav,Leves,Ilesos,Hora_1
-8138562.75101211,-4409413.69695982,1975,-73.109953,-36.786676,1417407,2022,1,2022/02/02 00:00:00+00,8,REGION BIO BIO,8112,HUALPEN,70,VOLCADURA,70,VOLCADURA,1,URBANA,16,CRUCE SIN SEÑALIZACION,98,OTRAS CAUSAS,14,OTRAS CAUSAS,0,MURCIA,0,PAMPLONA,MURCIA - PAMPLONA,0,0,0,0,1,1,2,BIDIRECCIONAL,1,CONCRETO,1,BUENO,1,SECO,1,DESPEJADO,0,0,0,1,0,09:20:00
-8053766.59831761,-4504074.76820661,1976,-72.348216,-37.464667,1417416,2022,1,2022/02/01 00:00:00+00,8,REGION BIO BIO,8301,LOS ANGELES,10,ATROPELLO,10,ATROPELLO,1,URBANA,11,CRUCE CON SEMAFORO FUNCIONANDO,27,CONDUCCION NO ATENTO CONDICIONES TRANSITO MOMENTO,1,IMPRUDENCIA DEL CONDUCTOR,0,VILLAGRAN,0,RENGO,RENGO - VILLAGRAN,0,0,0,0,3,0,1,UNIDIRECCIONAL,1,CONCRETO,2,REGULAR,1,SECO,1,DESPEJADO,0,0,0,1,1,17:20:00
-8128885.94805254,-4429192.53949601,1977,-73.023025,-36.928839,1417425,2022,1,2022/01/26 00:00:00+00,8,REGION BIO BIO,8103,CHIGUAYANTE,34,COLISION PERPENDICULAR,30,COLISION,1,URBANA,1,TRAMO DE VIA RECTA,27,CONDUCCION NO ATENTO CONDICIONES TRANSITO MOMENTO,1,IMPRUDENCIA DEL CONDUCTOR,0,SANTA ELENA,0,0,- SANTA ELENA,364,0,0,0,1,1,2,BIDIRECCIONAL,1,CONCRETO,1,BUENO,1,SECO,1,DESPEJADO,0,0,0,0,3,12:30:00
-8129369.36407325,-4427988.02189193,1978,-73.027367,-36.920189,1417455,2022,1,2022/01/27 00:00:00+00,8,REGION BIO BIO,8103,CHIGUAYANTE,32,COLISION LATERAL,30,COLISION,1,URBANA,1,TRAMO DE VIA RECTA,27,CONDUCCION NO ATENTO CONDICIONES TRANSITO MOMENTO,1,IMPRUDENCIA DEL CONDUCTOR,0,MANUEL RODRIGUEZ,0,EMILIO ROJAS,EMILIO ROJAS - MANUEL RODRIGUEZ,0,0,0,0,3,2,3,BIDIRECCIONAL CON BANDEJON,1,CONCRETO,1,BUENO,1,SECO,1,DESPEJADO,0,0,0,0,2,14:00:00
-8129369.36407325,-4427988.02189193,1979,-73.027367,-36.920189,1417477,2022,1,2022/01/27 00:00:00+00,8,REGION BIO BIO,8103,CHIGUAYANTE,34,COLISION PERPENDICULAR,30,COLISION,1,URBANA,11,CRUCE CON SEMAFORO FUNCIONANDO,62,SEÑALIZACION DESOBEDECER LUZ ROJA DE SEMAFORO,10,DESOBEDIENCIA A SEÑALIZACION,0,MANUEL RODRIGUEZ,0,EMILIO ROJAS,EMILIO ROJAS - MANUEL RODRIGUEZ,0,0,0,0,3,2,3,BIDIRECCIONAL CON BANDEJON,1,CONCRETO,1,BUENO,1,SECO,2,NUBLADO,0,0,1,2,1,13:15:00
-8128241.07424237,-4431337.79962043,1980,-73.017232,-36.944243,1417526,2022,1,2022/01/28 00:00:00+00,8,REGION BIO BIO,8103,CHIGUAYANTE,63,CHOQUE FRENTE/POSTERIOR,40,CHOQUE,1,URBANA,11,CRUCE CON SEMAFORO FUNCIONANDO,27,CONDUCCION NO ATENTO CONDICIONES TRANSITO MOMENTO,1,IMPRUDENCIA DEL CONDUCTOR,0,MANUEL RODRIGUEZ,0,COQUIMBO,COQUIMBO - MANUEL RODRIGUEZ,0,0,0,0,2,2,3,BIDIRECCIONAL CON BANDEJON,1,CONCRETO,1,BUENO,1,SECO,2,NUBLADO,0,0,0,0,2,18:35:00
-8128654.92671329,-4430084.02984743,1981,-73.02095,-36.935241,1417547,2022,1,2022/01/30 00:00:00+00,8,REGION BIO BIO,8103,CHIGUAYANTE,10,ATROPELLO,10,ATROPELLO,1,URBANA,11,CRUCE CON SEMAFORO FUNCIONANDO,97,CAUSAS NO DETERMINADAS,13,CAUSAS NO DETERMINADAS,0,MANUEL RODRIGUEZ,0,PROGRESO,MANUEL RODRIGUEZ - PROGRESO,0,0,0,0,1,1,2,BIDIRECCIONAL,1,CONCRETO,1,BUENO,1,SECO,1,DESPEJADO,0,0,0,1,1,21:30:00
-8133085.62055805,-4415011.17549971,1982,-73.060751,-36.826935,1417597,2022,1,2022/01/20 00:00:00+00,8,REGION BIO BIO,8101,CONCEPCION,30,COLISION,30,COLISION,1,URBANA,15,CRUCE CON SEÑAL CEDA EL PASO,64,SEÑALIZACION DESOBEDECER SEÑAL CEDA EL PASO,10,DESOBEDIENCIA A SEÑALIZACION,0,LOS CARRERA,0,ARTURO PRAT,ARTURO PRAT - LOS CARRERA,0,0,0,0,3,3,2,BIDIRECCIONAL,1,CONCRETO,1,BUENO,1,SECO,1,DESPEJADO,0,0,0,0,2,17:00:00
-8129781.64693936,-4413279.22646404,1983,-73.031071,-36.814481,1417627,2022,1,2022/01/24 00:00:00+00,8,REGION BIO BIO,8101,CONCEPCION,30,COLISION,30,COLISION,1,URBANA,1,TRAMO DE VIA RECTA,28,CONDUCCION SIN MANTENER DISTANCIA RAZONABLE NI PRUDENTE,1,IMPRUDENCIA DEL CONDUCTOR,0,JUAN BOSCO,0,CARDENIO AVELLO,CARDENIO AVELLO - JUAN BOSCO,0,0,0,0,2,2,2,BIDIRECCIONAL,1,CONCRETO,1,BUENO,1,SECO,1,DESPEJADO,0,0,0,0,2,14:20:00
-8130108.63681161,-4413446.23900177,1984,-73.034008,-36.815682,1417635,2022,1,2022/01/25 00:00:00+00,8,REGION BIO BIO,8101,CONCEPCION,30,COLISION,30,COLISION,1,URBANA,11,CRUCE CON SEMAFORO FUNCIONANDO,27,CONDUCCION NO ATENTO CONDICIONES TRANSITO MOMENTO,1,IMPRUDENCIA DEL CONDUCTOR,0,FRESIA,0,LOS CARRERA,FRESIA - LOS CARRERA,0,0,0,0,2,2,2,BIDIRECCIONAL,1,CONCRETO,1,BUENO,1,SECO,1,DESPEJADO,0,0,0,0,2,19:30:00
-8133721.51088531,-4410135.70530844,1985,-73.066463,-36.79187,1417657,2022,1,2022/01/26 00:00:00+00,8,REGION BIO BIO,8103,CHIGUAYANTE,30,COLISION,30,COLISION,1,URBANA,1,TRAMO DE VIA RECTA,28,CONDUCCION SIN MANTENER DISTANCIA RAZONABLE NI PRUDENTE,1,IMPRUDENCIA DEL CONDUCTOR,0,RONTONDA EL TREBOL,0,JORGE ALESSANDRI,JORGE ALESSANDRI - RONTONDA EL TREBOL,0,0,0,0,2,2,2,BIDIRECCIONAL,1,CONCRETO,1,BUENO,1,SECO,1,DESPEJADO,0,0,0,0,2,12:10:00
-8134604.69746136,-4409166.06084246,1986,-73.074397,-36.784894,1417664,2022,1,2022/01/26 00:00:00+00,8,REGION BIO BIO,8101,CONCEPCION,30,COLISION,30,COLISION,1,URBANA,1,TRAMO DE VIA RECTA,28,CONDUCCION SIN MANTENER DISTANCIA RAZONABLE NI PRUDENTE,1,IMPRUDENCIA DEL CONDUCTOR,0,AUTOPISTA CONCEPCION TALCAHUANO,0,0,- AUTOPISTA CONCEPCION TALCAHUANO,1,0,0,0,3,3,2,BIDIRECCIONAL,1,CONCRETO,1,BUENO,1,SECO,1,DESPEJADO,0,0,0,0,2,13:30:00
-8129430.36715421,-4427386.01621747,1987,-73.027916,-36.915866,1417677,2022,1,2022/01/27 00:00:00+00,8,REGION BIO BIO,8103,CHIGUAYANTE,50,CHOQUE,40,CHOQUE,1,URBANA,11,CRUCE CON SEMAFORO FUNCIONANDO,28,CONDUCCION SIN MANTENER DISTANCIA RAZONABLE NI PRUDENTE,1,IMPRUDENCIA DEL CONDUCTOR,0,COSTANERA,0,LOS CARRERA,COSTANERA - LOS CARRERA,0,0,0,0,2,2,2,BIDIRECCIONAL,1,CONCRETO,1,BUENO,1,SECO,1,DESPEJADO,0,0,0,0,2,12:00:00
-8144153.40508289,-4440106.5744734,1988,-73.160175,-37.007172,1417694,2022,1,2022/01/28 00:00:00+00,8,REGION BIO BIO,8102,CORONEL,30,COLISION,30,COLISION,1,URBANA,1,TRAMO DE VIA RECTA,27,CONDUCCION NO ATENTO CONDICIONES TRANSITO MOMENTO,1,IMPRUDENCIA DEL CONDUCTOR,0,GENERAL CARLOS PRATS,0,HEROES DE LA CONCEPCION,GENERAL CARLOS PRATS - HEROES DE LA CONCEPCION,0,0,0,0,2,0,1,UNIDIRECCIONAL,2,ASFALTO,1,BUENO,2,HUMEDO,1,DESPEJADO,0,0,0,2,1,05:20:00
-8143533.26646357,-4451947.84201774,1989,-73.154604,-37.092069,1417708,2022,1,2022/01/24 00:00:00+00,8,REGION BIO BIO,8106,LOTA,32,COLISION LATERAL,30,COLISION,1,URBANA,15,CRUCE CON SEÑAL CEDA EL PASO,27,CONDUCCION NO ATENTO CONDICIONES TRANSITO MOMENTO,1,IMPRUDENCIA DEL CONDUCTOR,0,MONSALVES,0,SERRANO,MONSALVES - SERRANO,0,0,0,0,1,2,2,BIDIRECCIONAL,1,CONCRETO,1,BUENO,1,SECO,1,DESPEJADO,0,0,0,0,2,19:25:00
-8143841.62145307,-4451931.05341154,1990,-73.157374,-37.091949,1417733,2022,1,2022/01/27 00:00:00+00,8,REGION BIO BIO,8106,LOTA,65,CHOQUE LADO/LADO,40,CHOQUE,1,URBANA,1,TRAMO DE VIA RECTA,27,CONDUCCION NO ATENTO CONDICIONES TRANSITO MOMENTO,1,IMPRUDENCIA DEL CONDUCTOR,0,PEDRO AGUIRRE CERDA,0,0,- PEDRO AGUIRRE CERDA,656,0,0,0,2,0,1,UNIDIRECCIONAL,1,CONCRETO,1,BUENO,1,SECO,1,DESPEJADO,0,0,0,0,2,14:00:00
-8143301.85550611,-4450587.74426859,1991,-73.152525,-37.082323,1417734,2022,1,2022/01/30 00:00:00+00,8,REGION BIO BIO,8106,LOTA,51,CHOQUE FRONTAL,40,CHOQUE,1,URBANA,1,TRAMO DE VIA RECTA,97,CAUSAS NO DETERMINADAS,13,CAUSAS NO DETERMINADAS,0,LA PAZ,0,0,- LA PAZ,690,0,0,0,1,1,2,BIDIRECCIONAL,2,ASFALTO,1,BUENO,1,SECO,1,DESPEJADO,0,0,0,0,1,10:40:00
-8144358.38879323,-4450884.64413428,1992,-73.162016,-37.084451,1417745,2022,1,2022/01/31 00:00:00+00,8,REGION BIO BIO,8106,LOTA,31,COLISION FRONTAL,30,COLISION,1,URBANA,16,CRUCE SIN SEÑALIZACION,23,CONDUCCION CONTRA SENTIDO DEL TRANSITO,1,IMPRUDENCIA DEL CONDUCTOR,0,CARLOS COUSIÑO,0,ARTURO PRAT,ARTURO PRAT - CARLOS COUSIÑO,0,0,0,0,2,0,1,UNIDIRECCIONAL,2,ASFALTO,1,BUENO,1,SECO,1,DESPEJADO,0,0,0,0,2,13:25:00
-8118468.41406927,-4434284.29601399,1993,-72.929443,-36.965394,1417760,2022,1,2022/01/01 00:00:00+00,8,REGION BIO BIO,8105,HUALQUI,65,CHOQUE LADO/LADO,40,CHOQUE,1,URBANA,1,TRAMO DE VIA RECTA,97,CAUSAS NO DETERMINADAS,13,CAUSAS NO DETERMINADAS,0,GABRIELA MISTRAL,0,CHILE,CHILE - GABRIELA MISTRAL,0,0,0,0,1,1,2,BIDIRECCIONAL,1,CONCRETO,1,BUENO,1,SECO,1,DESPEJADO,0,0,0,0,2,23:00:00
-8132819.0549054,-4410953.42059547,1994,-73.058357,-36.797752,1417765,2022,1,2022/01/28 00:00:00+00,8,REGION BIO BIO,8101,CONCEPCION,99,OTRO TIPO,99,OTRO TIPO,1,URBANA,1,TRAMO DE VIA RECTA,97,CAUSAS NO DETERMINADAS,13,CAUSAS NO DETERMINADAS,0,ALONSO DE RIBERA,0,MANUEL RODRIGUEZ,ALONSO DE RIBERA - MANUEL RODRIGUEZ,0,0,0,0,2,2,2,BIDIRECCIONAL,1,CONCRETO,1,BUENO,1,SECO,4,LLOVIZNA,0,0,0,0,1,00:35:00
-8131086.44495484,-4409736.51101482,1995,-73.042792,-36.788998,1417769,2022,1,2022/01/28 00:00:00+00,8,REGION BIO BIO,8101,CONCEPCION,30,COLISION,30,COLISION,1,URBANA,1,TRAMO DE VIA RECTA,27,CONDUCCION NO ATENTO CONDICIONES TRANSITO MOMENTO,1,IMPRUDENCIA DEL CONDUCTOR,0,LOS LLEUQUES,0,ABDON CIFUENTES,ABDON CIFUENTES - LOS LLEUQUES,0,0,0,0,2,2,2,BIDIRECCIONAL,1,CONCRETO,1,BUENO,1,SECO,1,DESPEJADO,0,0,0,0,2,13:00:00
-8120397.99272683,-4438425.44317179,1996,-72.946776,-36.995112,1417771,2022,1,2022/01/03 00:00:00+00,8,REGION BIO BIO,8105,HUALQUI,33,COLISION POR ALCANCE,30,COLISION,1,URBANA,14,CRUCE CON SEÑAL PARE,27,CONDUCCION NO ATENTO CONDICIONES TRANSITO MOMENTO,1,IMPRUDENCIA DEL CONDUCTOR,0,LA ARAUCANA,0,CRUCE PERIQUILLO,CRUCE PERIQUILLO - LA ARAUCANA,0,0,0,0,1,1,2,BIDIRECCIONAL,1,CONCRETO,1,BUENO,1,SECO,1,DESPEJADO,0,0,0,1,1,18:00:00
-8131709.23297803,-4414104.69244992,1997,-73.048387,-36.820417,1417779,2022,1,2022/01/29 00:00:00+00,8,REGION BIO BIO,8101,CONCEPCION,30,COLISION,30,COLISION,1,URBANA,1,TRAMO DE VIA RECTA,29,CONDUCCION CAMBIAR SORPRESIVAMENTE PISTA CIRCULACION,1,IMPRUDENCIA DEL CONDUCTOR,0,LAS HERAS,0,PADRE HURTADO,LAS HERAS - PADRE HURTADO,0,0,0,0,2,2,2,BIDIRECCIONAL,1,CONCRETO,1,BUENO,1,SECO,1,DESPEJADO,0,0,0,0,2,15:00:00
-8128888.50840082,-4411732.32628349,1998,-73.023048,-36.803355,1417786,2022,1,2022/01/29 00:00:00+00,8,REGION BIO BIO,8101,CONCEPCION,30,COLISION,30,COLISION,1,URBANA,1,TRAMO DE VIA RECTA,72,VELOCIDAD NO RAZONABLE NI PRUDENTE,7,VELOCIDAD IMPRUDENTE,0,CAMINO A PENCO,0,0,- CAMINO A PENCO,1700,0,0,0,2,2,2,BIDIRECCIONAL,1,CONCRETO,1,BUENO,1,SECO,1,DESPEJADO,0,0,0,0,2,23:00:00
-8133061.11913813,-4409851.10512948,1999,-73.060531,-36.789822,1417793,2022,1,2022/01/31 00:00:00+00,8,REGION BIO BIO,8101,CONCEPCION,50,CHOQUE,40,CHOQUE,1,URBANA,1,TRAMO DE VIA RECTA,27,CONDUCCION NO ATENTO CONDICIONES TRANSITO MOMENTO,1,IMPRUDENCIA DEL CONDUCTOR,0,RAMON CARRASCO,0,0,- RAMON CARRASCO,52,0,0,0,2,2,2,BIDIRECCIONAL,1,CONCRETO,1,BUENO,1,SECO,1,DESPEJADO,0,0,0,0,2,20:15:00
-8135806.35796863,-4413642.3718826,2000,-73.085192,-36.817092,1417821,2022,1,2022/02/03 00:00:00+00,8,REGION BIO BIO,8112,HUALPEN,63,CHOQUE FRENTE/POSTERIOR,40,CHOQUE,1,URBANA,14,CRUCE CON SEÑAL PARE,27,CONDUCCION NO ATENTO CONDICIONES TRANSITO MOMENTO,1,IMPRUDENCIA DEL CONDUCTOR,0,COSTANERA,0,PUENTE JUAN PABLO II,COSTANERA - PUENTE JUAN PABLO II,0,0,0,0,2,2,3,BIDIRECCIONAL CON BANDEJON,1,CONCRETO,1,BUENO,1,SECO,1,DESPEJADO,0,0,0,0,2,10:15:00
-8129386.45161509,-4412765.92717035,2001,-73.027521,-36.810789,1444526,2022,1,2022/05/14 00:00:00+00,8,REGION BIO BIO,8101,CONCEPCION,32,COLISION LATERAL,30,COLISION,1,URBANA,24,ROTONDA,27,CONDUCCION NO ATENTO CONDICIONES TRANSITO MOMENTO,1,IMPRUDENCIA DEL CONDUCTOR,0,GENERAL BONILLA,0,JUAN BOSCO,GENERAL BONILLA - JUAN BOSCO,0,0,0,0,2,0,1,UNIDIRECCIONAL,1,CONCRETO,1,BUENO,1,SECO,1,DESPEJADO,0,0,0,0,2,13:00:00
-8132121.3711288,-4414481.13275835,2002,-73.052089,-36.823124,1444535,2022,1,2022/05/12 00:00:00+00,8,REGION BIO BIO,8101,CONCEPCION,32,COLISION LATERAL,30,COLISION,1,URBANA,24,ROTONDA,28,CONDUCCION SIN MANTENER DISTANCIA RAZONABLE NI PRUDENTE,1,IMPRUDENCIA DEL CONDUCTOR,0,ANIBAL PINTO,0,0,- ANIBAL PINTO,817,0,0,0,2,0,1,UNIDIRECCIONAL,1,CONCRETO,1,BUENO,1,SECO,1,DESPEJADO,0,0,0,0,2,17:40:00
-8169695.23923134,-4550092.35387283,2003,-73.389621,-37.79206,1444539,2022,1,2022/05/13 00:00:00+00,8,REGION BIO BIO,8203,CAÑETE,30,COLISION,30,COLISION,1,URBANA,1,TRAMO DE VIA RECTA,27,CONDUCCION NO ATENTO CONDICIONES TRANSITO MOMENTO,1,IMPRUDENCIA DEL CONDUCTOR,0,PRESIDENTE EDUARDO FREI,0,0,- PRESIDENTE EDUARDO FREI,898,0,0,0,1,1,2,BIDIRECCIONAL,2,ASFALTO,1,BUENO,1,SECO,1,DESPEJADO,0,1,0,0,1,09:30:00
-8130382.42709922,-4423489.67760359,2004,-73.036468,-36.887876,1444541,2022,1,2022/05/11 00:00:00+00,8,REGION BIO BIO,8103,CHIGUAYANTE,33,COLISION POR ALCANCE,30,COLISION,1,URBANA,1,TRAMO DE VIA RECTA,98,OTRAS CAUSAS,14,OTRAS CAUSAS,0,CAMINO A CHIGUAYANTE,0,0,- CAMINO A CHIGUAYANTE,5500,0,0,0,2,2,3,BIDIRECCIONAL CON BANDEJON,1,CONCRETO,1,BUENO,2,HUMEDO,1,DESPEJADO,0,0,0,1,1,08:20:00
-8131264.34463308,-4414065.51950412,2005,-73.04439,-36.820135,1461740,2022,1,2022/07/21 00:00:00+00,8,REGION BIO BIO,8101,CONCEPCION,10,ATROPELLO,10,ATROPELLO,1,URBANA,11,CRUCE CON SEMAFORO FUNCIONANDO,62,SEÑALIZACION DESOBEDECER LUZ ROJA DE SEMAFORO,10,DESOBEDIENCIA A SEÑALIZACION,0,CICLOVIA O'HIGGINS,0,CASTELLON,CASTELLON - CICLOVIA O'HIGGINS,0,0,0,0,1,1,2,BIDIRECCIONAL,1,CONCRETO,1,BUENO,1,SECO,1,DESPEJADO,0,0,0,1,1,16:05:00
-8131246.24408388,-4414777.14907074,2006,-73.044228,-36.825252,1444550,2022,1,2022/05/13 00:00:00+00,8,REGION BIO BIO,8101,CONCEPCION,52,CHOQUE LATERAL,40,CHOQUE,1,URBANA,1,TRAMO DE VIA RECTA,28,CONDUCCION SIN MANTENER DISTANCIA RAZONABLE NI PRUDENTE,1,IMPRUDENCIA DEL CONDUCTOR,0,BERNARDO O'HIGGINS,0,OROMPELLO,BERNARDO O'HIGGINS - OROMPELLO,0,0,0,0,2,0,1,UNIDIRECCIONAL,1,CONCRETO,1,BUENO,1,SECO,1,DESPEJADO,0,0,0,0,2,19:18:00
-8161696.37722039,-4473395.52216177,2007,-73.317766,-37.245598,1444554,2022,1,2022/05/09 00:00:00+00,8,REGION BIO BIO,8202,ARAUCO,52,CHOQUE LATERAL,40,CHOQUE,1,URBANA,1,TRAMO DE VIA RECTA,11,ADELANTAMIENTO SIN EL ESPACIO O TIEMPO SUFICIENTE,1,IMPRUDENCIA DEL CONDUCTOR,0,CARLOS CONDELL,0,0,- CARLOS CONDELL,426,0,0,0,2,0,1,UNIDIRECCIONAL,1,CONCRETO,1,BUENO,1,SECO,1,DESPEJADO,0,0,0,0,2,13:55:00
-8121540.21975797,-4386132.09490642,2008,-72.957037,-36.618997,1461757,2022,1,2022/07/21 00:00:00+00,8,REGION BIO BIO,8111,TOME,32,COLISION LATERAL,30,COLISION,1,URBANA,1,TRAMO DE VIA RECTA,27,CONDUCCION NO ATENTO CONDICIONES TRANSITO MOMENTO,1,IMPRUDENCIA DEL CONDUCTOR,0,MANUEL MONTT,0,0,- MANUEL MONTT,1060,0,0,0,2,0,1,UNIDIRECCIONAL,1,CONCRETO,1,BUENO,1,SECO,1,DESPEJADO,0,0,0,0,2,17:30:00
-8132426.48672111,-4415926.98480461,2009,-73.05483,-36.83352,1444555,2022,1,2022/05/13 00:00:00+00,8,REGION BIO BIO,8101,CONCEPCION,30,COLISION,30,COLISION,1,URBANA,1,TRAMO DE VIA RECTA,27,CONDUCCION NO ATENTO CONDICIONES TRANSITO MOMENTO,1,IMPRUDENCIA DEL CONDUCTOR,0,SERRANO,0,CHACABUCO,CHACABUCO - SERRANO,0,0,0,0,2,0,1,UNIDIRECCIONAL,1,CONCRETO,1,BUENO,1,SECO,1,DESPEJADO,0,0,0,0,2,19:15:00
-8136266.02954196,-4416709.55109395,2010,-73.089321,-36.839147,1461765,2022,1,2022/07/22 00:00:00+00,8,REGION BIO BIO,8108,SAN PEDRO DE LA PAZ,53,CHOQUE POSTERIOR,40,CHOQUE,1,URBANA,11,CRUCE CON SEMAFORO FUNCIONANDO,27,CONDUCCION NO ATENTO CONDICIONES TRANSITO MOMENTO,1,IMPRUDENCIA DEL CONDUCTOR,0,LUIS ACEVEDO,0,PEDRO AGUIRRE CERDA,LUIS ACEVEDO - PEDRO AGUIRRE CERDA,0,0,0,0,2,0,1,UNIDIRECCIONAL,1,CONCRETO,1,BUENO,1,SECO,2,NUBLADO,0,0,0,0,3,01:20:00
-8130715.69539076,-4414339.46893411,2011,-73.039462,-36.822105,1461782,2022,1,2022/07/22 00:00:00+00,8,REGION BIO BIO,8101,CONCEPCION,50,CHOQUE,40,CHOQUE,1,URBANA,1,TRAMO DE VIA RECTA,27,CONDUCCION NO ATENTO CONDICIONES TRANSITO MOMENTO,1,IMPRUDENCIA DEL CONDUCTOR,0,LAUTARO,0,BARROS ARANA,BARROS ARANA - LAUTARO,0,0,0,0,2,0,1,UNIDIRECCIONAL,1,CONCRETO,1,BUENO,1,SECO,2,NUBLADO,0,0,0,0,2,12:15:00
-8042106.80560879,-4540322.32176253,2012,-72.243475,-37.722671,1461783,2022,1,2022/07/23 00:00:00+00,8,REGION BIO BIO,8305,MULCHEN,30,COLISION,30,COLISION,1,URBANA,15,CRUCE CON SEÑAL CEDA EL PASO,64,SEÑALIZACION DESOBEDECER SEÑAL CEDA EL PASO,10,DESOBEDIENCIA A SEÑALIZACION,0,UNZUETA,0,ARRIAGADA,ARRIAGADA - UNZUETA,0,0,0,0,2,0,1,UNIDIRECCIONAL,1,CONCRETO,1,BUENO,3,MOJADO,4,LLOVIZNA,0,0,0,1,1,15:00:00
-8132640.39825462,-4415540.60488552,2013,-73.056752,-36.830742,1461799,2022,1,2022/07/22 00:00:00+00,8,REGION BIO BIO,8101,CONCEPCION,53,CHOQUE POSTERIOR,40,CHOQUE,1,URBANA,11,CRUCE CON SEMAFORO FUNCIONANDO,21,CONDUCCION BAJO LA INFLUENCIA DEL ALCOHOL,4,ALCOHOL EN CONDUCTOR,0,SERRANO,0,BERNARDO O'HIGGINS,BERNARDO O'HIGGINS - SERRANO,0,0,0,0,2,0,1,UNIDIRECCIONAL,1,CONCRETO,1,BUENO,1,SECO,2,NUBLADO,0,0,0,0,2,05:30:00
-8041598.56534163,-4540446.09971936,2014,-72.238909,-37.723551,1461803,2022,1,2022/07/24 00:00:00+00,8,REGION BIO BIO,8305,MULCHEN,30,COLISION,30,COLISION,1,URBANA,16,CRUCE SIN SEÑALIZACION,24,CONDUCCION EN ESTADO DE EBRIEDAD,4,ALCOHOL EN CONDUCTOR,0,SALVO,0,MANUEL MONTT,MANUEL MONTT - SALVO,0,0,0,0,2,0,1,UNIDIRECCIONAL,1,CONCRETO,1,BUENO,3,MOJADO,3,LLUVIA,0,0,1,2,0,18:40:00
-8121519.99300649,-4385951.88977686,2015,-72.956855,-36.617698,1461808,2022,1,2022/07/22 00:00:00+00,8,REGION BIO BIO,8111,TOME,65,CHOQUE LADO/LADO,40,CHOQUE,1,URBANA,1,TRAMO DE VIA RECTA,27,CONDUCCION NO ATENTO CONDICIONES TRANSITO MOMENTO,1,IMPRUDENCIA DEL CONDUCTOR,0,SOTOMAYOR,0,0,- SOTOMAYOR,1080,0,0,0,2,0,1,UNIDIRECCIONAL,1,CONCRETO,1,BUENO,2,HUMEDO,2,NUBLADO,0,0,0,0,2,13:05:00
-8122307.95689012,-4384446.6790708,2016,-72.963934,-36.606844,1461836,2022,1,2022/07/22 00:00:00+00,8,REGION BIO BIO,8111,TOME,63,CHOQUE FRENTE/POSTERIOR,40,CHOQUE,1,URBANA,11,CRUCE CON SEMAFORO FUNCIONANDO,62,SEÑALIZACION DESOBEDECER LUZ ROJA DE SEMAFORO,10,DESOBEDIENCIA A SEÑALIZACION,0,ENRIQUE MOLINA,0,DIAGONAL BIO BIO,DIAGONAL BIO BIO - ENRIQUE MOLINA,0,0,0,0,1,1,2,BIDIRECCIONAL,1,CONCRETO,1,BUENO,2,HUMEDO,3,LLUVIA,0,0,0,0,2,22:40:00
-8051424.67000225,-4500771.138859,2017,-72.327178,-37.441108,1461855,2022,1,2022/07/21 00:00:00+00,8,REGION BIO BIO,8301,LOS ANGELES,53,CHOQUE POSTERIOR,40,CHOQUE,1,URBANA,1,TRAMO DE VIA RECTA,27,CONDUCCION NO ATENTO CONDICIONES TRANSITO MOMENTO,1,IMPRUDENCIA DEL CONDUCTOR,0,SOR VICENTA,0,LAS INDUSTRIAS,LAS INDUSTRIAS - SOR VICENTA,0,0,0,0,2,0,1,UNIDIRECCIONAL,1,CONCRETO,1,BUENO,1,SECO,1,DESPEJADO,0,0,0,0,1,19:20:00
-8054198.37322655,-4506415.54368581,2018,-72.352095,-37.481355,1461881,2022,1,2022/07/22 00:00:00+00,8,REGION BIO BIO,8301,LOS ANGELES,32,COLISION LATERAL,30,COLISION,1,URBANA,1,TRAMO DE VIA RECTA,26,CONDUCCION POR IZQUIERDA EJE CALZADA,1,IMPRUDENCIA DEL CONDUCTOR,0,VICUÑA MACKENNA,0,MANUEL RODRIGUEZ,MANUEL RODRIGUEZ - VICUÑA MACKENNA,0,0,0,0,2,0,1,UNIDIRECCIONAL,2,ASFALTO,1,BUENO,1,SECO,1,DESPEJADO,0,0,0,0,2,12:10:00
-8051424.67000225,-4500771.138859,2019,-72.327178,-37.441108,1461887,2022,1,2022/07/23 00:00:00+00,8,REGION BIO BIO,8301,LOS ANGELES,63,CHOQUE FRENTE/POSTERIOR,40,CHOQUE,1,URBANA,11,CRUCE CON SEMAFORO FUNCIONANDO,27,CONDUCCION NO ATENTO CONDICIONES TRANSITO MOMENTO,1,IMPRUDENCIA DEL CONDUCTOR,0,LAS INDUSTRIAS,0,SOR VICENTA,LAS INDUSTRIAS - SOR VICENTA,0,0,0,0,2,2,3,BIDIRECCIONAL CON BANDEJON,1,CONCRETO,1,BUENO,3,MOJADO,3,LLUVIA,0,0,0,0,2,07:25:00