X,Y,FID,POINT_X,POINT_Y,Idaccident,Año,Claseaccid,Fecha,Cód_Regi,Región,Cód_Comun,Comuna,Cód_Tipo,Tipo_Accid,Cód_Tip_1,Tipo__CONA,Cód_Zona,Zona,Cód_Ubica,Ubicación,Cód_Causa,Causa,Cód_Cau_1,Causa__CON,Cód_Calle,Calle_Uno,Cód_Cal_1,Calle_Dos,Intersecci,Número,Ruta,Cód_Ruta,Ubicaci_1,Pistas_de,Pistas_d_1,Cód_Calza,Calzada,Cód__Tipo,Tipo_Calza,Cód_Estad,Estado_Cal,Cód_Condi,Condición,Cód_Est_1,Estado_Atm,Fallecidos,Graves,Menos_Grav,Leves,Ilesos,Hora_1
-8142841.17092541,-4449575.26075835,2111,-73.148387,-37.075066,1463359,2022,1,2022/07/23 00:00:00+00,8,REGION BIO BIO,8106,LOTA,68,CHOQUE POSTERIOR/LADO,40,CHOQUE,1,URBANA,26,OTROS NO CONSIDERADOS,24,CONDUCCION EN ESTADO DE EBRIEDAD,4,ALCOHOL EN CONDUCTOR,0,PLAYA BLANCA,0,0,- PLAYA BLANCA,6,0,0,0,1,1,2,BIDIRECCIONAL,1,CONCRETO,1,BUENO,2,HUMEDO,2,NUBLADO,0,0,0,1,2,05:08:00
-8142709.05695374,-4448885.66710023,2112,-73.1472,-37.070124,1463366,2022,1,2022/07/24 00:00:00+00,8,REGION BIO BIO,8106,LOTA,32,COLISION LATERAL,30,COLISION,1,URBANA,1,TRAMO DE VIA RECTA,21,CONDUCCION BAJO LA INFLUENCIA DEL ALCOHOL,4,ALCOHOL EN CONDUCTOR,0,PLAYA BLANCA,0,COSTANERA,COSTANERA - PLAYA BLANCA,0,0,0,0,1,1,2,BIDIRECCIONAL,1,CONCRETO,1,BUENO,2,HUMEDO,2,NUBLADO,0,0,0,0,2,05:30:00
-8143320.57944446,-4450804.08670359,2113,-73.152693,-37.083873,1463375,2022,1,2022/07/26 00:00:00+00,8,REGION BIO BIO,8106,LOTA,10,ATROPELLO,10,ATROPELLO,1,URBANA,1,TRAMO DE VIA RECTA,27,CONDUCCION NO ATENTO CONDICIONES TRANSITO MOMENTO,1,IMPRUDENCIA DEL CONDUCTOR,0,FERNANDO MAIRA,0,TIRO AL BLANCO,FERNANDO MAIRA - TIRO AL BLANCO,0,0,0,0,1,1,2,BIDIRECCIONAL,2,ASFALTO,1,BUENO,1,SECO,1,DESPEJADO,0,0,0,1,1,18:00:00
-8144266.06040757,-4452150.61922502,2114,-73.161187,-37.093522,1463383,2022,1,2022/07/28 00:00:00+00,8,REGION BIO BIO,8106,LOTA,65,CHOQUE LADO/LADO,40,CHOQUE,1,URBANA,1,TRAMO DE VIA RECTA,27,CONDUCCION NO ATENTO CONDICIONES TRANSITO MOMENTO,1,IMPRUDENCIA DEL CONDUCTOR,0,LAS AZUCENAS,0,0,- LAS AZUCENAS,135,0,0,0,1,1,2,BIDIRECCIONAL,2,ASFALTO,1,BUENO,1,SECO,2,NUBLADO,0,0,0,0,2,22:20:00
-8144724.93048056,-4451687.07038285,2115,-73.165309,-37.090201,1463394,2022,1,2022/07/28 00:00:00+00,8,REGION BIO BIO,8106,LOTA,32,COLISION LATERAL,30,COLISION,1,URBANA,15,CRUCE CON SEÑAL CEDA EL PASO,64,SEÑALIZACION DESOBEDECER SEÑAL CEDA EL PASO,10,DESOBEDIENCIA A SEÑALIZACION,0,CONDELL,0,CARLOS COUSIÑO,CARLOS COUSIÑO - CONDELL,0,0,0,0,1,1,2,BIDIRECCIONAL,2,ASFALTO,1,BUENO,1,SECO,1,DESPEJADO,0,0,0,0,2,23:00:00
-8132578.80518037,-4411515.91694133,2116,-73.056198,-36.801798,1463424,2022,1,2022/07/23 00:00:00+00,8,REGION BIO BIO,8101,CONCEPCION,51,CHOQUE FRONTAL,40,CHOQUE,1,URBANA,1,TRAMO DE VIA RECTA,24,CONDUCCION EN ESTADO DE EBRIEDAD,4,ALCOHOL EN CONDUCTOR,0,PAICAVI,0,NUEVA,NUEVA - PAICAVI,0,0,0,0,2,2,3,BIDIRECCIONAL CON BANDEJON,2,ASFALTO,1,BUENO,3,MOJADO,4,LLOVIZNA,0,0,0,0,1,01:32:00
-8132073.5816714,-4414936.46671745,2117,-73.05166,-36.826398,1463430,2022,1,2022/07/29 00:00:00+00,8,REGION BIO BIO,8101,CONCEPCION,63,CHOQUE FRENTE/POSTERIOR,40,CHOQUE,1,URBANA,1,TRAMO DE VIA RECTA,27,CONDUCCION NO ATENTO CONDICIONES TRANSITO MOMENTO,1,IMPRUDENCIA DEL CONDUCTOR,0,CAUPOLICAN,0,0,- CAUPOLICAN,555,0,0,0,2,0,1,UNIDIRECCIONAL,1,CONCRETO,1,BUENO,1,SECO,2,NUBLADO,0,0,0,0,2,16:17:00
-8132992.07878994,-4411063.80160847,2118,-73.059911,-36.798546,1463434,2022,1,2022/07/23 00:00:00+00,8,REGION BIO BIO,8101,CONCEPCION,63,CHOQUE FRENTE/POSTERIOR,40,CHOQUE,1,URBANA,1,TRAMO DE VIA RECTA,24,CONDUCCION EN ESTADO DE EBRIEDAD,4,ALCOHOL EN CONDUCTOR,0,PAICAVI,0,ALONSO DE RIBERA,ALONSO DE RIBERA - PAICAVI,0,0,0,0,2,2,3,BIDIRECCIONAL CON BANDEJON,1,CONCRETO,1,BUENO,3,MOJADO,1,DESPEJADO,0,0,0,1,5,04:50:00
-8131182.63612684,-4414007.28182355,2119,-73.043656,-36.819716,1463439,2022,1,2022/07/29 00:00:00+00,8,REGION BIO BIO,8101,CONCEPCION,20,CAIDA,20,CAIDA,1,URBANA,1,TRAMO DE VIA RECTA,42,PASAJERO VIAJA EN PISADERA DE VEHICULO,3,IMPRUDENCIA DEL PASAJERO,0,PAICAVI,0,LOS CARRERA,LOS CARRERA - PAICAVI,0,0,0,0,3,3,3,BIDIRECCIONAL CON BANDEJON,1,CONCRETO,1,BUENO,1,SECO,1,DESPEJADO,0,0,0,1,1,08:00:00
-8053242.76218979,-4503654.04424601,2120,-72.343511,-37.461667,1463441,2022,1,2022/07/28 00:00:00+00,8,REGION BIO BIO,8301,LOS ANGELES,62,CHOQUE FRENTE/LADO,40,CHOQUE,1,URBANA,1,TRAMO DE VIA RECTA,27,CONDUCCION NO ATENTO CONDICIONES TRANSITO MOMENTO,1,IMPRUDENCIA DEL CONDUCTOR,0,ALEMANIA,0,0,- ALEMANIA,686,0,0,0,1,0,1,UNIDIRECCIONAL,1,CONCRETO,1,BUENO,1,SECO,1,DESPEJADO,0,0,0,0,2,12:00:00
-8139080.65381108,-4398971.30124311,2121,-73.114605,-36.711513,1463442,2022,1,2022/07/20 00:00:00+00,8,REGION BIO BIO,8110,TALCAHUANO,69,CHOQUE POSTERIOR/POSTERIOR,40,CHOQUE,1,URBANA,1,TRAMO DE VIA RECTA,27,CONDUCCION NO ATENTO CONDICIONES TRANSITO MOMENTO,1,IMPRUDENCIA DEL CONDUCTOR,0,BLANCO ENCALADA,0,0,- BLANCO ENCALADA,59,0,0,0,1,1,2,BIDIRECCIONAL,1,CONCRETO,1,BUENO,1,SECO,1,DESPEJADO,0,0,0,0,0,08:50:00
-8131115.57726558,-4409252.3630993,2122,-73.043054,-36.785515,1463450,2022,1,2022/07/24 00:00:00+00,8,REGION BIO BIO,8101,CONCEPCION,51,CHOQUE FRONTAL,40,CHOQUE,1,URBANA,1,TRAMO DE VIA RECTA,24,CONDUCCION EN ESTADO DE EBRIEDAD,4,ALCOHOL EN CONDUCTOR,0,LOS PRESIDENTES,0,0,- LOS PRESIDENTES,1542,0,0,0,2,2,3,BIDIRECCIONAL CON BANDEJON,1,CONCRETO,1,BUENO,3,MOJADO,3,LLUVIA,0,0,0,1,0,04:08:00
-8133194.4798881,-4413384.5006507,2123,-73.061729,-36.815238,1463456,2022,1,2022/07/25 00:00:00+00,8,REGION BIO BIO,8101,CONCEPCION,32,COLISION LATERAL,30,COLISION,1,URBANA,1,TRAMO DE VIA RECTA,97,CAUSAS NO DETERMINADAS,13,CAUSAS NO DETERMINADAS,0,CAMINO LOS CARROS,0,EJERCITO,CAMINO LOS CARROS - EJERCITO,0,0,0,0,1,1,2,BIDIRECCIONAL,1,CONCRETO,1,BUENO,2,HUMEDO,4,LLOVIZNA,0,0,0,0,2,23:15:00
-8052797.50649051,-4504203.50337831,2124,-72.339511,-37.465585,1463466,2022,1,2022/07/28 00:00:00+00,8,REGION BIO BIO,8301,LOS ANGELES,31,COLISION FRONTAL,30,COLISION,1,URBANA,1,TRAMO DE VIA RECTA,91,VIRAJES INDEBIDOS,1,IMPRUDENCIA DEL CONDUCTOR,0,MARCONI,0,ARGENTINA,ARGENTINA - MARCONI,0,0,0,0,2,0,1,UNIDIRECCIONAL,2,ASFALTO,1,BUENO,2,HUMEDO,1,DESPEJADO,0,0,0,0,2,10:20:00
-8138777.73121273,-4408622.86888928,2125,-73.111884,-36.780986,1463470,2022,1,2022/07/30 00:00:00+00,8,REGION BIO BIO,8112,HUALPEN,20,CAIDA,20,CAIDA,1,URBANA,16,CRUCE SIN SEÑALIZACION,41,PASAJERO SUBE O DESCIENDE DE VEHICULO MOVIMIENTO,3,IMPRUDENCIA DEL PASAJERO,0,LONDRES,0,GRAN BRETAÑA,GRAN BRETAÑA - LONDRES,0,0,0,0,2,0,1,UNIDIRECCIONAL,1,CONCRETO,1,BUENO,1,SECO,1,DESPEJADO,0,0,1,0,1,18:20:00
-8126700.07853132,-4414356.4206559,2126,-73.003389,-36.822227,1463485,2022,1,2022/07/29 00:00:00+00,8,REGION BIO BIO,8101,CONCEPCION,30,COLISION,30,COLISION,1,URBANA,1,TRAMO DE VIA RECTA,24,CONDUCCION EN ESTADO DE EBRIEDAD,4,ALCOHOL EN CONDUCTOR,0,COLLAO,0,0,- COLLAO,1954,0,0,0,1,1,2,BIDIRECCIONAL,1,CONCRETO,1,BUENO,1,SECO,1,DESPEJADO,0,0,0,0,2,21:30:00
-8135186.30840491,-4407391.68907927,2127,-73.079622,-36.772127,1463493,2022,1,2022/07/21 00:00:00+00,8,REGION BIO BIO,8110,TALCAHUANO,51,CHOQUE FRONTAL,40,CHOQUE,1,URBANA,1,TRAMO DE VIA RECTA,72,VELOCIDAD NO RAZONABLE NI PRUDENTE,7,VELOCIDAD IMPRUDENTE,0,PASAJE VEINTIUNO,0,0,- PASAJE VEINTIUNO,393,0,0,0,1,1,2,BIDIRECCIONAL,1,CONCRETO,1,BUENO,1,SECO,1,DESPEJADO,0,0,0,0,1,01:30:00
-8055026.87966873,-4505907.68581856,2128,-72.359538,-37.477735,1463498,2022,1,2022/07/28 00:00:00+00,8,REGION BIO BIO,8301,LOS ANGELES,32,COLISION LATERAL,30,COLISION,1,URBANA,15,CRUCE CON SEÑAL CEDA EL PASO,64,SEÑALIZACION DESOBEDECER SEÑAL CEDA EL PASO,10,DESOBEDIENCIA A SEÑALIZACION,0,JOSE MIGUEL INFANTE,0,CONDELL,CONDELL - JOSE MIGUEL INFANTE,0,0,0,0,2,0,1,UNIDIRECCIONAL,1,CONCRETO,1,BUENO,1,SECO,1,DESPEJADO,0,0,0,0,2,10:00:00
-8138342.68351076,-4410405.36939677,2129,-73.107976,-36.79381,1463503,2022,1,2022/07/31 00:00:00+00,8,REGION BIO BIO,8112,HUALPEN,62,CHOQUE FRENTE/LADO,40,CHOQUE,1,URBANA,11,CRUCE CON SEMAFORO FUNCIONANDO,71,VELOCIDAD MAYOR QUE MAXIMA PERMITIDA,7,VELOCIDAD IMPRUDENTE,0,GRAN BRETAÑA,0,POSTDAM,GRAN BRETAÑA - POSTDAM,0,0,0,0,1,1,2,BIDIRECCIONAL,1,CONCRETO,1,BUENO,2,HUMEDO,1,DESPEJADO,0,0,0,0,2,20:00:00
-8132950.63454351,-4413529.41948157,2130,-73.059539,-36.81628,1463505,2022,1,2022/07/30 00:00:00+00,8,REGION BIO BIO,8101,CONCEPCION,53,CHOQUE POSTERIOR,40,CHOQUE,1,URBANA,26,OTROS NO CONSIDERADOS,27,CONDUCCION NO ATENTO CONDICIONES TRANSITO MOMENTO,1,IMPRUDENCIA DEL CONDUCTOR,0,RENGO,0,ARGENTINA,ARGENTINA - RENGO,0,0,0,0,2,0,1,UNIDIRECCIONAL,1,CONCRETO,1,BUENO,1,SECO,1,DESPEJADO,0,0,0,0,2,00:59:00
-8056925.75641073,-4504098.14770907,2131,-72.376595,-37.464833,1463531,2022,1,2022/07/29 00:00:00+00,8,REGION BIO BIO,8301,LOS ANGELES,52,CHOQUE LATERAL,40,CHOQUE,1,URBANA,1,TRAMO DE VIA RECTA,27,CONDUCCION NO ATENTO CONDICIONES TRANSITO MOMENTO,1,IMPRUDENCIA DEL CONDUCTOR,0,PONIENTE,0,0,- PONIENTE,1914,0,0,0,1,1,2,BIDIRECCIONAL,1,CONCRETO,1,BUENO,1,SECO,1,DESPEJADO,0,0,0,0,3,03:45:00
-8054158.88820317,-4507073.08532025,2132,-72.35174,-37.486042,1463543,2022,1,2022/07/29 00:00:00+00,8,REGION BIO BIO,8301,LOS ANGELES,63,CHOQUE FRENTE/POSTERIOR,40,CHOQUE,1,URBANA,1,TRAMO DE VIA RECTA,27,CONDUCCION NO ATENTO CONDICIONES TRANSITO MOMENTO,1,IMPRUDENCIA DEL CONDUCTOR,0,O'HIGGINS,0,0,- O'HIGGINS,840,0,0,0,2,0,1,UNIDIRECCIONAL,1,CONCRETO,1,BUENO,1,SECO,1,DESPEJADO,0,0,0,0,2,14:00:00
-8055432.3720459,-4502981.99240591,2133,-72.36318,-37.456875,1463546,2022,1,2022/07/29 00:00:00+00,8,REGION BIO BIO,8301,LOS ANGELES,32,COLISION LATERAL,30,COLISION,1,URBANA,14,CRUCE CON SEÑAL PARE,27,CONDUCCION NO ATENTO CONDICIONES TRANSITO MOMENTO,1,IMPRUDENCIA DEL CONDUCTOR,0,SAN LUIS,0,LAS PETUNIAS,LAS PETUNIAS - SAN LUIS,0,0,0,0,1,1,2,BIDIRECCIONAL,2,ASFALTO,1,BUENO,1,SECO,1,DESPEJADO,0,0,0,2,0,07:30:00
-8121410.92216941,-4388036.70193322,2134,-72.955876,-36.632728,1463548,2022,1,2022/07/30 00:00:00+00,8,REGION BIO BIO,8111,TOME,33,COLISION POR ALCANCE,30,COLISION,1,URBANA,1,TRAMO DE VIA RECTA,28,CONDUCCION SIN MANTENER DISTANCIA RAZONABLE NI PRUDENTE,1,IMPRUDENCIA DEL CONDUCTOR,0,LATORRE,0,0,- LATORRE,454,0,0,0,2,2,3,BIDIRECCIONAL CON BANDEJON,1,CONCRETO,1,BUENO,1,SECO,1,DESPEJADO,0,0,0,0,2,08:30:00
-8132083.84532845,-4413463.25882638,2135,-73.051752,-36.815804,1463555,2022,1,2022/07/25 00:00:00+00,8,REGION BIO BIO,8101,CONCEPCION,32,COLISION LATERAL,30,COLISION,1,URBANA,11,CRUCE CON SEMAFORO FUNCIONANDO,97,CAUSAS NO DETERMINADAS,13,CAUSAS NO DETERMINADAS,0,MANUEL RODRIGUEZ,0,TUCAPEL,MANUEL RODRIGUEZ - TUCAPEL,0,0,0,0,2,0,1,UNIDIRECCIONAL,1,CONCRETO,1,BUENO,1,SECO,1,DESPEJADO,0,0,0,1,1,09:25:00
-8132513.37158368,-4414366.76692103,2136,-73.055611,-36.822302,1463557,2022,1,2022/07/25 00:00:00+00,8,REGION BIO BIO,8101,CONCEPCION,10,ATROPELLO,10,ATROPELLO,1,URBANA,14,CRUCE CON SEÑAL PARE,97,CAUSAS NO DETERMINADAS,13,CAUSAS NO DETERMINADAS,0,MARTINEZ DE ROZAS,0,RENGO,MARTINEZ DE ROZAS - RENGO,0,0,0,0,2,0,1,UNIDIRECCIONAL,1,CONCRETO,1,BUENO,3,MOJADO,3,LLUVIA,0,0,0,1,1,13:20:00
-8130695.04562521,-4413420.05577897,2137,-73.039276,-36.815493,1463560,2022,1,2022/07/26 00:00:00+00,8,REGION BIO BIO,8101,CONCEPCION,32,COLISION LATERAL,30,COLISION,1,URBANA,11,CRUCE CON SEMAFORO FUNCIONANDO,97,CAUSAS NO DETERMINADAS,13,CAUSAS NO DETERMINADAS,0,MARTINEZ DE ROZAS,0,0,- MARTINEZ DE ROZAS,1800,0,0,0,2,0,1,UNIDIRECCIONAL,1,CONCRETO,1,BUENO,2,HUMEDO,1,DESPEJADO,0,0,0,0,2,11:10:00
-8131478.0780554,-4413638.10294697,2138,-73.04631,-36.817062,1463563,2022,1,2022/07/26 00:00:00+00,8,REGION BIO BIO,8101,CONCEPCION,10,ATROPELLO,10,ATROPELLO,1,URBANA,11,CRUCE CON SEMAFORO FUNCIONANDO,97,CAUSAS NO DETERMINADAS,13,CAUSAS NO DETERMINADAS,0,PAICAVI,0,MANUEL BULNES,MANUEL BULNES - PAICAVI,0,0,0,0,2,2,3,BIDIRECCIONAL CON BANDEJON,1,CONCRETO,2,REGULAR,2,HUMEDO,3,LLUVIA,0,1,0,0,1,20:40:00
-8131330.23463968,-4408616.10018704,2139,-73.044982,-36.780937,1463564,2022,1,2022/07/27 00:00:00+00,8,REGION BIO BIO,8101,CONCEPCION,32,COLISION LATERAL,30,COLISION,1,URBANA,1,TRAMO DE VIA RECTA,97,CAUSAS NO DETERMINADAS,13,CAUSAS NO DETERMINADAS,0,SAN SEBASTIAN,0,CANTO DEL VALLE,CANTO DEL VALLE - SAN SEBASTIAN,0,0,0,0,1,1,2,BIDIRECCIONAL,1,CONCRETO,1,BUENO,1,SECO,1,DESPEJADO,0,0,0,0,2,11:30:00
-8138777.73121273,-4408622.86888928,2140,-73.111884,-36.780986,1463565,2022,1,2022/07/27 00:00:00+00,8,REGION BIO BIO,8112,HUALPEN,33,COLISION POR ALCANCE,30,COLISION,1,URBANA,15,CRUCE CON SEÑAL CEDA EL PASO,97,CAUSAS NO DETERMINADAS,13,CAUSAS NO DETERMINADAS,0,GRAN BRETAÑA,0,YUGOSLAVIA,GRAN BRETAÑA - YUGOSLAVIA,0,0,0,0,1,1,2,BIDIRECCIONAL,1,CONCRETO,1,BUENO,1,SECO,1,DESPEJADO,0,0,0,0,2,13:00:00
-8133155.02826056,-4414876.38855377,2141,-73.061375,-36.825966,1463567,2022,1,2022/07/27 00:00:00+00,8,REGION BIO BIO,8101,CONCEPCION,10,ATROPELLO,10,ATROPELLO,1,URBANA,11,CRUCE CON SEMAFORO FUNCIONANDO,97,CAUSAS NO DETERMINADAS,13,CAUSAS NO DETERMINADAS,0,ARTURO PRAT,0,LAS HERAS,ARTURO PRAT - LAS HERAS,0,0,0,0,2,2,3,BIDIRECCIONAL CON BANDEJON,1,CONCRETO,1,BUENO,1,SECO,1,DESPEJADO,0,0,0,1,1,15:10:00
-8129853.45914287,-4425603.66075618,2142,-73.031716,-36.903063,1463616,2022,1,2022/07/31 00:00:00+00,8,REGION BIO BIO,8103,CHIGUAYANTE,32,COLISION LATERAL,30,COLISION,1,URBANA,21,ENLACE A NIVEL,97,CAUSAS NO DETERMINADAS,13,CAUSAS NO DETERMINADAS,0,8 ORIENTE,0,COSTANERA,8 ORIENTE - COSTANERA,0,0,0,0,2,2,3,BIDIRECCIONAL CON BANDEJON,1,CONCRETO,2,REGULAR,1,SECO,1,DESPEJADO,0,0,0,0,2,08:40:00
-8135502.16632809,-4411603.44777596,2143,-73.082459,-36.802428,1463617,2022,1,2022/07/31 00:00:00+00,8,REGION BIO BIO,8112,HUALPEN,30,COLISION,30,COLISION,1,URBANA,11,CRUCE CON SEMAFORO FUNCIONANDO,62,SEÑALIZACION DESOBEDECER LUZ ROJA DE SEMAFORO,10,DESOBEDIENCIA A SEÑALIZACION,0,CRISTOBAL COLON,0,PUERTO SAAVEDRA,CRISTOBAL COLON - PUERTO SAAVEDRA,0,0,0,0,2,2,3,BIDIRECCIONAL CON BANDEJON,1,CONCRETO,1,BUENO,1,SECO,1,DESPEJADO,0,1,1,2,0,10:25:00
-8128740.43121417,-4428685.72617912,2144,-73.021718,-36.9252,1463629,2022,1,2022/07/31 00:00:00+00,8,REGION BIO BIO,8103,CHIGUAYANTE,51,CHOQUE FRONTAL,40,CHOQUE,1,URBANA,1,TRAMO DE VIA RECTA,24,CONDUCCION EN ESTADO DE EBRIEDAD,4,ALCOHOL EN CONDUCTOR,0,O'HIGGINS,0,0,- O'HIGGINS,10,0,0,0,1,1,2,BIDIRECCIONAL,1,CONCRETO,1,BUENO,1,SECO,2,NUBLADO,0,0,0,0,1,04:40:00
-8132939.22429571,-4415300.26671423,2145,-73.059436,-36.829014,1463632,2022,1,2022/07/30 00:00:00+00,8,REGION BIO BIO,8101,CONCEPCION,53,CHOQUE POSTERIOR,40,CHOQUE,1,URBANA,11,CRUCE CON SEMAFORO FUNCIONANDO,27,CONDUCCION NO ATENTO CONDICIONES TRANSITO MOMENTO,1,IMPRUDENCIA DEL CONDUCTOR,0,ARTURO PRAT,0,FREIRE,ARTURO PRAT - FREIRE,0,0,0,0,2,0,1,UNIDIRECCIONAL,1,CONCRETO,1,BUENO,1,SECO,2,NUBLADO,0,0,0,0,2,15:29:00
-8169645.64639819,-4549997.46564558,2146,-73.389175,-37.791386,1463659,2022,1,2022/07/23 00:00:00+00,8,REGION BIO BIO,8203,CAÑETE,51,CHOQUE FRONTAL,40,CHOQUE,1,URBANA,1,TRAMO DE VIA RECTA,11,ADELANTAMIENTO SIN EL ESPACIO O TIEMPO SUFICIENTE,1,IMPRUDENCIA DEL CONDUCTOR,0,PRESIDENTE EDUARDO FREI,0,0,- PRESIDENTE EDUARDO FREI,1020,0,0,0,1,1,2,BIDIRECCIONAL,2,ASFALTO,2,REGULAR,2,HUMEDO,2,NUBLADO,0,0,0,0,2,12:30:00
-8055916.77881008,-4503839.19492895,2147,-72.367532,-37.462987,1463667,2022,1,2022/07/29 00:00:00+00,8,REGION BIO BIO,8301,LOS ANGELES,10,ATROPELLO,10,ATROPELLO,1,URBANA,1,TRAMO DE VIA RECTA,52,PEATON CRUZA CALZADA FORMA SORPRESIVA O DESCUIDADA,2,IMPRUDENCIA DEL PEATON,0,BOMBERO FRANCISCO RIOSECO,0,0,- BOMBERO FRANCISCO RIOSECO,1301,0,0,0,1,1,2,BIDIRECCIONAL,2,ASFALTO,2,REGULAR,1,SECO,1,DESPEJADO,0,0,0,2,0,19:45:00
-8132971.69619117,-4415594.2613565,2148,-73.059728,-36.831128,1463669,2022,1,2022/07/30 00:00:00+00,8,REGION BIO BIO,8101,CONCEPCION,51,CHOQUE FRONTAL,40,CHOQUE,1,URBANA,11,CRUCE CON SEMAFORO FUNCIONANDO,24,CONDUCCION EN ESTADO DE EBRIEDAD,4,ALCOHOL EN CONDUCTOR,0,BERNARDO O'HIGGINS,0,PADRE HURTADO,BERNARDO O'HIGGINS - PADRE HURTADO,0,0,0,0,3,0,1,UNIDIRECCIONAL,1,CONCRETO,1,BUENO,1,SECO,1,DESPEJADO,0,0,0,0,1,04:17:00
-8119568.42874949,-4436417.68209423,2149,-72.939324,-36.980705,1463676,2022,1,2022/07/05 00:00:00+00,8,REGION BIO BIO,8105,HUALQUI,63,CHOQUE FRENTE/POSTERIOR,40,CHOQUE,1,URBANA,1,TRAMO DE VIA RECTA,97,CAUSAS NO DETERMINADAS,13,CAUSAS NO DETERMINADAS,0,LA CONCEPCION,0,0,- LA CONCEPCION,622,0,0,0,2,0,1,UNIDIRECCIONAL,1,CONCRETO,3,MALO,3,MOJADO,3,LLUVIA,0,0,0,0,3,17:30:00
-8056847.27616972,-4504352.77308046,2150,-72.37589,-37.466649,1463691,2022,1,2022/07/29 00:00:00+00,8,REGION BIO BIO,8301,LOS ANGELES,32,COLISION LATERAL,30,COLISION,1,URBANA,14,CRUCE CON SEÑAL PARE,24,CONDUCCION EN ESTADO DE EBRIEDAD,4,ALCOHOL EN CONDUCTOR,0,ESTANISLAO ANGUITA,0,GALVARINO,ESTANISLAO ANGUITA - GALVARINO,0,0,0,0,2,0,1,UNIDIRECCIONAL,1,CONCRETO,1,BUENO,1,SECO,1,DESPEJADO,0,0,0,1,1,10:40:00
-8052842.51296064,-4502336.97701641,2151,-72.339915,-37.452275,1463700,2022,1,2022/07/29 00:00:00+00,8,REGION BIO BIO,8301,LOS ANGELES,32,COLISION LATERAL,30,COLISION,1,URBANA,11,CRUCE CON SEMAFORO FUNCIONANDO,27,CONDUCCION NO ATENTO CONDICIONES TRANSITO MOMENTO,1,IMPRUDENCIA DEL CONDUCTOR,0,SOR VICENTA,0,ORIENTE,ORIENTE - SOR VICENTA,0,0,0,0,2,0,1,UNIDIRECCIONAL,2,ASFALTO,1,BUENO,1,SECO,1,DESPEJADO,0,0,0,0,2,19:40:00
-8121193.65991923,-4384050.06685034,2152,-72.953924,-36.603984,1463710,2022,1,2022/07/30 00:00:00+00,8,REGION BIO BIO,8111,TOME,51,CHOQUE FRONTAL,40,CHOQUE,1,URBANA,3,TRAMO DE VIA CURVA VERTICAL,24,CONDUCCION EN ESTADO DE EBRIEDAD,4,ALCOHOL EN CONDUCTOR,0,VICENTE PALACIOS,0,0,- VICENTE PALACIOS,2387,0,0,0,1,1,2,BIDIRECCIONAL,1,CONCRETO,1,BUENO,1,SECO,2,NUBLADO,0,0,0,0,1,06:00:00
-8141858.43132874,-4423973.81973779,2153,-73.139559,-36.891355,1463714,2022,1,2022/07/28 00:00:00+00,8,REGION BIO BIO,8108,SAN PEDRO DE LA PAZ,10,ATROPELLO,10,ATROPELLO,1,URBANA,1,TRAMO DE VIA RECTA,93,CONDUCIR VEHICULO EN RETROCESO,1,IMPRUDENCIA DEL CONDUCTOR,0,LAUTARO YANKAS,0,0,- LAUTARO YANKAS,7745,0,0,0,1,0,1,UNIDIRECCIONAL,1,CONCRETO,1,BUENO,1,SECO,1,DESPEJADO,0,0,0,1,1,14:00:00
-8141983.04236673,-4423789.24351461,2154,-73.140678,-36.890028,1463725,2022,1,2022/07/30 00:00:00+00,8,REGION BIO BIO,8108,SAN PEDRO DE LA PAZ,10,ATROPELLO,10,ATROPELLO,1,URBANA,1,TRAMO DE VIA RECTA,55,PEATON CRUZA CALZADA FUERA PASO PEATONES,2,IMPRUDENCIA DEL PEATON,0,LOS MAÑIOS,0,0,- LOS MAÑIOS,7373,0,0,0,1,1,2,BIDIRECCIONAL,1,CONCRETO,1,BUENO,1,SECO,1,DESPEJADO,0,0,1,0,1,09:50:00
-8009423.8817857,-4480333.31512862,2155,-71.949879,-37.295194,1463741,2022,1,2022/07/29 00:00:00+00,8,REGION BIO BIO,8312,TUCAPEL,10,ATROPELLO,10,ATROPELLO,1,URBANA,15,CRUCE CON SEÑAL CEDA EL PASO,27,CONDUCCION NO ATENTO CONDICIONES TRANSITO MOMENTO,1,IMPRUDENCIA DEL CONDUCTOR,0,SAN DIEGO,0,12 DE FEBRERO,12 DE FEBRERO - SAN DIEGO,0,0,0,0,1,0,1,UNIDIRECCIONAL,2,ASFALTO,1,BUENO,1,SECO,1,DESPEJADO,0,0,0,0,2,10:40:00
-8054983.42053953,-4505109.49082168,2156,-72.359147,-37.472044,1463745,2022,1,2022/07/30 00:00:00+00,8,REGION BIO BIO,8301,LOS ANGELES,32,COLISION LATERAL,30,COLISION,1,URBANA,1,TRAMO DE VIA RECTA,27,CONDUCCION NO ATENTO CONDICIONES TRANSITO MOMENTO,1,IMPRUDENCIA DEL CONDUCTOR,0,RICARDO VICUÑA,0,JOSE MIGUEL INFANTE,JOSE MIGUEL INFANTE - RICARDO VICUÑA,0,0,0,0,2,2,2,BIDIRECCIONAL,1,CONCRETO,1,BUENO,1,SECO,2,NUBLADO,0,0,0,1,1,18:00:00
-8056762.06109952,-4503696.15935803,2157,-72.375125,-37.461967,1463748,2022,1,2022/07/30 00:00:00+00,8,REGION BIO BIO,8301,LOS ANGELES,63,CHOQUE FRENTE/POSTERIOR,40,CHOQUE,1,URBANA,1,TRAMO DE VIA RECTA,24,CONDUCCION EN ESTADO DE EBRIEDAD,4,ALCOHOL EN CONDUCTOR,0,LAGO GENERAL CARRERA,0,0,- LAGO GENERAL CARRERA,1682,0,0,0,1,1,2,BIDIRECCIONAL,1,CONCRETO,1,BUENO,1,SECO,1,DESPEJADO,0,0,0,0,2,23:20:00