X,Y,FID,POINT_X,POINT_Y,Idaccident,Año,Claseaccid,Fecha,Cód_Regi,Región,Cód_Comun,Comuna,Cód_Tipo,Tipo_Accid,Cód_Tip_1,Tipo__CONA,Cód_Zona,Zona,Cód_Ubica,Ubicación,Cód_Causa,Causa,Cód_Cau_1,Causa__CON,Cód_Calle,Calle_Uno,Cód_Cal_1,Calle_Dos,Intersecci,Número,Ruta,Cód_Ruta,Ubicaci_1,Pistas_de,Pistas_d_1,Cód_Calza,Calzada,Cód__Tipo,Tipo_Calza,Cód_Estad,Estado_Cal,Cód_Condi,Condición,Cód_Est_1,Estado_Atm,Fallecidos,Graves,Menos_Grav,Leves,Ilesos,Hora_1
-8130193.36207606,-4413690.01165182,2204,-73.03477,-36.817435,1464536,2022,1,2022/08/01 00:00:00+00,8,REGION BIO BIO,8101,CONCEPCION,32,COLISION LATERAL,30,COLISION,1,URBANA,1,TRAMO DE VIA RECTA,29,CONDUCCION CAMBIAR SORPRESIVAMENTE PISTA CIRCULACION,1,IMPRUDENCIA DEL CONDUCTOR,0,MAIPU,0,VILUMILLA,MAIPU - VILUMILLA,0,0,0,0,2,0,1,UNIDIRECCIONAL,1,CONCRETO,1,BUENO,1,SECO,1,DESPEJADO,0,0,0,0,2,09:45:00
-8127938.3965469,-4432824.79935504,2205,-73.014513,-36.954918,1464547,2022,1,2022/08/01 00:00:00+00,8,REGION BIO BIO,8103,CHIGUAYANTE,34,COLISION PERPENDICULAR,30,COLISION,1,URBANA,1,TRAMO DE VIA RECTA,97,CAUSAS NO DETERMINADAS,13,CAUSAS NO DETERMINADAS,0,LOS ANDES,0,0,- LOS ANDES,213,0,0,0,1,1,2,BIDIRECCIONAL,1,CONCRETO,1,BUENO,1,SECO,2,NUBLADO,0,0,0,0,2,08:05:00
-8053667.6352903,-4504874.82000805,2206,-72.347327,-37.470371,1464549,2022,1,2022/08/02 00:00:00+00,8,REGION BIO BIO,8301,LOS ANGELES,10,ATROPELLO,10,ATROPELLO,1,URBANA,11,CRUCE CON SEMAFORO FUNCIONANDO,27,CONDUCCION NO ATENTO CONDICIONES TRANSITO MOMENTO,1,IMPRUDENCIA DEL CONDUCTOR,0,JOSE MANSO DE VELASCO,0,LAUTARO,JOSE MANSO DE VELASCO - LAUTARO,0,0,0,0,2,0,1,UNIDIRECCIONAL,1,CONCRETO,1,BUENO,1,SECO,1,DESPEJADO,0,0,0,1,1,17:25:00
-8136645.53994997,-4404614.15951074,2207,-73.092731,-36.752138,1464569,2022,1,2022/07/29 00:00:00+00,8,REGION BIO BIO,8110,TALCAHUANO,32,COLISION LATERAL,30,COLISION,1,URBANA,1,TRAMO DE VIA RECTA,31,NO RESPETAR DERECHO PREFERENTE DE PASO A PEATON,1,IMPRUDENCIA DEL CONDUCTOR,0,CRISTOBAL COLON,0,0,- CRISTOBAL COLON,1198,0,0,0,1,0,1,UNIDIRECCIONAL,1,CONCRETO,1,BUENO,1,SECO,1,DESPEJADO,0,0,0,0,2,16:15:00
-8133085.62055805,-4415011.17549971,2208,-73.060751,-36.826935,1464577,2022,1,2022/08/02 00:00:00+00,8,REGION BIO BIO,8101,CONCEPCION,32,COLISION LATERAL,30,COLISION,1,URBANA,11,CRUCE CON SEMAFORO FUNCIONANDO,91,VIRAJES INDEBIDOS,1,IMPRUDENCIA DEL CONDUCTOR,0,ARTURO PRAT,0,LOS CARRERA,ARTURO PRAT - LOS CARRERA,0,0,0,0,5,0,1,UNIDIRECCIONAL,1,CONCRETO,1,BUENO,1,SECO,1,DESPEJADO,0,0,0,0,2,13:05:00
-8089451.29673774,-4510306.93541261,2209,-72.668777,-37.50909,1464601,2022,1,2022/07/31 00:00:00+00,8,REGION BIO BIO,8306,NACIMIENTO,50,CHOQUE,40,CHOQUE,1,URBANA,26,OTROS NO CONSIDERADOS,24,CONDUCCION EN ESTADO DE EBRIEDAD,4,ALCOHOL EN CONDUCTOR,0,JULIO HEMMELMANN,0,0,- JULIO HEMMELMANN,199,0,0,0,1,1,2,BIDIRECCIONAL,1,CONCRETO,1,BUENO,1,SECO,1,DESPEJADO,0,0,0,1,0,19:00:00
-8125601.58892812,-4402308.44091842,2210,-72.993521,-36.735541,1464605,2022,1,2022/07/15 00:00:00+00,8,REGION BIO BIO,8107,PENCO,32,COLISION LATERAL,30,COLISION,1,URBANA,1,TRAMO DE VIA RECTA,27,CONDUCCION NO ATENTO CONDICIONES TRANSITO MOMENTO,1,IMPRUDENCIA DEL CONDUCTOR,0,COCHRANE,0,0,- COCHRANE,175,0,0,0,2,0,1,UNIDIRECCIONAL,2,ASFALTO,1,BUENO,1,SECO,1,DESPEJADO,0,0,0,2,1,17:00:00
-8121097.40195554,-4383615.35093312,2211,-72.953059,-36.600849,1464611,2022,1,2022/07/11 00:00:00+00,8,REGION BIO BIO,8111,TOME,32,COLISION LATERAL,30,COLISION,1,URBANA,1,TRAMO DE VIA RECTA,95,PERDIDA CONTROL VEHICULO,9,PERDIDA CONTROL VEHICULO,0,VICENTE PALACIOS,0,0,- VICENTE PALACIOS,15,0,0,0,2,0,1,UNIDIRECCIONAL,2,ASFALTO,1,BUENO,1,SECO,1,DESPEJADO,0,0,0,0,1,17:00:00
-8129440.44156813,-4427567.2019102,2212,-73.028006,-36.917167,1464619,2022,1,2022/07/29 00:00:00+00,8,REGION BIO BIO,8103,CHIGUAYANTE,32,COLISION LATERAL,30,COLISION,1,URBANA,1,TRAMO DE VIA RECTA,97,CAUSAS NO DETERMINADAS,13,CAUSAS NO DETERMINADAS,0,MANUEL RODRIGUEZ,0,0,- MANUEL RODRIGUEZ,87,0,0,0,2,2,3,BIDIRECCIONAL CON BANDEJON,1,CONCRETO,1,BUENO,1,SECO,1,DESPEJADO,0,0,0,0,2,07:30:00
-8129174.28779759,-4428658.72559346,2213,-73.025615,-36.925006,1464634,2022,1,2022/08/01 00:00:00+00,8,REGION BIO BIO,8103,CHIGUAYANTE,34,COLISION PERPENDICULAR,30,COLISION,1,URBANA,11,CRUCE CON SEMAFORO FUNCIONANDO,24,CONDUCCION EN ESTADO DE EBRIEDAD,4,ALCOHOL EN CONDUCTOR,0,MANUEL RODRIGUEZ,0,CHIGUAY,CHIGUAY - MANUEL RODRIGUEZ,0,0,0,0,2,2,3,BIDIRECCIONAL CON BANDEJON,1,CONCRETO,1,BUENO,1,SECO,1,DESPEJADO,0,0,0,2,0,01:15:00
-8162014.57285287,-4473796.99671126,2214,-73.320624,-37.248469,1464647,2022,1,2022/07/03 00:00:00+00,8,REGION BIO BIO,8202,ARAUCO,10,ATROPELLO,10,ATROPELLO,1,URBANA,15,CRUCE CON SEÑAL CEDA EL PASO,31,NO RESPETAR DERECHO PREFERENTE DE PASO A PEATON,1,IMPRUDENCIA DEL CONDUCTOR,0,ARTURO PRAT,0,COVADONGA,ARTURO PRAT - COVADONGA,0,0,0,0,1,1,2,BIDIRECCIONAL,1,CONCRETO,1,BUENO,3,MOJADO,3,LLUVIA,0,0,0,1,1,20:00:00
-8162047.4009707,-4473451.75201024,2215,-73.320919,-37.246,1464652,2022,1,2022/07/05 00:00:00+00,8,REGION BIO BIO,8202,ARAUCO,50,CHOQUE,40,CHOQUE,1,URBANA,14,CRUCE CON SEÑAL PARE,24,CONDUCCION EN ESTADO DE EBRIEDAD,4,ALCOHOL EN CONDUCTOR,0,ARTURO PRAT,0,CARLOS CONDELL,ARTURO PRAT - CARLOS CONDELL,0,0,0,0,2,0,1,UNIDIRECCIONAL,1,CONCRETO,1,BUENO,1,SECO,1,DESPEJADO,0,0,0,1,0,00:20:00
-8125947.94839177,-4403013.67331412,2216,-72.996632,-36.740618,1464657,2022,1,2022/07/22 00:00:00+00,8,REGION BIO BIO,8107,PENCO,32,COLISION LATERAL,30,COLISION,1,URBANA,1,TRAMO DE VIA RECTA,65,SEÑALIZACION DESOBEDECER SEÑAL PARE,10,DESOBEDIENCIA A SEÑALIZACION,0,O'HIGGINS,0,0,- O'HIGGINS,130,0,0,0,2,0,1,UNIDIRECCIONAL,2,ASFALTO,1,BUENO,1,SECO,1,DESPEJADO,0,0,0,2,0,17:15:00
-8123093.75004368,-4398904.31442545,2217,-72.970993,-36.71103,1464664,2022,1,2022/07/26 00:00:00+00,8,REGION BIO BIO,8107,PENCO,33,COLISION POR ALCANCE,30,COLISION,1,URBANA,1,TRAMO DE VIA RECTA,27,CONDUCCION NO ATENTO CONDICIONES TRANSITO MOMENTO,1,IMPRUDENCIA DEL CONDUCTOR,0,BALMACEDA,0,0,- BALMACEDA,460,0,0,0,2,0,1,UNIDIRECCIONAL,2,ASFALTO,1,BUENO,1,SECO,1,DESPEJADO,0,0,0,0,4,22:00:00
-8124906.10927744,-4402845.76851498,2218,-72.987273,-36.739409,1464665,2022,1,2022/07/29 00:00:00+00,8,REGION BIO BIO,8107,PENCO,33,COLISION POR ALCANCE,30,COLISION,1,URBANA,1,TRAMO DE VIA RECTA,27,CONDUCCION NO ATENTO CONDICIONES TRANSITO MOMENTO,1,IMPRUDENCIA DEL CONDUCTOR,0,VILLARRICA,0,0,- VILLARRICA,221,0,0,0,2,0,1,UNIDIRECCIONAL,2,ASFALTO,1,BUENO,1,SECO,1,DESPEJADO,0,0,0,0,2,11:30:00
-8130472.89644939,-4413029.55379491,2219,-73.037281,-36.812685,1464692,2022,1,2022/08/01 00:00:00+00,8,REGION BIO BIO,8101,CONCEPCION,67,CHOQUE POSTERIOR/FRENTE,40,CHOQUE,1,URBANA,11,CRUCE CON SEMAFORO FUNCIONANDO,97,CAUSAS NO DETERMINADAS,13,CAUSAS NO DETERMINADAS,0,CAMILO HENRIQUEZ,0,FIORETTI,CAMILO HENRIQUEZ - FIORETTI,0,0,0,0,2,2,2,BIDIRECCIONAL,1,CONCRETO,1,BUENO,1,SECO,1,DESPEJADO,0,0,1,0,1,08:00:00
-8132336.06189874,-4414463.51333051,2220,-73.054018,-36.822997,1464699,2022,1,2022/08/02 00:00:00+00,8,REGION BIO BIO,8103,CHIGUAYANTE,32,COLISION LATERAL,30,COLISION,1,URBANA,14,CRUCE CON SEÑAL PARE,97,CAUSAS NO DETERMINADAS,13,CAUSAS NO DETERMINADAS,0,LAS HERAS,0,CASTELLON,CASTELLON - LAS HERAS,0,0,0,0,2,0,1,UNIDIRECCIONAL,1,CONCRETO,1,BUENO,1,SECO,1,DESPEJADO,0,0,0,0,3,11:50:00
-8131957.70921343,-4414385.22056673,2221,-73.050619,-36.822434,1464703,2022,1,2022/08/02 00:00:00+00,8,REGION BIO BIO,8101,CONCEPCION,62,CHOQUE FRENTE/LADO,40,CHOQUE,1,URBANA,26,OTROS NO CONSIDERADOS,97,CAUSAS NO DETERMINADAS,13,CAUSAS NO DETERMINADAS,0,LOS CARRERA,0,0,- LOS CARRERA,801,0,0,0,1,0,1,UNIDIRECCIONAL,1,CONCRETO,1,BUENO,1,SECO,1,DESPEJADO,0,0,0,0,2,10:03:00
-8089941.74815028,-4509222.57420911,2222,-72.673183,-37.501362,1464706,2022,1,2022/08/01 00:00:00+00,8,REGION BIO BIO,8306,NACIMIENTO,50,CHOQUE,40,CHOQUE,1,URBANA,26,OTROS NO CONSIDERADOS,98,OTRAS CAUSAS,14,OTRAS CAUSAS,0,SAN MARTIN,0,0,- SAN MARTIN,560,0,0,0,1,0,1,UNIDIRECCIONAL,1,CONCRETO,1,BUENO,1,SECO,1,DESPEJADO,0,0,0,0,2,20:15:00
-8131610.11410343,-4413422.78116719,2223,-73.047496,-36.815513,1464709,2022,1,2022/08/03 00:00:00+00,8,REGION BIO BIO,8101,CONCEPCION,32,COLISION LATERAL,30,COLISION,1,URBANA,1,TRAMO DE VIA RECTA,97,CAUSAS NO DETERMINADAS,13,CAUSAS NO DETERMINADAS,0,PAICAVI,0,0,- PAICAVI,1265,0,0,0,3,3,3,BIDIRECCIONAL CON BANDEJON,1,CONCRETO,1,BUENO,1,SECO,2,NUBLADO,0,0,0,0,2,11:00:00
-8132303.75698251,-4414438.46792726,2224,-73.053728,-36.822817,1464713,2022,1,2022/07/05 00:00:00+00,8,REGION BIO BIO,8202,ARAUCO,32,COLISION LATERAL,30,COLISION,1,URBANA,1,TRAMO DE VIA RECTA,27,CONDUCCION NO ATENTO CONDICIONES TRANSITO MOMENTO,1,IMPRUDENCIA DEL CONDUCTOR,0,CAUPOLICAN,0,LUIS CRUZ MARTINEZ,CAUPOLICAN - LUIS CRUZ MARTINEZ,0,0,0,0,1,1,2,BIDIRECCIONAL,1,CONCRETO,2,REGULAR,3,MOJADO,4,LLOVIZNA,0,0,0,0,2,08:50:00
-8017091.32340866,-4532538.32429257,2225,-72.018757,-37.667341,1464738,2022,1,2022/08/02 00:00:00+00,8,REGION BIO BIO,8311,SANTA BARBARA,33,COLISION POR ALCANCE,30,COLISION,1,URBANA,14,CRUCE CON SEÑAL PARE,65,SEÑALIZACION DESOBEDECER SEÑAL PARE,10,DESOBEDIENCIA A SEÑALIZACION,0,CAMILO HENRIQUEZ,0,MANUEL RODRIGUEZ,CAMILO HENRIQUEZ - MANUEL RODRIGUEZ,0,0,0,0,1,1,2,BIDIRECCIONAL,1,CONCRETO,1,BUENO,1,SECO,1,DESPEJADO,0,0,1,0,1,12:25:00
-8164899.6734916,-4505745.4469403,2226,-73.346542,-37.476578,1464812,2022,1,2022/08/01 00:00:00+00,8,REGION BIO BIO,8205,CURANILAHUE,10,ATROPELLO,10,ATROPELLO,1,URBANA,1,TRAMO DE VIA RECTA,31,NO RESPETAR DERECHO PREFERENTE DE PASO A PEATON,1,IMPRUDENCIA DEL CONDUCTOR,0,ARTURO PRAT,0,0,- ARTURO PRAT,1205,0,0,0,2,2,3,BIDIRECCIONAL CON BANDEJON,2,ASFALTO,1,BUENO,1,SECO,1,DESPEJADO,0,0,0,1,1,17:16:00
-8139567.18677754,-4402994.26695706,2227,-73.118976,-36.740478,1464816,2022,1,2022/07/25 00:00:00+00,8,REGION BIO BIO,8110,TALCAHUANO,32,COLISION LATERAL,30,COLISION,1,URBANA,11,CRUCE CON SEMAFORO FUNCIONANDO,27,CONDUCCION NO ATENTO CONDICIONES TRANSITO MOMENTO,1,IMPRUDENCIA DEL CONDUCTOR,0,JUAN ANTONIO RIOS,0,0,- JUAN ANTONIO RIOS,101,0,0,0,1,1,2,BIDIRECCIONAL,1,CONCRETO,1,BUENO,1,SECO,1,DESPEJADO,0,0,0,0,2,14:30:00
-8053585.3701866,-4503608.67567489,2228,-72.346588,-37.461343,1464833,2022,1,2022/08/02 00:00:00+00,8,REGION BIO BIO,8301,LOS ANGELES,32,COLISION LATERAL,30,COLISION,1,URBANA,11,CRUCE CON SEMAFORO FUNCIONANDO,27,CONDUCCION NO ATENTO CONDICIONES TRANSITO MOMENTO,1,IMPRUDENCIA DEL CONDUCTOR,0,OROMPELLO,0,LOS ONAS,LOS ONAS - OROMPELLO,0,0,0,0,2,0,1,UNIDIRECCIONAL,1,CONCRETO,1,BUENO,1,SECO,1,DESPEJADO,0,0,0,0,2,08:40:00
-8053176.90557903,-4507305.23800866,2229,-72.342919,-37.487697,1464843,2022,1,2022/08/03 00:00:00+00,8,REGION BIO BIO,8301,LOS ANGELES,32,COLISION LATERAL,30,COLISION,1,URBANA,11,CRUCE CON SEMAFORO FUNCIONANDO,27,CONDUCCION NO ATENTO CONDICIONES TRANSITO MOMENTO,1,IMPRUDENCIA DEL CONDUCTOR,0,LOS CARRERA,0,FRANCISCO ENCINA,FRANCISCO ENCINA - LOS CARRERA,0,0,0,0,2,2,3,BIDIRECCIONAL CON BANDEJON,2,ASFALTO,1,BUENO,1,SECO,1,DESPEJADO,0,0,0,0,2,08:30:00
-8161727.6579973,-4473582.40610937,2230,-73.318047,-37.246935,1464850,2022,1,2022/07/12 00:00:00+00,8,REGION BIO BIO,8202,ARAUCO,53,CHOQUE POSTERIOR,40,CHOQUE,1,URBANA,11,CRUCE CON SEMAFORO FUNCIONANDO,27,CONDUCCION NO ATENTO CONDICIONES TRANSITO MOMENTO,1,IMPRUDENCIA DEL CONDUCTOR,0,ESMERALDA,0,CAUPOLICAN,CAUPOLICAN - ESMERALDA,0,0,0,0,2,0,1,UNIDIRECCIONAL,1,CONCRETO,1,BUENO,1,SECO,1,DESPEJADO,0,0,0,0,2,10:50:00
-8139482.3501936,-4400177.01089741,2231,-73.118214,-36.720195,1464862,2022,1,2022/07/25 00:00:00+00,8,REGION BIO BIO,8110,TALCAHUANO,51,CHOQUE FRONTAL,40,CHOQUE,1,URBANA,1,TRAMO DE VIA RECTA,72,VELOCIDAD NO RAZONABLE NI PRUDENTE,7,VELOCIDAD IMPRUDENTE,0,VALDIVIA,0,0,- VALDIVIA,905,0,0,0,1,1,2,BIDIRECCIONAL,1,CONCRETO,1,BUENO,1,SECO,1,DESPEJADO,0,0,0,1,0,12:00:00
-8054975.04931382,-4504677.70114481,2232,-72.359072,-37.468966,1464907,2022,1,2022/08/03 00:00:00+00,8,REGION BIO BIO,8301,LOS ANGELES,34,COLISION PERPENDICULAR,30,COLISION,1,URBANA,1,TRAMO DE VIA RECTA,27,CONDUCCION NO ATENTO CONDICIONES TRANSITO MOMENTO,1,IMPRUDENCIA DEL CONDUCTOR,0,COLO COLO,0,URENDA,COLO COLO - URENDA,0,0,0,0,2,0,1,UNIDIRECCIONAL,1,CONCRETO,1,BUENO,1,SECO,1,DESPEJADO,0,0,0,0,2,13:40:00
-8056142.87982783,-4505788.63651921,2233,-72.369563,-37.476886,1464921,2022,1,2022/08/03 00:00:00+00,8,REGION BIO BIO,8301,LOS ANGELES,32,COLISION LATERAL,30,COLISION,1,URBANA,15,CRUCE CON SEÑAL CEDA EL PASO,64,SEÑALIZACION DESOBEDECER SEÑAL CEDA EL PASO,10,DESOBEDIENCIA A SEÑALIZACION,0,PADRE HURTADO,0,PATRICIO LYNCH,PADRE HURTADO - PATRICIO LYNCH,0,0,0,0,2,0,1,UNIDIRECCIONAL,2,ASFALTO,1,BUENO,1,SECO,1,DESPEJADO,0,0,0,0,3,18:50:00
-8055214.73130944,-4503829.22346742,2234,-72.361225,-37.462916,1464928,2022,1,2022/08/03 00:00:00+00,8,REGION BIO BIO,8301,LOS ANGELES,34,COLISION PERPENDICULAR,30,COLISION,1,URBANA,14,CRUCE CON SEÑAL PARE,65,SEÑALIZACION DESOBEDECER SEÑAL PARE,10,DESOBEDIENCIA A SEÑALIZACION,0,BOGOTA,0,LOS ATAVALOS,BOGOTA - LOS ATAVALOS,0,0,0,0,1,1,2,BIDIRECCIONAL,1,CONCRETO,1,BUENO,1,SECO,1,DESPEJADO,0,0,0,1,1,14:30:00
-8052238.51566749,-4508092.75484898,2235,-72.334489,-37.49331,1464930,2022,1,2022/08/03 00:00:00+00,8,REGION BIO BIO,8301,LOS ANGELES,52,CHOQUE LATERAL,40,CHOQUE,1,URBANA,1,TRAMO DE VIA RECTA,63,SEÑALIZACION DESOBEDECER INDICACION CARABINERO SERVICIO,10,DESOBEDIENCIA A SEÑALIZACION,0,LAUQUEN,0,PETROHUE,LAUQUEN - PETROHUE,0,0,0,0,2,0,1,UNIDIRECCIONAL,1,CONCRETO,1,BUENO,1,SECO,1,DESPEJADO,0,1,0,0,0,18:45:00
-8130209.20283959,-4412217.92170243,2236,-73.034912,-36.806848,1464943,2022,1,2022/08/04 00:00:00+00,8,REGION BIO BIO,8101,CONCEPCION,65,CHOQUE LADO/LADO,40,CHOQUE,1,URBANA,15,CRUCE CON SEÑAL CEDA EL PASO,27,CONDUCCION NO ATENTO CONDICIONES TRANSITO MOMENTO,1,IMPRUDENCIA DEL CONDUCTOR,0,ALONSO DE RIBERA,0,JOSE MIGUEL GARCIA,ALONSO DE RIBERA - JOSE MIGUEL GARCIA,0,0,0,0,1,1,2,BIDIRECCIONAL,1,CONCRETO,1,BUENO,1,SECO,1,DESPEJADO,0,0,0,0,2,07:30:00
-8132009.5061725,-4413326.30841116,2237,-73.051084,-36.814819,1464959,2022,1,2022/08/04 00:00:00+00,8,REGION BIO BIO,8101,CONCEPCION,32,COLISION LATERAL,30,COLISION,1,URBANA,14,CRUCE CON SEÑAL PARE,97,CAUSAS NO DETERMINADAS,13,CAUSAS NO DETERMINADAS,0,MANUEL RODRIGUEZ,0,ANGOL,ANGOL - MANUEL RODRIGUEZ,0,0,0,0,2,2,3,BIDIRECCIONAL CON BANDEJON,1,CONCRETO,1,BUENO,1,SECO,1,DESPEJADO,0,0,0,0,2,08:02:00
-8161041.59597554,-4473287.25852354,2238,-73.311884,-37.244824,1464963,2022,1,2022/07/20 00:00:00+00,8,REGION BIO BIO,8202,ARAUCO,32,COLISION LATERAL,30,COLISION,1,URBANA,14,CRUCE CON SEÑAL PARE,65,SEÑALIZACION DESOBEDECER SEÑAL PARE,10,DESOBEDIENCIA A SEÑALIZACION,0,KORNER,0,CARLOS CONDELL,CARLOS CONDELL - KORNER,0,0,0,0,1,1,2,BIDIRECCIONAL,1,CONCRETO,1,BUENO,1,SECO,1,DESPEJADO,0,0,0,1,1,17:10:00
-8132118.19852331,-4413404.2735701,2239,-73.052061,-36.81538,1464966,2022,1,2022/08/04 00:00:00+00,8,REGION BIO BIO,8101,CONCEPCION,65,CHOQUE LADO/LADO,40,CHOQUE,1,URBANA,1,TRAMO DE VIA RECTA,97,CAUSAS NO DETERMINADAS,13,CAUSAS NO DETERMINADAS,0,TUCAPEL,0,MANUEL RODRIGUEZ,MANUEL RODRIGUEZ - TUCAPEL,0,0,0,0,2,0,1,UNIDIRECCIONAL,2,ASFALTO,2,REGULAR,1,SECO,1,DESPEJADO,0,0,0,0,2,11:45:00
-8153893.7714717,-4475204.78866834,2240,-73.247674,-37.258535,1464974,2022,1,2022/07/19 00:00:00+00,8,REGION BIO BIO,8202,ARAUCO,50,CHOQUE,40,CHOQUE,1,URBANA,1,TRAMO DE VIA RECTA,27,CONDUCCION NO ATENTO CONDICIONES TRANSITO MOMENTO,1,IMPRUDENCIA DEL CONDUCTOR,0,VICENTE MILLAN,0,0,- VICENTE MILLAN,315,0,0,0,1,1,2,BIDIRECCIONAL,1,CONCRETO,1,BUENO,1,SECO,1,DESPEJADO,0,0,0,0,1,17:50:00
-8132750.42643932,-4413576.54425116,2241,-73.05774,-36.816619,1464975,2022,1,2022/08/04 00:00:00+00,8,REGION BIO BIO,8101,CONCEPCION,51,CHOQUE FRONTAL,40,CHOQUE,1,URBANA,1,TRAMO DE VIA RECTA,24,CONDUCCION EN ESTADO DE EBRIEDAD,4,ALCOHOL EN CONDUCTOR,0,CAUPOLICAN,0,VICUÑA MACKENNA,CAUPOLICAN - VICUÑA MACKENNA,0,0,0,0,2,0,1,UNIDIRECCIONAL,1,CONCRETO,1,BUENO,1,SECO,1,DESPEJADO,0,0,0,1,0,01:15:00
-8135721.87760707,-4408932.32965406,2242,-73.084433,-36.783212,1464983,2022,1,2022/08/04 00:00:00+00,8,REGION BIO BIO,8110,TALCAHUANO,50,CHOQUE,40,CHOQUE,1,URBANA,16,CRUCE SIN SEÑALIZACION,28,CONDUCCION SIN MANTENER DISTANCIA RAZONABLE NI PRUDENTE,1,IMPRUDENCIA DEL CONDUCTOR,0,O'HIGGINS,0,ARTEAGA ALEMPARTE,ARTEAGA ALEMPARTE - O'HIGGINS,0,0,0,0,1,1,2,BIDIRECCIONAL,1,CONCRETO,1,BUENO,1,SECO,1,DESPEJADO,0,0,0,0,2,15:40:00
-8051556.33869596,-4505153.85599181,2243,-72.328361,-37.47236,1464990,2022,1,2022/08/04 00:00:00+00,8,REGION BIO BIO,8301,LOS ANGELES,52,CHOQUE LATERAL,40,CHOQUE,1,URBANA,1,TRAMO DE VIA RECTA,95,PERDIDA CONTROL VEHICULO,9,PERDIDA CONTROL VEHICULO,0,GABRIELA MISTRAL,0,0,- GABRIELA MISTRAL,1751,0,0,0,2,0,1,UNIDIRECCIONAL,1,CONCRETO,1,BUENO,1,SECO,2,NUBLADO,0,0,0,0,1,02:20:00
-8170620.48231101,-4551486.82882046,2244,-73.397933,-37.801958,1464994,2022,1,2022/07/28 00:00:00+00,8,REGION BIO BIO,8203,CAÑETE,30,COLISION,30,COLISION,1,URBANA,1,TRAMO DE VIA RECTA,27,CONDUCCION NO ATENTO CONDICIONES TRANSITO MOMENTO,1,IMPRUDENCIA DEL CONDUCTOR,0,SEGUNDO DE LINEA,0,ESMERALDA,ESMERALDA - SEGUNDO DE LINEA,0,0,0,0,1,0,1,UNIDIRECCIONAL,2,ASFALTO,1,BUENO,1,SECO,1,DESPEJADO,0,0,0,0,2,14:31:00
-8054070.57845112,-4504429.08475819,2245,-72.350947,-37.467193,1464996,2022,1,2022/08/04 00:00:00+00,8,REGION BIO BIO,8301,LOS ANGELES,62,CHOQUE FRENTE/LADO,40,CHOQUE,1,URBANA,1,TRAMO DE VIA RECTA,27,CONDUCCION NO ATENTO CONDICIONES TRANSITO MOMENTO,1,IMPRUDENCIA DEL CONDUCTOR,0,COLON,0,0,- COLON,575,0,0,0,2,0,1,UNIDIRECCIONAL,2,ASFALTO,3,MALO,3,MOJADO,1,DESPEJADO,0,0,0,0,2,14:50:00
-8052825.4254188,-4504023.53544197,2246,-72.339762,-37.464301,1464999,2022,1,2022/08/04 00:00:00+00,8,REGION BIO BIO,8301,LOS ANGELES,53,CHOQUE POSTERIOR,40,CHOQUE,1,URBANA,14,CRUCE CON SEÑAL PARE,27,CONDUCCION NO ATENTO CONDICIONES TRANSITO MOMENTO,1,IMPRUDENCIA DEL CONDUCTOR,0,COMANDANTE LUIS SOTO,0,MARCONI,COMANDANTE LUIS SOTO - MARCONI,0,0,0,0,2,2,3,BIDIRECCIONAL CON BANDEJON,2,ASFALTO,1,BUENO,1,SECO,1,DESPEJADO,0,0,0,0,2,14:15:00
-8169923.66682644,-4550571.14691766,2247,-73.391673,-37.795459,1465002,2022,1,2022/07/28 00:00:00+00,8,REGION BIO BIO,8203,CAÑETE,10,ATROPELLO,10,ATROPELLO,1,URBANA,1,TRAMO DE VIA RECTA,27,CONDUCCION NO ATENTO CONDICIONES TRANSITO MOMENTO,1,IMPRUDENCIA DEL CONDUCTOR,0,PRESIDENTE EDUARDO FREI,0,LOS ALERCES,LOS ALERCES - PRESIDENTE EDUARDO FREI,0,0,0,0,1,1,2,BIDIRECCIONAL,1,CONCRETO,1,BUENO,2,HUMEDO,1,DESPEJADO,0,1,0,0,1,19:00:00
-8053022.08243124,-4507179.01802477,2248,-72.341528,-37.486797,1465005,2022,1,2022/08/04 00:00:00+00,8,REGION BIO BIO,8301,LOS ANGELES,30,COLISION,30,COLISION,1,URBANA,14,CRUCE CON SEÑAL PARE,65,SEÑALIZACION DESOBEDECER SEÑAL PARE,10,DESOBEDIENCIA A SEÑALIZACION,0,SANTIAGO BARRERA,0,LOS GLADIOLOS,LOS GLADIOLOS - SANTIAGO BARRERA,0,0,0,0,2,0,1,UNIDIRECCIONAL,1,CONCRETO,1,BUENO,1,SECO,1,DESPEJADO,0,0,0,0,2,15:45:00
-8053192.04502978,-4506854.22284968,2249,-72.343055,-37.484482,1465011,2022,1,2022/08/04 00:00:00+00,8,REGION BIO BIO,8301,LOS ANGELES,32,COLISION LATERAL,30,COLISION,1,URBANA,14,CRUCE CON SEÑAL PARE,27,CONDUCCION NO ATENTO CONDICIONES TRANSITO MOMENTO,1,IMPRUDENCIA DEL CONDUCTOR,0,BALBINO SANHUEZA,0,TENIENTE MERINO,BALBINO SANHUEZA - TENIENTE MERINO,0,0,0,0,1,0,1,UNIDIRECCIONAL,2,ASFALTO,1,BUENO,1,SECO,1,DESPEJADO,0,0,0,0,2,18:00:00