X,Y,FID,POINT_X,POINT_Y,Idaccident,Año,Claseaccid,Fecha,Cód_Regi,Región,Cód_Comun,Comuna,Cód_Tipo,Tipo_Accid,Cód_Tip_1,Tipo__CONA,Cód_Zona,Zona,Cód_Ubica,Ubicación,Cód_Causa,Causa,Cód_Cau_1,Causa__CON,Cód_Calle,Calle_Uno,Cód_Cal_1,Calle_Dos,Intersecci,Número,Ruta,Cód_Ruta,Ubicaci_1,Pistas_de,Pistas_d_1,Cód_Calza,Calzada,Cód__Tipo,Tipo_Calza,Cód_Estad,Estado_Cal,Cód_Condi,Condición,Cód_Est_1,Estado_Atm,Fallecidos,Graves,Menos_Grav,Leves,Ilesos,Hora_1
-8132289.85317811,-4415838.6256381,2250,-73.053603,-36.832885,1465028,2022,1,2022/08/02 00:00:00+00,8,REGION BIO BIO,8101,CONCEPCION,10,ATROPELLO,10,ATROPELLO,1,URBANA,11,CRUCE CON SEMAFORO FUNCIONANDO,31,NO RESPETAR DERECHO PREFERENTE DE PASO A PEATON,1,IMPRUDENCIA DEL CONDUCTOR,0,SALAS,0,CHACABUCO,CHACABUCO - SALAS,0,0,0,0,2,0,1,UNIDIRECCIONAL,1,CONCRETO,1,BUENO,1,SECO,1,DESPEJADO,0,0,0,0,2,15:38:00
-8130956.83567171,-4414626.17777562,2251,-73.041628,-36.824167,1465032,2022,1,2022/08/02 00:00:00+00,8,REGION BIO BIO,8101,CONCEPCION,32,COLISION LATERAL,30,COLISION,1,URBANA,11,CRUCE CON SEMAFORO FUNCIONANDO,28,CONDUCCION SIN MANTENER DISTANCIA RAZONABLE NI PRUDENTE,1,IMPRUDENCIA DEL CONDUCTOR,0,PAICAVI,0,BERNARDO O'HIGGINS,BERNARDO O'HIGGINS - PAICAVI,0,0,0,0,3,3,3,BIDIRECCIONAL CON BANDEJON,1,CONCRETO,1,BUENO,1,SECO,1,DESPEJADO,0,0,0,0,2,08:55:00
-8131248.21443886,-4414421.96107794,2252,-73.044246,-36.822698,1465037,2022,1,2022/08/02 00:00:00+00,8,REGION BIO BIO,8101,CONCEPCION,34,COLISION PERPENDICULAR,30,COLISION,1,URBANA,14,CRUCE CON SEÑAL PARE,24,CONDUCCION EN ESTADO DE EBRIEDAD,4,ALCOHOL EN CONDUCTOR,0,ONGOLMO,0,FREIRE,FREIRE - ONGOLMO,0,0,0,0,2,0,1,UNIDIRECCIONAL,1,CONCRETO,1,BUENO,1,SECO,1,DESPEJADO,0,0,0,2,0,23:33:00
-8131455.97000453,-4415403.18269031,2253,-73.046112,-36.829754,1465039,2022,1,2022/08/03 00:00:00+00,8,REGION BIO BIO,8101,CONCEPCION,32,COLISION LATERAL,30,COLISION,1,URBANA,1,TRAMO DE VIA RECTA,29,CONDUCCION CAMBIAR SORPRESIVAMENTE PISTA CIRCULACION,1,IMPRUDENCIA DEL CONDUCTOR,0,COLO COLO,0,CHACABUCO,CHACABUCO - COLO COLO,0,0,0,0,2,0,1,UNIDIRECCIONAL,1,CONCRETO,1,BUENO,1,SECO,2,NUBLADO,0,0,0,0,2,16:40:00
-8132168.5038012,-4417409.54772223,2254,-73.052513,-36.844179,1465046,2022,1,2022/08/03 00:00:00+00,8,REGION BIO BIO,8101,CONCEPCION,34,COLISION PERPENDICULAR,30,COLISION,1,URBANA,11,CRUCE CON SEMAFORO FUNCIONANDO,62,SEÑALIZACION DESOBEDECER LUZ ROJA DE SEMAFORO,10,DESOBEDIENCIA A SEÑALIZACION,0,PEDRO DE VALDIVIA,0,ARTURO JUNGE,ARTURO JUNGE - PEDRO DE VALDIVIA,0,0,0,0,2,2,3,BIDIRECCIONAL CON BANDEJON,1,CONCRETO,1,BUENO,1,SECO,2,NUBLADO,0,0,0,0,2,21:50:00
-8131967.98400243,-4412609.1725354,2255,-73.050711,-36.809662,1465049,2022,1,2022/08/04 00:00:00+00,8,REGION BIO BIO,8101,CONCEPCION,32,COLISION LATERAL,30,COLISION,1,URBANA,1,TRAMO DE VIA RECTA,29,CONDUCCION CAMBIAR SORPRESIVAMENTE PISTA CIRCULACION,1,IMPRUDENCIA DEL CONDUCTOR,0,PAICAVI,0,EJERCITO,EJERCITO - PAICAVI,0,0,0,0,3,3,3,BIDIRECCIONAL CON BANDEJON,1,CONCRETO,1,BUENO,1,SECO,2,NUBLADO,0,0,0,0,2,11:15:00
-8162047.95756816,-4474072.94329408,2256,-73.320924,-37.250442,1465050,2022,1,2022/07/28 00:00:00+00,8,REGION BIO BIO,8202,ARAUCO,50,CHOQUE,40,CHOQUE,1,URBANA,1,TRAMO DE VIA RECTA,24,CONDUCCION EN ESTADO DE EBRIEDAD,4,ALCOHOL EN CONDUCTOR,0,ARTURO PRAT,0,LAS GARDENIAS,ARTURO PRAT - LAS GARDENIAS,0,0,0,0,2,2,2,BIDIRECCIONAL,1,CONCRETO,1,BUENO,3,MOJADO,3,LLUVIA,0,0,0,0,1,00:30:00
-8162047.4009707,-4473451.75201024,2257,-73.320919,-37.246,1465063,2022,1,2022/07/31 00:00:00+00,8,REGION BIO BIO,8202,ARAUCO,32,COLISION LATERAL,30,COLISION,1,URBANA,1,TRAMO DE VIA RECTA,28,CONDUCCION SIN MANTENER DISTANCIA RAZONABLE NI PRUDENTE,1,IMPRUDENCIA DEL CONDUCTOR,0,CARLOS CONDELL,0,ARTURO PRAT,ARTURO PRAT - CARLOS CONDELL,0,0,0,0,2,0,1,UNIDIRECCIONAL,1,CONCRETO,1,BUENO,1,SECO,1,DESPEJADO,0,0,0,0,2,19:42:00
-8132101.40041215,-4417514.96015526,2258,-73.05191,-36.844937,1465075,2022,1,2022/08/04 00:00:00+00,8,REGION BIO BIO,8101,CONCEPCION,53,CHOQUE POSTERIOR,40,CHOQUE,1,URBANA,1,TRAMO DE VIA RECTA,24,CONDUCCION EN ESTADO DE EBRIEDAD,4,ALCOHOL EN CONDUCTOR,0,PEDRO DE VALDIVIA,0,0,- PEDRO DE VALDIVIA,190,0,0,0,2,2,3,BIDIRECCIONAL CON BANDEJON,1,CONCRETO,1,BUENO,1,SECO,2,NUBLADO,0,0,0,1,1,08:00:00
-8131667.9000511,-4415001.35707806,2259,-73.048016,-36.826865,1465080,2022,1,2022/08/04 00:00:00+00,8,REGION BIO BIO,8101,CONCEPCION,10,ATROPELLO,10,ATROPELLO,1,URBANA,11,CRUCE CON SEMAFORO FUNCIONANDO,51,PEATON PERMANECE SOBRE LA CALZADA,2,IMPRUDENCIA DEL PEATON,0,BERNARDO O'HIGGINS,0,COLO COLO,BERNARDO O'HIGGINS - COLO COLO,0,0,0,0,1,1,2,BIDIRECCIONAL,1,CONCRETO,1,BUENO,1,SECO,2,NUBLADO,0,1,0,0,1,09:30:00
-8126939.45996432,-4415867.29047854,2260,-73.005539,-36.833091,1465088,2022,1,2022/08/04 00:00:00+00,8,REGION BIO BIO,8101,CONCEPCION,32,COLISION LATERAL,30,COLISION,1,URBANA,16,CRUCE SIN SEÑALIZACION,1,FALLAS MECANICAS FRENOS,12,FALLAS MECANICAS,0,CAMINO NONGUEN,0,30 DE OCTUBRE,30 DE OCTUBRE - CAMINO NONGUEN,0,0,0,0,1,1,2,BIDIRECCIONAL,1,CONCRETO,1,BUENO,1,SECO,2,NUBLADO,0,0,0,0,2,10:00:00
-8091398.06312469,-4509785.69833585,2261,-72.686266,-37.505376,1465117,2022,1,2022/08/04 00:00:00+00,8,REGION BIO BIO,8306,NACIMIENTO,50,CHOQUE,40,CHOQUE,1,URBANA,1,TRAMO DE VIA RECTA,27,CONDUCCION NO ATENTO CONDICIONES TRANSITO MOMENTO,1,IMPRUDENCIA DEL CONDUCTOR,0,JOSE ZAVALA RIOS,0,BARTOLOME SEPULVEDA,BARTOLOME SEPULVEDA - JOSE ZAVALA RIOS,0,0,0,0,1,1,2,BIDIRECCIONAL,2,ASFALTO,2,REGULAR,3,MOJADO,3,LLUVIA,0,0,0,2,2,07:30:00
-8094156.53784265,-4478638.49443204,2262,-72.711045,-37.283082,1465128,2022,1,2022/07/23 00:00:00+00,8,REGION BIO BIO,8304,LAJA,70,VOLCADURA,70,VOLCADURA,2,RURAL,1,TRAMO DE VIA RECTA,29,CONDUCCION CAMBIAR SORPRESIVAMENTE PISTA CIRCULACION,1,IMPRUDENCIA DEL CONDUCTOR,0,ALESSANDRI,0,0,- ALESSANDRI,65,0,0,0,1,1,2,BIDIRECCIONAL,2,ASFALTO,1,BUENO,3,MOJADO,3,LLUVIA,0,0,0,1,1,16:30:00
-8077858.54062628,-4451511.374828,2263,-72.564638,-37.088942,1465134,2022,1,2022/07/30 00:00:00+00,8,REGION BIO BIO,8313,YUMBEL,51,CHOQUE FRONTAL,40,CHOQUE,1,URBANA,1,TRAMO DE VIA RECTA,72,VELOCIDAD NO RAZONABLE NI PRUDENTE,7,VELOCIDAD IMPRUDENTE,0,GENERAL CRUZ,0,0,- GENERAL CRUZ,1794,0,0,0,2,0,1,UNIDIRECCIONAL,1,CONCRETO,1,BUENO,1,SECO,1,DESPEJADO,0,0,0,0,1,21:10:00
-8164624.6809535,-4506450.81016897,2264,-73.344071,-37.481606,1465238,2022,1,2022/08/03 00:00:00+00,8,REGION BIO BIO,8205,CURANILAHUE,33,COLISION POR ALCANCE,30,COLISION,1,URBANA,1,TRAMO DE VIA RECTA,27,CONDUCCION NO ATENTO CONDICIONES TRANSITO MOMENTO,1,IMPRUDENCIA DEL CONDUCTOR,0,IGNACIO SERRANO,0,LAS HERAS,IGNACIO SERRANO - LAS HERAS,0,0,0,0,1,1,2,BIDIRECCIONAL,1,CONCRETO,1,BUENO,1,SECO,1,DESPEJADO,0,0,0,0,2,13:15:00
-8138582.43229808,-4409419.79897769,2265,-73.11013,-36.78672,1465253,2022,1,2022/08/05 00:00:00+00,8,REGION BIO BIO,8112,HUALPEN,30,COLISION,30,COLISION,1,URBANA,14,CRUCE CON SEÑAL PARE,65,SEÑALIZACION DESOBEDECER SEÑAL PARE,10,DESOBEDIENCIA A SEÑALIZACION,0,GRAN BRETAÑA,0,GRECIA,GRAN BRETAÑA - GRECIA,0,0,0,0,1,1,2,BIDIRECCIONAL,1,CONCRETO,1,BUENO,1,SECO,1,DESPEJADO,0,0,0,0,2,01:50:00
-8164760.86921853,-4506017.73082375,2266,-73.345295,-37.478519,1465260,2022,1,2022/08/05 00:00:00+00,8,REGION BIO BIO,8205,CURANILAHUE,33,COLISION POR ALCANCE,30,COLISION,1,URBANA,1,TRAMO DE VIA RECTA,27,CONDUCCION NO ATENTO CONDICIONES TRANSITO MOMENTO,1,IMPRUDENCIA DEL CONDUCTOR,0,SARGENTO ALDEA,0,0,- SARGENTO ALDEA,861,0,0,0,1,1,2,BIDIRECCIONAL,1,CONCRETO,1,BUENO,3,MOJADO,2,NUBLADO,0,0,0,0,2,13:20:00
-8131526.19033932,-4414928.44236902,2267,-73.046743,-36.82634,1465285,2022,1,2022/08/04 00:00:00+00,8,REGION BIO BIO,8101,CONCEPCION,20,CAIDA,20,CAIDA,1,URBANA,11,CRUCE CON SEMAFORO FUNCIONANDO,41,PASAJERO SUBE O DESCIENDE DE VEHICULO MOVIMIENTO,3,IMPRUDENCIA DEL PASAJERO,0,BERNARDO O'HIGGINS,0,CASTELLON,BERNARDO O'HIGGINS - CASTELLON,0,0,0,0,3,0,1,UNIDIRECCIONAL,1,CONCRETO,1,BUENO,1,SECO,1,DESPEJADO,0,0,0,1,1,13:30:00
-8135793.28906041,-4410930.12117274,2268,-73.085075,-36.797585,1465286,2022,1,2022/08/05 00:00:00+00,8,REGION BIO BIO,8112,HUALPEN,30,COLISION,30,COLISION,1,URBANA,1,TRAMO DE VIA RECTA,28,CONDUCCION SIN MANTENER DISTANCIA RAZONABLE NI PRUDENTE,1,IMPRUDENCIA DEL CONDUCTOR,0,CRISTOBAL COLON,0,0,- CRISTOBAL COLON,8831,0,0,0,2,2,2,BIDIRECCIONAL,1,CONCRETO,1,BUENO,1,SECO,1,DESPEJADO,0,0,0,0,2,12:20:00
-8127403.31715051,-4431641.29211114,2269,-73.009706,-36.946422,1465291,2022,1,2022/08/03 00:00:00+00,8,REGION BIO BIO,8103,CHIGUAYANTE,32,COLISION LATERAL,30,COLISION,1,URBANA,1,TRAMO DE VIA RECTA,98,OTRAS CAUSAS,14,OTRAS CAUSAS,0,O'HIGGINS,0,CALLE UNO,CALLE UNO - O'HIGGINS,0,0,0,0,1,1,2,BIDIRECCIONAL,1,CONCRETO,1,BUENO,1,SECO,1,DESPEJADO,0,0,0,0,2,19:01:00
-8133085.62055805,-4415011.17549971,2270,-73.060751,-36.826935,1465296,2022,1,2022/08/05 00:00:00+00,8,REGION BIO BIO,8101,CONCEPCION,33,COLISION POR ALCANCE,30,COLISION,1,URBANA,1,TRAMO DE VIA RECTA,27,CONDUCCION NO ATENTO CONDICIONES TRANSITO MOMENTO,1,IMPRUDENCIA DEL CONDUCTOR,0,LOS CARRERA,0,ARTURO PRAT,ARTURO PRAT - LOS CARRERA,0,0,0,0,3,3,3,BIDIRECCIONAL CON BANDEJON,1,CONCRETO,2,REGULAR,3,MOJADO,3,LLUVIA,0,0,0,0,2,01:10:00
-8132088.28697614,-4414855.33346279,2271,-73.051792,-36.825815,1465298,2022,1,2022/08/05 00:00:00+00,8,REGION BIO BIO,8101,CONCEPCION,32,COLISION LATERAL,30,COLISION,1,URBANA,11,CRUCE CON SEMAFORO FUNCIONANDO,27,CONDUCCION NO ATENTO CONDICIONES TRANSITO MOMENTO,1,IMPRUDENCIA DEL CONDUCTOR,0,CAUPOLICAN,0,FREIRE,CAUPOLICAN - FREIRE,0,0,0,0,3,0,1,UNIDIRECCIONAL,1,CONCRETO,1,BUENO,3,MOJADO,3,LLUVIA,0,0,0,0,2,14:45:00
-8121379.15158674,-4384800.23255364,2272,-72.95559,-36.609394,1465322,2022,1,2022/08/04 00:00:00+00,8,REGION BIO BIO,8111,TOME,33,COLISION POR ALCANCE,30,COLISION,1,URBANA,1,TRAMO DE VIA RECTA,28,CONDUCCION SIN MANTENER DISTANCIA RAZONABLE NI PRUDENTE,1,IMPRUDENCIA DEL CONDUCTOR,0,VICENTE PALACIOS,0,LEON LUCO,LEON LUCO - VICENTE PALACIOS,0,0,0,0,1,1,2,BIDIRECCIONAL,1,CONCRETO,1,BUENO,1,SECO,1,DESPEJADO,0,0,0,0,2,14:40:00
-8053982.66944924,-4503789.96881858,2273,-72.350157,-37.462636,1465323,2022,1,2022/08/04 00:00:00+00,8,REGION BIO BIO,8301,LOS ANGELES,30,COLISION,30,COLISION,1,URBANA,15,CRUCE CON SEÑAL CEDA EL PASO,27,CONDUCCION NO ATENTO CONDICIONES TRANSITO MOMENTO,1,IMPRUDENCIA DEL CONDUCTOR,0,COLON,0,JANEQUEO,COLON - JANEQUEO,0,0,0,0,1,0,1,UNIDIRECCIONAL,1,CONCRETO,1,BUENO,2,HUMEDO,4,LLOVIZNA,0,0,0,0,2,08:00:00
-8054878.05664149,-4506355.27951665,2274,-72.358201,-37.480925,1465327,2022,1,2022/08/04 00:00:00+00,8,REGION BIO BIO,8301,LOS ANGELES,32,COLISION LATERAL,30,COLISION,1,URBANA,15,CRUCE CON SEÑAL CEDA EL PASO,27,CONDUCCION NO ATENTO CONDICIONES TRANSITO MOMENTO,1,IMPRUDENCIA DEL CONDUCTOR,0,VICUÑA MACKENNA,0,BLANCO ENCALADA,BLANCO ENCALADA - VICUÑA MACKENNA,0,0,0,0,2,0,1,UNIDIRECCIONAL,2,ASFALTO,1,BUENO,3,MOJADO,2,NUBLADO,0,0,0,1,1,09:45:00
-8053773.74502892,-4505200.78817822,2275,-72.348281,-37.472695,1465332,2022,1,2022/08/04 00:00:00+00,8,REGION BIO BIO,8301,LOS ANGELES,32,COLISION LATERAL,30,COLISION,1,URBANA,11,CRUCE CON SEMAFORO FUNCIONANDO,27,CONDUCCION NO ATENTO CONDICIONES TRANSITO MOMENTO,1,IMPRUDENCIA DEL CONDUCTOR,0,RICARDO VICUÑA,0,LOS CARRERA,LOS CARRERA - RICARDO VICUÑA,0,0,0,0,2,0,1,UNIDIRECCIONAL,1,CONCRETO,1,BUENO,1,SECO,1,DESPEJADO,0,0,0,1,1,15:45:00
-8135058.8809838,-4412454.96460003,2276,-73.078477,-36.808552,1465335,2022,1,2022/08/05 00:00:00+00,8,REGION BIO BIO,8112,HUALPEN,30,COLISION,30,COLISION,1,URBANA,1,TRAMO DE VIA RECTA,27,CONDUCCION NO ATENTO CONDICIONES TRANSITO MOMENTO,1,IMPRUDENCIA DEL CONDUCTOR,0,21 DE MAYO,0,0,- 21 DE MAYO,3225,0,0,0,2,2,3,BIDIRECCIONAL CON BANDEJON,1,CONCRETO,1,BUENO,1,SECO,1,DESPEJADO,0,0,0,0,2,09:00:00
-8054269.04997126,-4504618.0079893,2277,-72.35273,-37.46854,1465339,2022,1,2022/08/05 00:00:00+00,8,REGION BIO BIO,8301,LOS ANGELES,67,CHOQUE POSTERIOR/FRENTE,40,CHOQUE,1,URBANA,11,CRUCE CON SEMAFORO FUNCIONANDO,27,CONDUCCION NO ATENTO CONDICIONES TRANSITO MOMENTO,1,IMPRUDENCIA DEL CONDUCTOR,0,VALDIVIA,0,0,- VALDIVIA,440,0,0,0,2,0,1,UNIDIRECCIONAL,2,ASFALTO,1,BUENO,3,MOJADO,3,LLUVIA,0,0,0,0,2,11:00:00
-8135826.66264375,-4416730.86022329,2278,-73.085374,-36.8393,1465347,2022,1,2022/08/06 00:00:00+00,8,REGION BIO BIO,8108,SAN PEDRO DE LA PAZ,32,COLISION LATERAL,30,COLISION,1,URBANA,1,TRAMO DE VIA RECTA,27,CONDUCCION NO ATENTO CONDICIONES TRANSITO MOMENTO,1,IMPRUDENCIA DEL CONDUCTOR,0,PEDRO AGUIRRE CERDA,0,SAN PEDRO,PEDRO AGUIRRE CERDA - SAN PEDRO,0,0,0,0,2,2,3,BIDIRECCIONAL CON BANDEJON,1,CONCRETO,1,BUENO,3,MOJADO,3,LLUVIA,0,0,0,1,1,11:00:00
-8055910.09964063,-4504338.15877731,2279,-72.367472,-37.466545,1465362,2022,1,2022/08/05 00:00:00+00,8,REGION BIO BIO,8301,LOS ANGELES,32,COLISION LATERAL,30,COLISION,1,URBANA,1,TRAMO DE VIA RECTA,27,CONDUCCION NO ATENTO CONDICIONES TRANSITO MOMENTO,1,IMPRUDENCIA DEL CONDUCTOR,0,LAS AZALEAS,0,LOS CANELOS,LAS AZALEAS - LOS CANELOS,0,0,0,0,1,1,2,BIDIRECCIONAL,2,ASFALTO,1,BUENO,3,MOJADO,3,LLUVIA,0,0,0,1,2,13:15:00
-8054335.97524912,-4504828.2820057,2280,-72.353331,-37.470039,1465368,2022,1,2022/08/05 00:00:00+00,8,REGION BIO BIO,8301,LOS ANGELES,52,CHOQUE LATERAL,40,CHOQUE,1,URBANA,11,CRUCE CON SEMAFORO FUNCIONANDO,27,CONDUCCION NO ATENTO CONDICIONES TRANSITO MOMENTO,1,IMPRUDENCIA DEL CONDUCTOR,0,LAUTARO,0,VALDIVIA,LAUTARO - VALDIVIA,0,0,0,0,2,0,1,UNIDIRECCIONAL,1,CONCRETO,2,REGULAR,3,MOJADO,4,LLOVIZNA,0,0,0,0,1,19:10:00
-8132177.509548,-4414569.21642859,2281,-73.052594,-36.823757,1465379,2022,1,2022/08/06 00:00:00+00,8,REGION BIO BIO,8101,CONCEPCION,34,COLISION PERPENDICULAR,30,COLISION,1,URBANA,11,CRUCE CON SEMAFORO FUNCIONANDO,62,SEÑALIZACION DESOBEDECER LUZ ROJA DE SEMAFORO,10,DESOBEDIENCIA A SEÑALIZACION,0,LOS CARRERA,0,ANIBAL PINTO,ANIBAL PINTO - LOS CARRERA,0,0,0,0,3,3,3,BIDIRECCIONAL CON BANDEJON,1,CONCRETO,1,BUENO,3,MOJADO,3,LLUVIA,0,0,0,2,1,08:00:00
-8121457.06409834,-4387595.81759497,2282,-72.95629,-36.62955,1465384,2022,1,2022/08/05 00:00:00+00,8,REGION BIO BIO,8111,TOME,34,COLISION PERPENDICULAR,30,COLISION,1,URBANA,14,CRUCE CON SEÑAL PARE,65,SEÑALIZACION DESOBEDECER SEÑAL PARE,10,DESOBEDIENCIA A SEÑALIZACION,0,LATORRE,0,LOS SUSPIROS,LATORRE - LOS SUSPIROS,0,0,0,0,1,1,2,BIDIRECCIONAL,1,CONCRETO,1,BUENO,1,SECO,1,DESPEJADO,0,0,0,0,2,17:30:00
-8133484.32244628,-4415043.34271511,2283,-73.064333,-36.827167,1465386,2022,1,2022/08/04 00:00:00+00,8,REGION BIO BIO,8103,CHIGUAYANTE,62,CHOQUE FRENTE/LADO,40,CHOQUE,1,URBANA,1,TRAMO DE VIA RECTA,97,CAUSAS NO DETERMINADAS,13,CAUSAS NO DETERMINADAS,0,DESIDERIO SANHUEZA,0,RICARDO CLARO,DESIDERIO SANHUEZA - RICARDO CLARO,0,0,0,0,2,2,2,BIDIRECCIONAL,1,CONCRETO,1,BUENO,2,HUMEDO,4,LLOVIZNA,0,2,0,0,1,22:05:00
-8135604.89195419,-4411335.3382094,2284,-73.083382,-36.800499,1465388,2022,1,2022/08/05 00:00:00+00,8,REGION BIO BIO,8112,HUALPEN,33,COLISION POR ALCANCE,30,COLISION,1,URBANA,1,TRAMO DE VIA RECTA,97,CAUSAS NO DETERMINADAS,13,CAUSAS NO DETERMINADAS,0,JORGE ALESSANDRI RODRIGUEZ,0,CRISTOBAL COLON,CRISTOBAL COLON - JORGE ALESSANDRI RODRIGUEZ,0,0,0,0,2,2,3,BIDIRECCIONAL CON BANDEJON,1,CONCRETO,1,BUENO,3,MOJADO,3,LLUVIA,0,0,0,0,2,20:52:00
-8131245.9323893,-4409465.66847226,2285,-73.044225,-36.78705,1465390,2022,1,2022/08/05 00:00:00+00,8,REGION BIO BIO,8101,CONCEPCION,33,COLISION POR ALCANCE,30,COLISION,1,URBANA,1,TRAMO DE VIA RECTA,97,CAUSAS NO DETERMINADAS,13,CAUSAS NO DETERMINADAS,0,BARTOLOME DE LAS CASAS,0,0,- BARTOLOME DE LAS CASAS,1689,0,0,0,1,1,2,BIDIRECCIONAL,1,CONCRETO,1,BUENO,3,MOJADO,3,LLUVIA,0,0,0,0,2,08:30:00
-8128258.68498581,-4432588.27679479,2286,-73.01739,-36.95322,1465392,2022,1,2022/08/05 00:00:00+00,8,REGION BIO BIO,8103,CHIGUAYANTE,33,COLISION POR ALCANCE,30,COLISION,1,URBANA,2,TRAMO DE VIA CURVA HORIZONTAL,97,CAUSAS NO DETERMINADAS,13,CAUSAS NO DETERMINADAS,0,21 DE MAYO,0,ENRIQUE BARRAZA,21 DE MAYO - ENRIQUE BARRAZA,0,0,0,0,3,3,3,BIDIRECCIONAL CON BANDEJON,1,CONCRETO,1,BUENO,2,HUMEDO,1,DESPEJADO,0,0,0,0,2,17:50:00
-8128395.36305661,-4430841.60830308,2287,-73.018618,-36.94068,1465393,2022,1,2022/08/05 00:00:00+00,8,REGION BIO BIO,8103,CHIGUAYANTE,32,COLISION LATERAL,30,COLISION,1,URBANA,14,CRUCE CON SEÑAL PARE,97,CAUSAS NO DETERMINADAS,13,CAUSAS NO DETERMINADAS,0,MANUEL BULNES,0,SERRANO,MANUEL BULNES - SERRANO,0,0,0,0,2,2,3,BIDIRECCIONAL CON BANDEJON,2,ASFALTO,1,BUENO,3,MOJADO,3,LLUVIA,0,0,0,1,1,16:00:00
-8133353.33280146,-4414467.3932178,2288,-73.063156,-36.823025,1465395,2022,1,2022/08/05 00:00:00+00,8,REGION BIO BIO,8101,CONCEPCION,32,COLISION LATERAL,30,COLISION,1,URBANA,1,TRAMO DE VIA RECTA,97,CAUSAS NO DETERMINADAS,13,CAUSAS NO DETERMINADAS,0,ARTURO PRAT,0,CRUZ,ARTURO PRAT - CRUZ,0,0,0,0,3,0,1,UNIDIRECCIONAL,1,CONCRETO,2,REGULAR,2,HUMEDO,2,NUBLADO,0,0,0,0,2,17:30:00
-8132715.26061218,-4413004.94280523,2289,-73.057424,-36.812508,1465396,2022,1,2022/08/05 00:00:00+00,8,REGION BIO BIO,8101,CONCEPCION,32,COLISION LATERAL,30,COLISION,1,URBANA,11,CRUCE CON SEMAFORO FUNCIONANDO,97,CAUSAS NO DETERMINADAS,13,CAUSAS NO DETERMINADAS,0,EJERCITO,0,ANIBAL PINTO,ANIBAL PINTO - EJERCITO,0,0,0,0,2,1,2,BIDIRECCIONAL,1,CONCRETO,2,REGULAR,3,MOJADO,3,LLUVIA,0,0,0,1,1,11:05:00
-8133259.27896369,-4413955.92780086,2290,-73.062311,-36.819347,1465397,2022,1,2022/08/05 00:00:00+00,8,REGION BIO BIO,8101,CONCEPCION,32,COLISION LATERAL,30,COLISION,1,URBANA,14,CRUCE CON SEÑAL PARE,21,CONDUCCION BAJO LA INFLUENCIA DEL ALCOHOL,4,ALCOHOL EN CONDUCTOR,0,MANUEL RODRIGUEZ,0,SALAS,MANUEL RODRIGUEZ - SALAS,0,0,0,0,2,2,3,BIDIRECCIONAL CON BANDEJON,1,CONCRETO,1,BUENO,3,MOJADO,4,LLOVIZNA,0,0,0,0,2,23:50:00
-8130477.03753444,-4423870.08307957,2291,-73.037318,-36.890609,1465400,2022,1,2022/08/05 00:00:00+00,8,REGION BIO BIO,8103,CHIGUAYANTE,70,VOLCADURA,70,VOLCADURA,1,URBANA,1,TRAMO DE VIA RECTA,97,CAUSAS NO DETERMINADAS,13,CAUSAS NO DETERMINADAS,0,COSTANERA,0,MIRAFLORES,COSTANERA - MIRAFLORES,0,0,0,0,2,2,3,BIDIRECCIONAL CON BANDEJON,1,CONCRETO,1,BUENO,2,HUMEDO,4,LLOVIZNA,0,1,0,2,0,23:40:00
-8051274.01020341,-4504779.16345815,2292,-72.325825,-37.469689,1465450,2022,1,2022/08/05 00:00:00+00,8,REGION BIO BIO,8301,LOS ANGELES,32,COLISION LATERAL,30,COLISION,1,URBANA,1,TRAMO DE VIA RECTA,27,CONDUCCION NO ATENTO CONDICIONES TRANSITO MOMENTO,1,IMPRUDENCIA DEL CONDUCTOR,0,LAS INDUSTRIAS,0,0,- LAS INDUSTRIAS,502,0,0,0,1,1,2,BIDIRECCIONAL,2,ASFALTO,2,REGULAR,3,MOJADO,3,LLUVIA,0,0,0,1,1,10:00:00
-8055839.41176398,-4504181.83469373,2293,-72.366837,-37.46543,1465451,2022,1,2022/08/05 00:00:00+00,8,REGION BIO BIO,8301,LOS ANGELES,32,COLISION LATERAL,30,COLISION,1,URBANA,11,CRUCE CON SEMAFORO FUNCIONANDO,27,CONDUCCION NO ATENTO CONDICIONES TRANSITO MOMENTO,1,IMPRUDENCIA DEL CONDUCTOR,0,GALVARINO,0,LAS AZALEAS,GALVARINO - LAS AZALEAS,0,0,0,0,2,0,1,UNIDIRECCIONAL,1,CONCRETO,1,BUENO,3,MOJADO,3,LLUVIA,0,0,0,1,1,19:20:00
-8054374.70329997,-4503332.89227777,2294,-72.353679,-37.459377,1465453,2022,1,2022/08/05 00:00:00+00,8,REGION BIO BIO,8301,LOS ANGELES,51,CHOQUE FRONTAL,40,CHOQUE,1,URBANA,11,CRUCE CON SEMAFORO FUNCIONANDO,24,CONDUCCION EN ESTADO DE EBRIEDAD,4,ALCOHOL EN CONDUCTOR,0,MENDOZA,0,LAUTARO,LAUTARO - MENDOZA,0,0,0,0,2,0,1,UNIDIRECCIONAL,2,ASFALTO,3,MALO,3,MOJADO,3,LLUVIA,0,1,0,0,0,02:50:00