X,Y,FID,POINT_X,POINT_Y,Idaccident,Año,Claseaccid,Fecha,Cód_Regi,Región,Cód_Comun,Comuna,Cód_Tipo,Tipo_Accid,Cód_Tip_1,Tipo__CONA,Cód_Zona,Zona,Cód_Ubica,Ubicación,Cód_Causa,Causa,Cód_Cau_1,Causa__CON,Cód_Calle,Calle_Uno,Cód_Cal_1,Calle_Dos,Intersecci,Número,Ruta,Cód_Ruta,Ubicaci_1,Pistas_de,Pistas_d_1,Cód_Calza,Calzada,Cód__Tipo,Tipo_Calza,Cód_Estad,Estado_Cal,Cód_Condi,Condición,Cód_Est_1,Estado_Atm,Fallecidos,Graves,Menos_Grav,Leves,Ilesos,Hora_1
-8051270.78193818,-4507291.76998195,2295,-72.325796,-37.487601,1465458,2022,1,2022/08/05 00:00:00+00,8,REGION BIO BIO,8301,LOS ANGELES,67,CHOQUE POSTERIOR/FRENTE,40,CHOQUE,1,URBANA,1,TRAMO DE VIA RECTA,27,CONDUCCION NO ATENTO CONDICIONES TRANSITO MOMENTO,1,IMPRUDENCIA DEL CONDUCTOR,0,LAS INDUSTRIAS,0,0,- LAS INDUSTRIAS,2420,0,0,0,1,1,2,BIDIRECCIONAL,2,ASFALTO,1,BUENO,3,MOJADO,3,LLUVIA,0,0,0,0,2,11:10:00
-8056529.34770402,-4506184.51889123,2296,-72.373035,-37.479708,1465467,2022,1,2022/08/06 00:00:00+00,8,REGION BIO BIO,8301,LOS ANGELES,67,CHOQUE POSTERIOR/FRENTE,40,CHOQUE,1,URBANA,1,TRAMO DE VIA RECTA,27,CONDUCCION NO ATENTO CONDICIONES TRANSITO MOMENTO,1,IMPRUDENCIA DEL CONDUCTOR,0,LA CONSTITUCION,0,0,- LA CONSTITUCION,1687,0,0,0,1,2,2,BIDIRECCIONAL,2,ASFALTO,1,BUENO,2,HUMEDO,3,LLUVIA,0,0,0,0,2,22:45:00
-8054590.66311211,-4505059.26288697,2297,-72.355619,-37.471686,1465470,2022,1,2022/08/06 00:00:00+00,8,REGION BIO BIO,8301,LOS ANGELES,66,CHOQUE LADO/POSTERIOR,40,CHOQUE,1,URBANA,1,TRAMO DE VIA RECTA,27,CONDUCCION NO ATENTO CONDICIONES TRANSITO MOMENTO,1,IMPRUDENCIA DEL CONDUCTOR,0,ERCILLA,0,0,- ERCILLA,190,0,0,0,2,0,1,UNIDIRECCIONAL,2,ASFALTO,1,BUENO,1,SECO,3,LLUVIA,0,0,0,0,2,14:00:00
-8134083.02093166,-4410416.51808744,2298,-73.069711,-36.79389,1465487,2022,1,2022/08/06 00:00:00+00,8,REGION BIO BIO,8110,TALCAHUANO,32,COLISION LATERAL,30,COLISION,1,URBANA,1,TRAMO DE VIA RECTA,29,CONDUCCION CAMBIAR SORPRESIVAMENTE PISTA CIRCULACION,1,IMPRUDENCIA DEL CONDUCTOR,0,CAMINO TALCAHUANO,0,0,- CAMINO TALCAHUANO,8720,0,0,0,2,2,3,BIDIRECCIONAL CON BANDEJON,1,CONCRETO,1,BUENO,3,MOJADO,2,NUBLADO,0,0,0,0,2,20:35:00
-8128984.08731562,-4413188.77575898,2299,-73.023906,-36.81383,1465503,2022,1,2022/08/06 00:00:00+00,8,REGION BIO BIO,8101,CONCEPCION,32,COLISION LATERAL,30,COLISION,1,URBANA,1,TRAMO DE VIA RECTA,29,CONDUCCION CAMBIAR SORPRESIVAMENTE PISTA CIRCULACION,1,IMPRUDENCIA DEL CONDUCTOR,0,GENERAL BONILLA,0,0,- GENERAL BONILLA,2700,0,0,0,2,2,2,BIDIRECCIONAL,2,ASFALTO,1,BUENO,3,MOJADO,2,NUBLADO,0,0,0,0,2,18:30:00
-8136392.5552752,-4412282.30886631,2300,-73.090458,-36.807311,1465589,2022,1,2022/08/05 00:00:00+00,8,REGION BIO BIO,8112,HUALPEN,63,CHOQUE FRENTE/POSTERIOR,40,CHOQUE,1,URBANA,1,TRAMO DE VIA RECTA,27,CONDUCCION NO ATENTO CONDICIONES TRANSITO MOMENTO,1,IMPRUDENCIA DEL CONDUCTOR,0,COSTANERA,0,0,- COSTANERA,9781,0,0,0,2,2,3,BIDIRECCIONAL CON BANDEJON,1,CONCRETO,1,BUENO,1,SECO,4,LLOVIZNA,0,0,0,0,2,19:00:00
-8137517.85061178,-4408827.96121689,2301,-73.100567,-36.782462,1465641,2022,1,2022/08/06 00:00:00+00,8,REGION BIO BIO,8112,HUALPEN,50,CHOQUE,40,CHOQUE,1,URBANA,15,CRUCE CON SEÑAL CEDA EL PASO,27,CONDUCCION NO ATENTO CONDICIONES TRANSITO MOMENTO,1,IMPRUDENCIA DEL CONDUCTOR,0,ESCOCIA,0,HOLANDA,ESCOCIA - HOLANDA,0,0,0,0,1,1,2,BIDIRECCIONAL,1,CONCRETO,1,BUENO,1,SECO,3,LLUVIA,0,0,0,0,1,03:25:00
-8136645.53994997,-4404614.15951074,2302,-73.092731,-36.752138,1465651,2022,1,2022/08/02 00:00:00+00,8,REGION BIO BIO,8110,TALCAHUANO,67,CHOQUE POSTERIOR/FRENTE,40,CHOQUE,1,URBANA,1,TRAMO DE VIA RECTA,27,CONDUCCION NO ATENTO CONDICIONES TRANSITO MOMENTO,1,IMPRUDENCIA DEL CONDUCTOR,0,CRISTOBAL COLON,0,0,- CRISTOBAL COLON,559,0,0,0,1,0,1,UNIDIRECCIONAL,1,CONCRETO,1,BUENO,1,SECO,1,DESPEJADO,0,0,0,0,2,10:00:00
-8138867.17642358,-4400457.03366455,2303,-73.112688,-36.722211,1465676,2022,1,2022/08/04 00:00:00+00,8,REGION BIO BIO,8110,TALCAHUANO,10,ATROPELLO,10,ATROPELLO,1,URBANA,1,TRAMO DE VIA RECTA,31,NO RESPETAR DERECHO PREFERENTE DE PASO A PEATON,1,IMPRUDENCIA DEL CONDUCTOR,0,COLON,0,0,- COLON,1798,0,0,0,1,0,1,UNIDIRECCIONAL,1,CONCRETO,1,BUENO,1,SECO,1,DESPEJADO,0,0,0,1,1,20:38:00
-8137289.82376684,-4403020.06338932,2304,-73.098518,-36.740664,1465678,2022,1,2022/08/07 00:00:00+00,8,REGION BIO BIO,8110,TALCAHUANO,30,COLISION,30,COLISION,1,URBANA,1,TRAMO DE VIA RECTA,27,CONDUCCION NO ATENTO CONDICIONES TRANSITO MOMENTO,1,IMPRUDENCIA DEL CONDUCTOR,0,AUTOPISTA CONCEPCION TALCAHUANO,0,0,- AUTOPISTA CONCEPCION TALCAHUANO,3177,0,0,0,2,2,3,BIDIRECCIONAL CON BANDEJON,1,CONCRETO,1,BUENO,1,SECO,4,LLOVIZNA,0,0,0,0,2,17:00:00
-8129901.23746832,-4412947.22539106,2305,-73.032145,-36.812093,1465689,2022,1,2022/08/05 00:00:00+00,8,REGION BIO BIO,8101,CONCEPCION,67,CHOQUE POSTERIOR/FRENTE,40,CHOQUE,1,URBANA,1,TRAMO DE VIA RECTA,97,CAUSAS NO DETERMINADAS,13,CAUSAS NO DETERMINADAS,0,BAQUEDANO,0,0,- BAQUEDANO,164,0,0,0,1,1,2,BIDIRECCIONAL,2,ASFALTO,2,REGULAR,3,MOJADO,3,LLUVIA,0,0,1,1,1,21:20:00
-8119385.85365264,-4463620.65973305,2306,-72.937684,-37.175666,1465691,2022,1,2022/07/18 00:00:00+00,8,REGION BIO BIO,8109,SANTA JUANA,30,COLISION,30,COLISION,1,URBANA,16,CRUCE SIN SEÑALIZACION,91,VIRAJES INDEBIDOS,1,IMPRUDENCIA DEL CONDUCTOR,0,CALLE B,0,PASAJE UNO,CALLE B - PASAJE UNO,0,0,0,0,2,0,1,UNIDIRECCIONAL,2,ASFALTO,2,REGULAR,2,HUMEDO,1,DESPEJADO,0,0,0,2,0,18:15:00
-8135456.38062152,-4406604.4712271,2307,-73.082048,-36.766463,1465692,2022,1,2022/08/02 00:00:00+00,8,REGION BIO BIO,8110,TALCAHUANO,32,COLISION LATERAL,30,COLISION,1,URBANA,1,TRAMO DE VIA RECTA,32,NO RESPETAR DERECHO PREFERENTE DE PASO A VEHICULO,1,IMPRUDENCIA DEL CONDUCTOR,0,JAIME REPULLO,0,CARRIEL NORTE,CARRIEL NORTE - JAIME REPULLO,0,0,0,0,1,1,2,BIDIRECCIONAL,1,CONCRETO,1,BUENO,1,SECO,1,DESPEJADO,0,0,0,0,2,19:00:00
-8131881.91177215,-4413860.31236031,2308,-73.049938,-36.81866,1465697,2022,1,2022/08/06 00:00:00+00,8,REGION BIO BIO,8101,CONCEPCION,32,COLISION LATERAL,30,COLISION,1,URBANA,11,CRUCE CON SEMAFORO FUNCIONANDO,97,CAUSAS NO DETERMINADAS,13,CAUSAS NO DETERMINADAS,0,TUCAPEL,0,MANUEL BULNES,MANUEL BULNES - TUCAPEL,0,0,0,0,3,0,1,UNIDIRECCIONAL,1,CONCRETO,2,REGULAR,2,HUMEDO,4,LLOVIZNA,0,0,0,0,2,06:30:00
-8131973.01564342,-4412805.67931138,2309,-73.050757,-36.811075,1465706,2022,1,2022/08/08 00:00:00+00,8,REGION BIO BIO,8101,CONCEPCION,68,CHOQUE POSTERIOR/LADO,40,CHOQUE,1,URBANA,1,TRAMO DE VIA RECTA,97,CAUSAS NO DETERMINADAS,13,CAUSAS NO DETERMINADAS,0,BRASIL,0,0,- BRASIL,1253,0,0,0,2,0,1,UNIDIRECCIONAL,3,ADOQUIN,2,REGULAR,1,SECO,2,NUBLADO,0,0,0,0,2,12:30:00
-8131952.78889194,-4414786.61961487,2310,-73.050575,-36.825321,1465745,2022,1,2022/08/07 00:00:00+00,8,REGION BIO BIO,8101,CONCEPCION,10,ATROPELLO,10,ATROPELLO,1,URBANA,11,CRUCE CON SEMAFORO FUNCIONANDO,31,NO RESPETAR DERECHO PREFERENTE DE PASO A PEATON,1,IMPRUDENCIA DEL CONDUCTOR,0,ANIBAL PINTO,0,FREIRE,ANIBAL PINTO - FREIRE,0,0,0,0,2,0,1,UNIDIRECCIONAL,1,CONCRETO,1,BUENO,3,MOJADO,3,LLUVIA,0,0,0,2,1,15:55:00
-8131959.56824893,-4414425.81313736,2311,-73.050636,-36.822726,1465759,2022,1,2022/08/07 00:00:00+00,8,REGION BIO BIO,8101,CONCEPCION,53,CHOQUE POSTERIOR,40,CHOQUE,1,URBANA,11,CRUCE CON SEMAFORO FUNCIONANDO,24,CONDUCCION EN ESTADO DE EBRIEDAD,4,ALCOHOL EN CONDUCTOR,0,LOS CARRERA,0,COLO COLO,COLO COLO - LOS CARRERA,0,0,0,0,3,3,3,BIDIRECCIONAL CON BANDEJON,1,CONCRETO,1,BUENO,3,MOJADO,2,NUBLADO,0,0,0,1,1,05:30:00
-8130972.54285186,-4413903.36423246,2312,-73.041769,-36.818969,1465768,2022,1,2022/08/07 00:00:00+00,8,REGION BIO BIO,8101,CONCEPCION,30,COLISION,30,COLISION,1,URBANA,11,CRUCE CON SEMAFORO FUNCIONANDO,23,CONDUCCION CONTRA SENTIDO DEL TRANSITO,1,IMPRUDENCIA DEL CONDUCTOR,0,LOS CARRERA,0,LAUTARO,LAUTARO - LOS CARRERA,0,0,0,0,3,3,3,BIDIRECCIONAL CON BANDEJON,1,CONCRETO,1,BUENO,3,MOJADO,2,NUBLADO,0,0,0,0,2,19:00:00
-8121743.06613409,-4385322.04864805,2313,-72.958859,-36.613156,1465805,2022,1,2022/08/07 00:00:00+00,8,REGION BIO BIO,8111,TOME,62,CHOQUE FRENTE/LADO,40,CHOQUE,1,URBANA,1,TRAMO DE VIA RECTA,97,CAUSAS NO DETERMINADAS,13,CAUSAS NO DETERMINADAS,0,ALBERTO BLEST GANA,0,0,- ALBERTO BLEST GANA,2334,0,0,0,1,1,2,BIDIRECCIONAL,1,CONCRETO,1,BUENO,1,SECO,1,DESPEJADO,0,0,0,0,2,06:30:00
-8144516.85208837,-4438081.64468054,2314,-73.16344,-36.992645,1465836,2022,1,2022/07/16 00:00:00+00,8,REGION BIO BIO,8102,CORONEL,30,COLISION,30,COLISION,1,URBANA,11,CRUCE CON SEMAFORO FUNCIONANDO,62,SEÑALIZACION DESOBEDECER LUZ ROJA DE SEMAFORO,10,DESOBEDIENCIA A SEÑALIZACION,0,JUAN ANTONIO RIOS,0,LOS MOLINEROS,JUAN ANTONIO RIOS - LOS MOLINEROS,0,0,0,0,2,0,1,UNIDIRECCIONAL,1,CONCRETO,1,BUENO,2,HUMEDO,1,DESPEJADO,0,0,0,2,0,09:00:00
-8091879.64237381,-4508469.13730485,2315,-72.690592,-37.495993,1465838,2022,1,2022/08/05 00:00:00+00,8,REGION BIO BIO,8306,NACIMIENTO,10,ATROPELLO,10,ATROPELLO,1,URBANA,1,TRAMO DE VIA RECTA,27,CONDUCCION NO ATENTO CONDICIONES TRANSITO MOMENTO,1,IMPRUDENCIA DEL CONDUCTOR,0,JULIO HEMMELMANN,0,0,- JULIO HEMMELMANN,1270,0,0,0,1,1,2,BIDIRECCIONAL,2,ASFALTO,1,BUENO,3,MOJADO,4,LLOVIZNA,0,0,0,1,1,13:30:00
-8131605.73924744,-4414428.74737852,2316,-73.047457,-36.822747,1465846,2022,1,2022/08/08 00:00:00+00,8,REGION BIO BIO,8101,CONCEPCION,32,COLISION LATERAL,30,COLISION,1,URBANA,1,TRAMO DE VIA RECTA,27,CONDUCCION NO ATENTO CONDICIONES TRANSITO MOMENTO,1,IMPRUDENCIA DEL CONDUCTOR,0,MAIPU,0,TUCAPEL,MAIPU - TUCAPEL,0,0,0,0,2,0,1,UNIDIRECCIONAL,1,CONCRETO,1,BUENO,1,SECO,2,NUBLADO,0,0,0,0,2,13:30:00
-8142002.1559233,-4399048.20329486,2317,-73.14085,-36.712066,1465870,2022,1,2022/01/30 00:00:00+00,8,REGION BIO BIO,8110,TALCAHUANO,99,OTRO TIPO,99,OTRO TIPO,1,URBANA,1,TRAMO DE VIA RECTA,72,VELOCIDAD NO RAZONABLE NI PRUDENTE,7,VELOCIDAD IMPRUDENTE,0,BAHIA INGLESA,0,0,- BAHIA INGLESA,139,0,0,0,1,1,2,BIDIRECCIONAL,1,CONCRETO,1,BUENO,1,SECO,1,DESPEJADO,0,0,0,0,2,10:30:00
-8143317.80758914,-4450607.41919104,2318,-73.152669,-37.082464,1465877,2022,1,2022/08/01 00:00:00+00,8,REGION BIO BIO,8106,LOTA,10,ATROPELLO,10,ATROPELLO,1,URBANA,1,TRAMO DE VIA RECTA,52,PEATON CRUZA CALZADA FORMA SORPRESIVA O DESCUIDADA,2,IMPRUDENCIA DEL PEATON,0,LA PAZ,0,0,- LA PAZ,668,0,0,0,1,2,2,BIDIRECCIONAL,2,ASFALTO,1,BUENO,1,SECO,1,DESPEJADO,0,0,1,0,1,08:10:00
-8135573.9340038,-4407379.30670724,2319,-73.083104,-36.772038,1465900,2022,1,2022/08/05 00:00:00+00,8,REGION BIO BIO,8110,TALCAHUANO,32,COLISION LATERAL,30,COLISION,1,URBANA,1,TRAMO DE VIA RECTA,29,CONDUCCION CAMBIAR SORPRESIVAMENTE PISTA CIRCULACION,1,IMPRUDENCIA DEL CONDUCTOR,0,SANTA MARIA,0,0,- SANTA MARIA,3177,0,0,0,1,1,2,BIDIRECCIONAL,1,CONCRETO,1,BUENO,1,SECO,1,DESPEJADO,0,0,0,0,2,18:10:00
-8143745.41914913,-4451816.21336112,2320,-73.15651,-37.091126,1465910,2022,1,2022/08/01 00:00:00+00,8,REGION BIO BIO,8106,LOTA,32,COLISION LATERAL,30,COLISION,1,URBANA,1,TRAMO DE VIA RECTA,27,CONDUCCION NO ATENTO CONDICIONES TRANSITO MOMENTO,1,IMPRUDENCIA DEL CONDUCTOR,0,SERRANO,0,0,- SERRANO,699,0,0,0,2,0,1,UNIDIRECCIONAL,2,ASFALTO,1,BUENO,1,SECO,1,DESPEJADO,0,0,0,0,2,17:10:00
-8143980.42572614,-4452280.32610667,2321,-73.158621,-37.094452,1465919,2022,1,2022/08/02 00:00:00+00,8,REGION BIO BIO,8106,LOTA,32,COLISION LATERAL,30,COLISION,1,URBANA,26,OTROS NO CONSIDERADOS,98,OTRAS CAUSAS,14,OTRAS CAUSAS,0,DUARTE,0,0,- DUARTE,43,0,0,0,1,0,1,UNIDIRECCIONAL,2,ASFALTO,2,REGULAR,1,SECO,1,DESPEJADO,0,0,0,0,2,12:45:00
-8142839.23396627,-4451746.42236841,2322,-73.148369,-37.090626,1465959,2022,1,2022/08/06 00:00:00+00,8,REGION BIO BIO,8106,LOTA,51,CHOQUE FRONTAL,40,CHOQUE,1,URBANA,2,TRAMO DE VIA CURVA HORIZONTAL,24,CONDUCCION EN ESTADO DE EBRIEDAD,4,ALCOHOL EN CONDUCTOR,0,FERNANDO MAIRA,0,CURVA 21 DE MAYO,CURVA 21 DE MAYO - FERNANDO MAIRA,0,0,0,0,1,2,2,BIDIRECCIONAL,2,ASFALTO,1,BUENO,3,MOJADO,3,LLUVIA,0,0,0,1,0,06:05:00
-8144476.89952313,-4451594.17047128,2323,-73.163081,-37.089535,1465967,2022,1,2022/08/05 00:00:00+00,8,REGION BIO BIO,8106,LOTA,67,CHOQUE POSTERIOR/FRENTE,40,CHOQUE,1,URBANA,1,TRAMO DE VIA RECTA,27,CONDUCCION NO ATENTO CONDICIONES TRANSITO MOMENTO,1,IMPRUDENCIA DEL CONDUCTOR,0,EL CHIFLON,0,0,- EL CHIFLON,228,0,0,0,1,1,2,BIDIRECCIONAL,1,CONCRETO,1,BUENO,2,HUMEDO,2,NUBLADO,0,0,0,0,2,23:30:00
-8135575.11399041,-4410014.74165776,2324,-73.083115,-36.791,1466003,2022,1,2022/08/08 00:00:00+00,8,REGION BIO BIO,8112,HUALPEN,50,CHOQUE,40,CHOQUE,1,URBANA,1,TRAMO DE VIA RECTA,98,OTRAS CAUSAS,14,OTRAS CAUSAS,0,NUEVA VIA,0,0,- NUEVA VIA,7921,0,0,0,1,1,3,BIDIRECCIONAL CON BANDEJON,1,CONCRETO,1,BUENO,1,SECO,1,DESPEJADO,0,0,0,0,1,23:30:00
-8133467.94734918,-4409875.58372646,2325,-73.064186,-36.789999,1466059,2022,1,2022/08/06 00:00:00+00,8,REGION BIO BIO,8110,TALCAHUANO,51,CHOQUE FRONTAL,40,CHOQUE,1,URBANA,1,TRAMO DE VIA RECTA,95,PERDIDA CONTROL VEHICULO,9,PERDIDA CONTROL VEHICULO,0,PRESIDENTE JORGE ALESSANDRI RODRIGUEZ,0,0,- PRESIDENTE JORGE ALESSANDRI RODRIGUEZ,3177,0,0,0,1,1,2,BIDIRECCIONAL,1,CONCRETO,1,BUENO,1,SECO,1,DESPEJADO,0,0,0,0,1,08:48:00
-8133467.94734918,-4409875.58372646,2326,-73.064186,-36.789999,1466083,2022,1,2022/08/06 00:00:00+00,8,REGION BIO BIO,8110,TALCAHUANO,63,CHOQUE FRENTE/POSTERIOR,40,CHOQUE,1,URBANA,1,TRAMO DE VIA RECTA,28,CONDUCCION SIN MANTENER DISTANCIA RAZONABLE NI PRUDENTE,1,IMPRUDENCIA DEL CONDUCTOR,0,PRESIDENTE JORGE ALESSANDRI RODRIGUEZ,0,0,- PRESIDENTE JORGE ALESSANDRI RODRIGUEZ,3177,0,0,0,1,1,2,BIDIRECCIONAL,1,CONCRETO,1,BUENO,1,SECO,1,DESPEJADO,0,0,0,0,4,08:48:00
-8142579.11371214,-4418694.90510864,2327,-73.146033,-36.853419,1466104,2022,1,2022/08/01 00:00:00+00,8,REGION BIO BIO,8108,SAN PEDRO DE LA PAZ,33,COLISION POR ALCANCE,30,COLISION,1,URBANA,14,CRUCE CON SEÑAL PARE,28,CONDUCCION SIN MANTENER DISTANCIA RAZONABLE NI PRUDENTE,1,IMPRUDENCIA DEL CONDUCTOR,0,TUCAPEL,0,GALVARINO,GALVARINO - TUCAPEL,0,0,0,0,1,1,2,BIDIRECCIONAL,1,CONCRETO,1,BUENO,1,SECO,1,DESPEJADO,0,0,0,0,2,08:05:00
-8142579.11371214,-4418694.90510864,2328,-73.146033,-36.853419,1466110,2022,1,2022/08/01 00:00:00+00,8,REGION BIO BIO,8108,SAN PEDRO DE LA PAZ,34,COLISION PERPENDICULAR,30,COLISION,1,URBANA,14,CRUCE CON SEÑAL PARE,65,SEÑALIZACION DESOBEDECER SEÑAL PARE,10,DESOBEDIENCIA A SEÑALIZACION,0,TUCAPEL,0,GALVARINO,GALVARINO - TUCAPEL,0,0,0,0,1,1,2,BIDIRECCIONAL,1,CONCRETO,1,BUENO,2,HUMEDO,1,DESPEJADO,0,0,0,0,2,21:50:00
-8141432.11107485,-4418864.84076484,2329,-73.135729,-36.85464,1466112,2022,1,2022/08/03 00:00:00+00,8,REGION BIO BIO,8108,SAN PEDRO DE LA PAZ,63,CHOQUE FRENTE/POSTERIOR,40,CHOQUE,1,URBANA,1,TRAMO DE VIA RECTA,97,CAUSAS NO DETERMINADAS,13,CAUSAS NO DETERMINADAS,0,TUCAPEL,0,0,- TUCAPEL,323,0,0,0,1,1,2,BIDIRECCIONAL,1,CONCRETO,1,BUENO,1,SECO,1,DESPEJADO,0,0,0,0,2,17:15:00
-8051270.78193818,-4507291.76998195,2330,-72.325796,-37.487601,1466128,2022,1,2022/08/06 00:00:00+00,8,REGION BIO BIO,8301,LOS ANGELES,67,CHOQUE POSTERIOR/FRENTE,40,CHOQUE,1,URBANA,1,TRAMO DE VIA RECTA,27,CONDUCCION NO ATENTO CONDICIONES TRANSITO MOMENTO,1,IMPRUDENCIA DEL CONDUCTOR,0,LAS INDUSTRIAS,0,0,- LAS INDUSTRIAS,2420,0,0,0,1,1,2,BIDIRECCIONAL,2,ASFALTO,1,BUENO,3,MOJADO,3,LLUVIA,0,0,0,0,2,10:50:00
-8054326.07894639,-4504303.97933979,2331,-72.353242,-37.466301,1466154,2022,1,2022/08/06 00:00:00+00,8,REGION BIO BIO,8301,LOS ANGELES,32,COLISION LATERAL,30,COLISION,1,URBANA,11,CRUCE CON SEMAFORO FUNCIONANDO,27,CONDUCCION NO ATENTO CONDICIONES TRANSITO MOMENTO,1,IMPRUDENCIA DEL CONDUCTOR,0,TUCAPEL,0,MENDOZA,MENDOZA - TUCAPEL,0,0,0,0,2,0,1,UNIDIRECCIONAL,1,CONCRETO,1,BUENO,3,MOJADO,3,LLUVIA,0,0,0,0,2,17:30:00
-8054378.32118342,-4504780.21539494,2332,-72.353712,-37.469696,1466158,2022,1,2022/08/06 00:00:00+00,8,REGION BIO BIO,8301,LOS ANGELES,10,ATROPELLO,10,ATROPELLO,1,URBANA,11,CRUCE CON SEMAFORO FUNCIONANDO,52,PEATON CRUZA CALZADA FORMA SORPRESIVA O DESCUIDADA,2,IMPRUDENCIA DEL PEATON,0,MENDOZA,0,COLO COLO,COLO COLO - MENDOZA,0,0,0,0,2,0,1,UNIDIRECCIONAL,1,CONCRETO,1,BUENO,3,MOJADO,4,LLOVIZNA,0,0,0,1,1,05:00:00
-8053084.220971,-4507484.28023323,2333,-72.342086,-37.488973,1466162,2022,1,2022/08/06 00:00:00+00,8,REGION BIO BIO,8301,LOS ANGELES,63,CHOQUE FRENTE/POSTERIOR,40,CHOQUE,1,URBANA,11,CRUCE CON SEMAFORO FUNCIONANDO,98,OTRAS CAUSAS,14,OTRAS CAUSAS,0,LOS CARRERA,0,0,- LOS CARRERA,1830,0,0,0,2,0,1,UNIDIRECCIONAL,1,CONCRETO,1,BUENO,3,MOJADO,1,DESPEJADO,0,0,0,0,2,22:30:00
-8170571.6687143,-4550875.83462383,2334,-73.397494,-37.797621,1466254,2022,1,2022/08/02 00:00:00+00,8,REGION BIO BIO,8203,CAÑETE,30,COLISION,30,COLISION,1,URBANA,1,TRAMO DE VIA RECTA,27,CONDUCCION NO ATENTO CONDICIONES TRANSITO MOMENTO,1,IMPRUDENCIA DEL CONDUCTOR,0,URIBE,0,VILLAGRAN,URIBE - VILLAGRAN,0,0,0,0,1,1,2,BIDIRECCIONAL,1,CONCRETO,1,BUENO,1,SECO,1,DESPEJADO,0,0,0,3,1,15:00:00
-8170753.35325522,-4551954.63999779,2335,-73.399126,-37.805279,1466263,2022,1,2022/08/04 00:00:00+00,8,REGION BIO BIO,8203,CAÑETE,30,COLISION,30,COLISION,1,URBANA,1,TRAMO DE VIA RECTA,64,SEÑALIZACION DESOBEDECER SEÑAL CEDA EL PASO,10,DESOBEDIENCIA A SEÑALIZACION,0,SEGUNDO DE LINEA,0,LAUTARO,LAUTARO - SEGUNDO DE LINEA,0,0,0,0,1,0,1,UNIDIRECCIONAL,1,CONCRETO,1,BUENO,1,SECO,1,DESPEJADO,0,0,0,1,1,13:55:00
-8170725.7905493,-4550893.78256884,2336,-73.398879,-37.797749,1466320,2022,1,2022/08/05 00:00:00+00,8,REGION BIO BIO,8203,CAÑETE,30,COLISION,30,COLISION,1,URBANA,1,TRAMO DE VIA RECTA,27,CONDUCCION NO ATENTO CONDICIONES TRANSITO MOMENTO,1,IMPRUDENCIA DEL CONDUCTOR,0,SAAVEDRA,0,0,- SAAVEDRA,1051,0,0,0,1,0,1,UNIDIRECCIONAL,2,ASFALTO,1,BUENO,2,HUMEDO,1,DESPEJADO,0,0,0,0,2,16:30:00
-8144450.02699805,-4438962.25774807,2337,-73.162839,-36.998963,1466328,2022,1,2022/07/12 00:00:00+00,8,REGION BIO BIO,8102,CORONEL,30,COLISION,30,COLISION,1,URBANA,1,TRAMO DE VIA RECTA,27,CONDUCCION NO ATENTO CONDICIONES TRANSITO MOMENTO,1,IMPRUDENCIA DEL CONDUCTOR,0,JUAN ANTONIO RIOS,0,DARIO SALAS,DARIO SALAS - JUAN ANTONIO RIOS,0,0,0,0,2,0,1,UNIDIRECCIONAL,2,ASFALTO,2,REGULAR,2,HUMEDO,4,LLOVIZNA,0,0,0,1,3,22:00:00
-8141879.11449013,-4399127.49436197,2338,-73.139745,-36.712637,1466356,2022,1,2022/08/02 00:00:00+00,8,REGION BIO BIO,8110,TALCAHUANO,31,COLISION FRONTAL,30,COLISION,1,URBANA,1,TRAMO DE VIA RECTA,29,CONDUCCION CAMBIAR SORPRESIVAMENTE PISTA CIRCULACION,1,IMPRUDENCIA DEL CONDUCTOR,0,PUNTA CORRALILLO,0,0,- PUNTA CORRALILLO,1334,0,0,0,1,1,2,BIDIRECCIONAL,1,CONCRETO,1,BUENO,1,SECO,1,DESPEJADO,0,1,0,2,1,19:45:00
-8139228.99816451,-4401209.49151988,2339,-73.115938,-36.727629,1466381,2022,1,2022/08/06 00:00:00+00,8,REGION BIO BIO,8110,TALCAHUANO,51,CHOQUE FRONTAL,40,CHOQUE,1,URBANA,1,TRAMO DE VIA RECTA,24,CONDUCCION EN ESTADO DE EBRIEDAD,4,ALCOHOL EN CONDUCTOR,0,IGNACIO DIAZ,0,0,- IGNACIO DIAZ,137,0,0,0,1,1,2,BIDIRECCIONAL,1,CONCRETO,1,BUENO,1,SECO,1,DESPEJADO,0,0,0,0,1,22:30:00
-8094417.87147923,-4476995.06139948,2340,-72.713393,-37.271334,1466403,2022,1,2022/08/04 00:00:00+00,8,REGION BIO BIO,8304,LAJA,30,COLISION,30,COLISION,1,URBANA,14,CRUCE CON SEÑAL PARE,27,CONDUCCION NO ATENTO CONDICIONES TRANSITO MOMENTO,1,IMPRUDENCIA DEL CONDUCTOR,0,LOS RIOS,0,LAVANDEROS,LAVANDEROS - LOS RIOS,0,0,0,0,1,1,2,BIDIRECCIONAL,2,ASFALTO,1,BUENO,1,SECO,1,DESPEJADO,0,0,1,1,1,11:25:00
-8077282.51792117,-4453156.24508323,2341,-72.559463,-37.100728,1466407,2022,1,2022/08/05 00:00:00+00,8,REGION BIO BIO,8313,YUMBEL,51,CHOQUE FRONTAL,40,CHOQUE,1,URBANA,1,TRAMO DE VIA RECTA,27,CONDUCCION NO ATENTO CONDICIONES TRANSITO MOMENTO,1,IMPRUDENCIA DEL CONDUCTOR,0,ANIBAL PINTO,0,0,- ANIBAL PINTO,571,0,0,0,2,0,1,UNIDIRECCIONAL,1,CONCRETO,1,BUENO,1,SECO,2,NUBLADO,0,0,0,1,0,11:30:00