X,Y,FID,POINT_X,POINT_Y,Idaccident,Año,Claseaccid,Fecha,Cód_Regi,Región,Cód_Comun,Comuna,Cód_Tipo,Tipo_Accid,Cód_Tip_1,Tipo__CONA,Cód_Zona,Zona,Cód_Ubica,Ubicación,Cód_Causa,Causa,Cód_Cau_1,Causa__CON,Cód_Calle,Calle_Uno,Cód_Cal_1,Calle_Dos,Intersecci,Número,Ruta,Cód_Ruta,Ubicaci_1,Pistas_de,Pistas_d_1,Cód_Calza,Calzada,Cód__Tipo,Tipo_Calza,Cód_Estad,Estado_Cal,Cód_Condi,Condición,Cód_Est_1,Estado_Atm,Fallecidos,Graves,Menos_Grav,Leves,Ilesos,Hora_1
-8130892.69338112,-4415128.26018069,2342,-73.041052,-36.827777,1466411,2022,1,2022/08/05 00:00:00+00,8,REGION BIO BIO,8101,CONCEPCION,10,ATROPELLO,10,ATROPELLO,1,URBANA,11,CRUCE CON SEMAFORO FUNCIONANDO,31,NO RESPETAR DERECHO PREFERENTE DE PASO A PEATON,1,IMPRUDENCIA DEL CONDUCTOR,0,ONGOLMO,0,CHACABUCO,CHACABUCO - ONGOLMO,0,0,0,0,2,0,1,UNIDIRECCIONAL,1,CONCRETO,1,BUENO,3,MOJADO,3,LLUVIA,0,0,0,1,1,16:30:00
-8132357.29052564,-4416066.66694211,2343,-73.054209,-36.834525,1466414,2022,1,2022/08/09 00:00:00+00,8,REGION BIO BIO,8101,CONCEPCION,31,COLISION FRONTAL,30,COLISION,1,URBANA,14,CRUCE CON SEÑAL PARE,27,CONDUCCION NO ATENTO CONDICIONES TRANSITO MOMENTO,1,IMPRUDENCIA DEL CONDUCTOR,0,VICTOR LAMAS,0,SERRANO,SERRANO - VICTOR LAMAS,0,0,0,0,2,0,1,UNIDIRECCIONAL,1,CONCRETO,1,BUENO,1,SECO,1,DESPEJADO,0,0,0,0,2,19:00:00
-8119335.13649264,-4463625.08855812,2344,-72.937229,-37.175697,1466417,2022,1,2022/07/16 00:00:00+00,8,REGION BIO BIO,8109,SANTA JUANA,30,COLISION,30,COLISION,1,URBANA,1,TRAMO DE VIA RECTA,27,CONDUCCION NO ATENTO CONDICIONES TRANSITO MOMENTO,1,IMPRUDENCIA DEL CONDUCTOR,0,IRARRAZAVAL,0,0,- IRARRAZAVAL,183,0,0,0,2,0,1,UNIDIRECCIONAL,1,CONCRETO,2,REGULAR,1,SECO,1,DESPEJADO,0,0,0,1,1,14:10:00
-8131033.91328714,-4414129.62581994,2345,-73.04232,-36.820596,1466418,2022,1,2022/08/09 00:00:00+00,8,REGION BIO BIO,8101,CONCEPCION,32,COLISION LATERAL,30,COLISION,1,URBANA,11,CRUCE CON SEMAFORO FUNCIONANDO,29,CONDUCCION CAMBIAR SORPRESIVAMENTE PISTA CIRCULACION,1,IMPRUDENCIA DEL CONDUCTOR,0,MAIPU,0,JANEQUEO,JANEQUEO - MAIPU,0,0,0,0,2,0,1,UNIDIRECCIONAL,1,CONCRETO,1,BUENO,1,SECO,1,DESPEJADO,0,0,0,1,1,18:30:00
-8128554.54992844,-4414727.12638059,2346,-73.020048,-36.824893,1466420,2022,1,2022/08/09 00:00:00+00,8,REGION BIO BIO,8101,CONCEPCION,50,CHOQUE,40,CHOQUE,1,URBANA,1,TRAMO DE VIA RECTA,27,CONDUCCION NO ATENTO CONDICIONES TRANSITO MOMENTO,1,IMPRUDENCIA DEL CONDUCTOR,0,LOS LIRIOS,0,0,- LOS LIRIOS,1007,0,0,0,1,1,2,BIDIRECCIONAL,1,CONCRETO,1,BUENO,2,HUMEDO,5,NEBLINA,0,0,0,0,2,19:00:00
-8133467.94734918,-4409875.58372646,2347,-73.064186,-36.789999,1466422,2022,1,2022/08/07 00:00:00+00,8,REGION BIO BIO,8110,TALCAHUANO,10,ATROPELLO,10,ATROPELLO,1,URBANA,1,TRAMO DE VIA RECTA,27,CONDUCCION NO ATENTO CONDICIONES TRANSITO MOMENTO,1,IMPRUDENCIA DEL CONDUCTOR,0,PRESIDENTE JORGE ALESSANDRI RODRIGUEZ,0,0,- PRESIDENTE JORGE ALESSANDRI RODRIGUEZ,3177,0,0,0,1,1,2,BIDIRECCIONAL,1,CONCRETO,1,BUENO,2,HUMEDO,1,DESPEJADO,0,1,0,0,1,13:20:00
-8129386.45161509,-4412765.92717035,2348,-73.027521,-36.810789,1466426,2022,1,2022/08/10 00:00:00+00,8,REGION BIO BIO,8101,CONCEPCION,32,COLISION LATERAL,30,COLISION,1,URBANA,1,TRAMO DE VIA RECTA,27,CONDUCCION NO ATENTO CONDICIONES TRANSITO MOMENTO,1,IMPRUDENCIA DEL CONDUCTOR,0,ROTONDA GENERAL BONILLA,0,JUAN BOSCO,JUAN BOSCO - ROTONDA GENERAL BONILLA,0,0,0,0,2,2,3,BIDIRECCIONAL CON BANDEJON,1,CONCRETO,1,BUENO,1,SECO,1,DESPEJADO,0,0,0,0,2,19:05:00
-8137196.43784601,-4408515.9739318,2349,-73.097679,-36.780217,1466476,2022,1,2022/08/10 00:00:00+00,8,REGION BIO BIO,8112,HUALPEN,30,COLISION,30,COLISION,1,URBANA,11,CRUCE CON SEMAFORO FUNCIONANDO,91,VIRAJES INDEBIDOS,1,IMPRUDENCIA DEL CONDUCTOR,0,LAS GOLONDRINAS,0,HOLANDA,HOLANDA - LAS GOLONDRINAS,0,0,0,0,2,2,3,BIDIRECCIONAL CON BANDEJON,1,CONCRETO,1,BUENO,2,HUMEDO,1,DESPEJADO,0,0,0,2,0,18:15:00
-8170961.85466148,-4551776.35530334,2350,-73.400999,-37.804013,1466501,2022,1,2022/08/06 00:00:00+00,8,REGION BIO BIO,8203,CAÑETE,30,COLISION,30,COLISION,1,URBANA,1,TRAMO DE VIA RECTA,21,CONDUCCION BAJO LA INFLUENCIA DEL ALCOHOL,4,ALCOHOL EN CONDUCTOR,0,SAAVEDRA,0,ORELLA,ORELLA - SAAVEDRA,0,0,0,0,1,0,1,UNIDIRECCIONAL,2,ASFALTO,1,BUENO,3,MOJADO,3,LLUVIA,0,0,0,0,2,19:00:00
-8169923.66682644,-4550571.14691766,2351,-73.391673,-37.795459,1466517,2022,1,2022/08/10 00:00:00+00,8,REGION BIO BIO,8203,CAÑETE,50,CHOQUE,40,CHOQUE,1,URBANA,1,TRAMO DE VIA RECTA,27,CONDUCCION NO ATENTO CONDICIONES TRANSITO MOMENTO,1,IMPRUDENCIA DEL CONDUCTOR,0,PRESIDENTE EDUARDO FREI,0,CAMILO HENRIQUEZ,CAMILO HENRIQUEZ - PRESIDENTE EDUARDO FREI,0,0,0,0,1,1,2,BIDIRECCIONAL,1,CONCRETO,1,BUENO,1,SECO,1,DESPEJADO,0,0,0,0,1,10:30:00
-8132368.45587056,-4414657.52333444,2352,-73.054309,-36.824392,1466546,2022,1,2022/08/11 00:00:00+00,8,REGION BIO BIO,8101,CONCEPCION,20,CAIDA,20,CAIDA,1,URBANA,1,TRAMO DE VIA RECTA,41,PASAJERO SUBE O DESCIENDE DE VEHICULO MOVIMIENTO,3,IMPRUDENCIA DEL PASAJERO,0,LOS CARRERA,0,RENGO,LOS CARRERA - RENGO,0,0,0,0,3,3,3,BIDIRECCIONAL CON BANDEJON,1,CONCRETO,1,BUENO,1,SECO,1,DESPEJADO,0,0,0,1,1,09:00:00
-8131033.91328714,-4414129.62581994,2353,-73.04232,-36.820596,1466547,2022,1,2022/08/11 00:00:00+00,8,REGION BIO BIO,8101,CONCEPCION,34,COLISION PERPENDICULAR,30,COLISION,1,URBANA,11,CRUCE CON SEMAFORO FUNCIONANDO,62,SEÑALIZACION DESOBEDECER LUZ ROJA DE SEMAFORO,10,DESOBEDIENCIA A SEÑALIZACION,0,MAIPU,0,JANEQUEO,JANEQUEO - MAIPU,0,0,0,0,2,0,1,UNIDIRECCIONAL,1,CONCRETO,1,BUENO,1,SECO,1,DESPEJADO,0,0,0,1,1,10:20:00
-8132585.29510668,-4415994.95496347,2354,-73.056257,-36.834009,1466553,2022,1,2022/08/11 00:00:00+00,8,REGION BIO BIO,8101,CONCEPCION,34,COLISION PERPENDICULAR,30,COLISION,1,URBANA,11,CRUCE CON SEMAFORO FUNCIONANDO,62,SEÑALIZACION DESOBEDECER LUZ ROJA DE SEMAFORO,10,DESOBEDIENCIA A SEÑALIZACION,0,ARTURO PRAT,0,CHACABUCO,ARTURO PRAT - CHACABUCO,0,0,0,0,4,0,1,UNIDIRECCIONAL,1,CONCRETO,1,BUENO,1,SECO,1,DESPEJADO,0,1,0,5,0,00:10:00
-8132628.66518029,-4415678.14011959,2355,-73.056646,-36.831731,1466558,2022,1,2022/08/11 00:00:00+00,8,REGION BIO BIO,8101,CONCEPCION,32,COLISION LATERAL,30,COLISION,1,URBANA,11,CRUCE CON SEMAFORO FUNCIONANDO,27,CONDUCCION NO ATENTO CONDICIONES TRANSITO MOMENTO,1,IMPRUDENCIA DEL CONDUCTOR,0,SAN MARTIN,0,SERRANO,SAN MARTIN - SERRANO,0,0,0,0,2,0,1,UNIDIRECCIONAL,1,CONCRETO,1,BUENO,1,SECO,1,DESPEJADO,0,0,0,0,2,14:40:00
-8136946.06917927,-4409411.59808888,2356,-73.09543,-36.786661,1466746,2022,1,2022/08/12 00:00:00+00,8,REGION BIO BIO,8112,HUALPEN,30,COLISION,30,COLISION,1,URBANA,16,CRUCE SIN SEÑALIZACION,27,CONDUCCION NO ATENTO CONDICIONES TRANSITO MOMENTO,1,IMPRUDENCIA DEL CONDUCTOR,0,GRECIA,0,GENOVA,GENOVA - GRECIA,0,0,0,0,1,1,2,BIDIRECCIONAL,1,CONCRETO,1,BUENO,2,HUMEDO,1,DESPEJADO,0,0,0,0,2,07:55:00
-8121457.06409834,-4387595.81759497,2357,-72.95629,-36.62955,1466774,2022,1,2022/08/08 00:00:00+00,8,REGION BIO BIO,8111,TOME,52,CHOQUE LATERAL,40,CHOQUE,1,URBANA,1,TRAMO DE VIA RECTA,95,PERDIDA CONTROL VEHICULO,9,PERDIDA CONTROL VEHICULO,0,LATORRE,0,EDUARDO DELANO,EDUARDO DELANO - LATORRE,0,0,0,0,2,2,3,BIDIRECCIONAL CON BANDEJON,1,CONCRETO,1,BUENO,1,SECO,1,DESPEJADO,0,0,0,1,1,17:10:00
-8120524.7744949,-4386294.71624221,2358,-72.947915,-36.620169,1466781,2022,1,2022/08/10 00:00:00+00,8,REGION BIO BIO,8111,TOME,51,CHOQUE FRONTAL,40,CHOQUE,1,URBANA,3,TRAMO DE VIA CURVA VERTICAL,25,"CONDICIONES FISICAS DEFICIENTES (CANSANCIO, SUEÑO)",8,DROGAS Y/O FATIGA EN CONDUCTOR,0,MANUEL MONTT,0,COLLEN,COLLEN - MANUEL MONTT,0,0,0,0,1,1,2,BIDIRECCIONAL,1,CONCRETO,1,BUENO,1,SECO,1,DESPEJADO,0,0,0,1,0,20:00:00
-8054187.66429154,-4505386.80777516,2359,-72.351999,-37.474021,1466786,2022,1,2022/08/08 00:00:00+00,8,REGION BIO BIO,8301,LOS ANGELES,65,CHOQUE LADO/LADO,40,CHOQUE,1,URBANA,1,TRAMO DE VIA RECTA,27,CONDUCCION NO ATENTO CONDICIONES TRANSITO MOMENTO,1,IMPRUDENCIA DEL CONDUCTOR,0,BULNES,0,0,- BULNES,351,0,0,0,1,0,1,UNIDIRECCIONAL,2,ASFALTO,1,BUENO,1,SECO,1,DESPEJADO,0,0,0,0,2,18:50:00
-8121285.76566591,-4385888.78471944,2360,-72.954751,-36.617243,1466789,2022,1,2022/08/11 00:00:00+00,8,REGION BIO BIO,8111,TOME,67,CHOQUE POSTERIOR/FRENTE,40,CHOQUE,1,URBANA,1,TRAMO DE VIA RECTA,93,CONDUCIR VEHICULO EN RETROCESO,1,IMPRUDENCIA DEL CONDUCTOR,0,SOTOMAYOR,0,MARIANO EGAÑA,MARIANO EGAÑA - SOTOMAYOR,0,0,0,0,2,0,1,UNIDIRECCIONAL,1,CONCRETO,1,BUENO,1,SECO,1,DESPEJADO,0,0,0,0,2,16:30:00
-8054917.80883165,-4504794.45161648,2361,-72.358558,-37.469798,1466813,2022,1,2022/08/08 00:00:00+00,8,REGION BIO BIO,8301,LOS ANGELES,32,COLISION LATERAL,30,COLISION,1,URBANA,14,CRUCE CON SEÑAL PARE,65,SEÑALIZACION DESOBEDECER SEÑAL PARE,10,DESOBEDIENCIA A SEÑALIZACION,0,ARTURO PRAT,0,LAUTARO,ARTURO PRAT - LAUTARO,0,0,0,0,2,0,1,UNIDIRECCIONAL,1,CONCRETO,1,BUENO,1,SECO,1,DESPEJADO,0,0,0,0,2,13:20:00
-8054532.30943504,-4503726.60631924,2362,-72.355095,-37.462184,1466815,2022,1,2022/08/08 00:00:00+00,8,REGION BIO BIO,8301,LOS ANGELES,32,COLISION LATERAL,30,COLISION,1,URBANA,1,TRAMO DE VIA RECTA,27,CONDUCCION NO ATENTO CONDICIONES TRANSITO MOMENTO,1,IMPRUDENCIA DEL CONDUCTOR,0,JANEQUEO,0,ERCILLA,ERCILLA - JANEQUEO,0,0,0,0,2,0,1,UNIDIRECCIONAL,1,CONCRETO,1,BUENO,1,SECO,1,DESPEJADO,0,0,0,0,2,18:40:00
-8052794.56765596,-4500501.94940281,2363,-72.339484,-37.439188,1466816,2022,1,2022/08/08 00:00:00+00,8,REGION BIO BIO,8301,LOS ANGELES,66,CHOQUE LADO/POSTERIOR,40,CHOQUE,1,URBANA,1,TRAMO DE VIA RECTA,27,CONDUCCION NO ATENTO CONDICIONES TRANSITO MOMENTO,1,IMPRUDENCIA DEL CONDUCTOR,0,LAGUNA VERDE,0,DOCTOR MANUEL RIOSECO,DOCTOR MANUEL RIOSECO - LAGUNA VERDE,0,0,0,0,1,1,2,BIDIRECCIONAL,2,ASFALTO,1,BUENO,1,SECO,2,NUBLADO,0,0,0,1,1,08:00:00
-8053918.33791551,-4505189.28654705,2364,-72.349579,-37.472613,1466821,2022,1,2022/08/09 00:00:00+00,8,REGION BIO BIO,8301,LOS ANGELES,30,COLISION,30,COLISION,1,URBANA,11,CRUCE CON SEMAFORO FUNCIONANDO,27,CONDUCCION NO ATENTO CONDICIONES TRANSITO MOMENTO,1,IMPRUDENCIA DEL CONDUCTOR,0,RICARDO VICUÑA,0,ALMAGRO,ALMAGRO - RICARDO VICUÑA,0,0,0,0,2,0,1,UNIDIRECCIONAL,2,ASFALTO,1,BUENO,1,SECO,1,DESPEJADO,0,0,0,0,3,12:40:00
-8056866.23387901,-4505084.81865054,2365,-72.376061,-37.471868,1466824,2022,1,2022/08/09 00:00:00+00,8,REGION BIO BIO,8301,LOS ANGELES,32,COLISION LATERAL,30,COLISION,1,URBANA,1,TRAMO DE VIA RECTA,27,CONDUCCION NO ATENTO CONDICIONES TRANSITO MOMENTO,1,IMPRUDENCIA DEL CONDUCTOR,0,COLO COLO,0,LA CALERA,COLO COLO - LA CALERA,0,0,0,0,1,1,2,BIDIRECCIONAL,1,CONCRETO,1,BUENO,1,SECO,1,DESPEJADO,0,0,0,0,2,07:50:00
-8121619.03395745,-4388540.32249045,2366,-72.957745,-36.636358,1466827,2022,1,2022/08/14 00:00:00+00,8,REGION BIO BIO,8111,TOME,32,COLISION LATERAL,30,COLISION,1,URBANA,1,TRAMO DE VIA RECTA,27,CONDUCCION NO ATENTO CONDICIONES TRANSITO MOMENTO,1,IMPRUDENCIA DEL CONDUCTOR,0,EDUARDO DELANO,0,0,- EDUARDO DELANO,744,0,0,0,1,1,2,BIDIRECCIONAL,1,CONCRETO,1,BUENO,3,MOJADO,3,LLUVIA,0,0,0,0,2,10:40:00
-8055839.41176398,-4504181.83469373,2367,-72.366837,-37.46543,1466828,2022,1,2022/08/09 00:00:00+00,8,REGION BIO BIO,8301,LOS ANGELES,10,ATROPELLO,10,ATROPELLO,1,URBANA,11,CRUCE CON SEMAFORO FUNCIONANDO,27,CONDUCCION NO ATENTO CONDICIONES TRANSITO MOMENTO,1,IMPRUDENCIA DEL CONDUCTOR,0,GALVARINO,0,LAS AZALEAS,GALVARINO - LAS AZALEAS,0,0,0,0,1,0,1,UNIDIRECCIONAL,1,CONCRETO,1,BUENO,1,SECO,1,DESPEJADO,0,0,0,1,1,20:00:00
-8120813.45933037,-4383386.49084777,2368,-72.950508,-36.599198,1466840,2022,1,2022/08/15 00:00:00+00,8,REGION BIO BIO,8111,TOME,69,CHOQUE POSTERIOR/POSTERIOR,40,CHOQUE,1,URBANA,1,TRAMO DE VIA RECTA,93,CONDUCIR VEHICULO EN RETROCESO,1,IMPRUDENCIA DEL CONDUCTOR,0,LORD COCHRANE,0,0,- LORD COCHRANE,1127,0,0,0,1,1,2,BIDIRECCIONAL,1,CONCRETO,1,BUENO,3,MOJADO,3,LLUVIA,0,0,0,0,2,16:20:00
-8141254.3227161,-4418305.62843989,2369,-73.134132,-36.850621,1466845,2022,1,2022/08/05 00:00:00+00,8,REGION BIO BIO,8108,SAN PEDRO DE LA PAZ,34,COLISION PERPENDICULAR,30,COLISION,1,URBANA,16,CRUCE SIN SEÑALIZACION,32,NO RESPETAR DERECHO PREFERENTE DE PASO A VEHICULO,1,IMPRUDENCIA DEL CONDUCTOR,0,LAS INDUSTRIAS,0,CALLE UNO,CALLE UNO - LAS INDUSTRIAS,0,0,0,0,1,1,2,BIDIRECCIONAL,1,CONCRETO,1,BUENO,3,MOJADO,4,LLOVIZNA,0,0,0,0,2,10:00:00
-8134928.73736711,-4411995.73266837,2370,-73.077308,-36.80525,1466846,2022,1,2022/08/12 00:00:00+00,8,REGION BIO BIO,8112,HUALPEN,30,COLISION,30,COLISION,1,URBANA,14,CRUCE CON SEÑAL PARE,28,CONDUCCION SIN MANTENER DISTANCIA RAZONABLE NI PRUDENTE,1,IMPRUDENCIA DEL CONDUCTOR,0,JORGE ALESSANDRI RODRIGUEZ,0,MARCO POLO,JORGE ALESSANDRI RODRIGUEZ - MARCO POLO,0,0,0,0,1,1,2,BIDIRECCIONAL,1,CONCRETO,1,BUENO,2,HUMEDO,3,LLUVIA,0,0,0,0,2,08:20:00
-8141952.54082626,-4418592.76416494,2371,-73.140404,-36.852685,1466847,2022,1,2022/08/06 00:00:00+00,8,REGION BIO BIO,8108,SAN PEDRO DE LA PAZ,32,COLISION LATERAL,30,COLISION,1,URBANA,16,CRUCE SIN SEÑALIZACION,29,CONDUCCION CAMBIAR SORPRESIVAMENTE PISTA CIRCULACION,1,IMPRUDENCIA DEL CONDUCTOR,0,CENTRAL,0,PASAJE DIECISIETE,CENTRAL - PASAJE DIECISIETE,0,0,0,0,1,1,2,BIDIRECCIONAL,1,CONCRETO,1,BUENO,3,MOJADO,2,NUBLADO,0,0,0,0,2,10:30:00
-8137615.94534707,-4416075.77701279,2372,-73.101448,-36.83459,1466860,2022,1,2022/08/07 00:00:00+00,8,REGION BIO BIO,8108,SAN PEDRO DE LA PAZ,33,COLISION POR ALCANCE,30,COLISION,1,URBANA,1,TRAMO DE VIA RECTA,28,CONDUCCION SIN MANTENER DISTANCIA RAZONABLE NI PRUDENTE,1,IMPRUDENCIA DEL CONDUCTOR,0,PRESIDENTE JORGE ALESSANDRI,0,ENRIQUE SORO,ENRIQUE SORO - PRESIDENTE JORGE ALESSANDRI,0,0,0,0,2,2,3,BIDIRECCIONAL CON BANDEJON,1,CONCRETO,2,REGULAR,2,HUMEDO,2,NUBLADO,0,0,0,0,2,00:30:00
-8139540.68160678,-4409431.85012577,2373,-73.118738,-36.786806,1466863,2022,1,2022/08/12 00:00:00+00,8,REGION BIO BIO,8112,HUALPEN,30,COLISION,30,COLISION,1,URBANA,14,CRUCE CON SEÑAL PARE,65,SEÑALIZACION DESOBEDECER SEÑAL PARE,10,DESOBEDIENCIA A SEÑALIZACION,0,FINLANDIA,0,COSTANERA,COSTANERA - FINLANDIA,0,0,0,0,2,2,3,BIDIRECCIONAL CON BANDEJON,1,CONCRETO,1,BUENO,3,MOJADO,3,LLUVIA,0,0,0,2,0,20:05:00
-8142416.53159583,-4416013.46706683,2374,-73.144572,-36.834142,1466864,2022,1,2022/08/08 00:00:00+00,8,REGION BIO BIO,8108,SAN PEDRO DE LA PAZ,63,CHOQUE FRENTE/POSTERIOR,40,CHOQUE,1,URBANA,1,TRAMO DE VIA RECTA,97,CAUSAS NO DETERMINADAS,13,CAUSAS NO DETERMINADAS,0,MAITENCILLO,0,0,- MAITENCILLO,420,0,0,0,1,1,3,BIDIRECCIONAL CON BANDEJON,1,CONCRETO,1,BUENO,2,HUMEDO,1,DESPEJADO,0,0,0,0,2,18:00:00
-8054975.04931382,-4504677.70114481,2375,-72.359072,-37.468966,1466876,2022,1,2022/08/10 00:00:00+00,8,REGION BIO BIO,8301,LOS ANGELES,32,COLISION LATERAL,30,COLISION,1,URBANA,14,CRUCE CON SEÑAL PARE,27,CONDUCCION NO ATENTO CONDICIONES TRANSITO MOMENTO,1,IMPRUDENCIA DEL CONDUCTOR,0,COLO COLO,0,URENDA,COLO COLO - URENDA,0,0,0,0,1,1,2,BIDIRECCIONAL,1,CONCRETO,1,BUENO,1,SECO,1,DESPEJADO,0,0,0,0,3,19:00:00
-8131965.75761262,-4418574.76230788,2376,-73.050691,-36.852555,1466877,2022,1,2022/08/12 00:00:00+00,8,REGION BIO BIO,8101,CONCEPCION,10,ATROPELLO,10,ATROPELLO,1,URBANA,11,CRUCE CON SEMAFORO FUNCIONANDO,31,NO RESPETAR DERECHO PREFERENTE DE PASO A PEATON,1,IMPRUDENCIA DEL CONDUCTOR,0,INGLESA,0,PEDRO DE VALDIVIA,INGLESA - PEDRO DE VALDIVIA,0,0,0,0,1,1,2,BIDIRECCIONAL,1,CONCRETO,1,BUENO,3,MOJADO,3,LLUVIA,0,0,0,1,1,18:25:00
-8134323.28178864,-4414710.53564315,2377,-73.071869,-36.824773,1466879,2022,1,2022/08/13 00:00:00+00,8,REGION BIO BIO,8101,CONCEPCION,67,CHOQUE POSTERIOR/FRENTE,40,CHOQUE,1,URBANA,11,CRUCE CON SEMAFORO FUNCIONANDO,93,CONDUCIR VEHICULO EN RETROCESO,1,IMPRUDENCIA DEL CONDUCTOR,0,TEMISTOCLES ROJAS,0,ZAÑARTU,TEMISTOCLES ROJAS - ZAÑARTU,0,0,0,0,2,2,3,BIDIRECCIONAL CON BANDEJON,1,CONCRETO,1,BUENO,3,MOJADO,3,LLUVIA,0,0,0,0,2,20:45:00
-8132024.67901909,-4414646.39801462,2378,-73.051221,-36.824312,1466893,2022,1,2022/08/12 00:00:00+00,8,REGION BIO BIO,8101,CONCEPCION,10,ATROPELLO,10,ATROPELLO,1,URBANA,11,CRUCE CON SEMAFORO FUNCIONANDO,31,NO RESPETAR DERECHO PREFERENTE DE PASO A PEATON,1,IMPRUDENCIA DEL CONDUCTOR,0,ANIBAL PINTO,0,MAIPU,ANIBAL PINTO - MAIPU,0,0,0,0,2,0,1,UNIDIRECCIONAL,1,CONCRETO,1,BUENO,3,MOJADO,2,NUBLADO,0,0,0,1,1,18:30:00
-8135987.40798846,-4409503.79590249,2379,-73.086818,-36.787324,1466895,2022,1,2022/08/13 00:00:00+00,8,REGION BIO BIO,8112,HUALPEN,63,CHOQUE FRENTE/POSTERIOR,40,CHOQUE,1,URBANA,11,CRUCE CON SEMAFORO FUNCIONANDO,27,CONDUCCION NO ATENTO CONDICIONES TRANSITO MOMENTO,1,IMPRUDENCIA DEL CONDUCTOR,0,CRISTOBAL COLON,0,CAMPANARIO,CAMPANARIO - CRISTOBAL COLON,0,0,0,0,2,2,2,BIDIRECCIONAL,1,CONCRETO,1,BUENO,3,MOJADO,3,LLUVIA,0,0,0,0,2,22:00:00
-8012909.47315362,-4505592.00544218,2380,-71.98119,-37.475484,1466896,2022,1,2022/08/10 00:00:00+00,8,REGION BIO BIO,8309,QUILLECO,51,CHOQUE FRONTAL,40,CHOQUE,1,URBANA,1,TRAMO DE VIA RECTA,24,CONDUCCION EN ESTADO DE EBRIEDAD,4,ALCOHOL EN CONDUCTOR,0,O'HIGGINS,0,0,- O'HIGGINS,308,0,0,0,1,1,2,BIDIRECCIONAL,2,ASFALTO,1,BUENO,1,SECO,1,DESPEJADO,0,0,0,1,0,04:40:00
-8053242.76218979,-4503654.04424601,2381,-72.343511,-37.461667,1466899,2022,1,2022/08/11 00:00:00+00,8,REGION BIO BIO,8301,LOS ANGELES,33,COLISION POR ALCANCE,30,COLISION,1,URBANA,1,TRAMO DE VIA RECTA,27,CONDUCCION NO ATENTO CONDICIONES TRANSITO MOMENTO,1,IMPRUDENCIA DEL CONDUCTOR,0,ALEMANIA,0,0,- ALEMANIA,1105,0,0,0,2,2,2,BIDIRECCIONAL,1,CONCRETO,1,BUENO,1,SECO,5,NEBLINA,0,0,0,0,2,09:25:00
-8135793.28906041,-4410930.12117274,2382,-73.085075,-36.797585,1466910,2022,1,2022/08/13 00:00:00+00,8,REGION BIO BIO,8112,HUALPEN,63,CHOQUE FRENTE/POSTERIOR,40,CHOQUE,1,URBANA,1,TRAMO DE VIA RECTA,1,FALLAS MECANICAS FRENOS,12,FALLAS MECANICAS,0,CRISTOBAL COLON,0,0,- CRISTOBAL COLON,8831,0,0,0,2,2,2,BIDIRECCIONAL,1,CONCRETO,1,BUENO,3,MOJADO,3,LLUVIA,0,0,0,1,1,19:40:00
-8132789.23241381,-4415221.55057195,2383,-73.058089,-36.828448,1466937,2022,1,2022/08/13 00:00:00+00,8,REGION BIO BIO,8101,CONCEPCION,30,COLISION,30,COLISION,1,URBANA,11,CRUCE CON SEMAFORO FUNCIONANDO,24,CONDUCCION EN ESTADO DE EBRIEDAD,4,ALCOHOL EN CONDUCTOR,0,FREIRE,0,SERRANO,FREIRE - SERRANO,0,0,0,0,2,0,1,UNIDIRECCIONAL,1,CONCRETO,1,BUENO,3,MOJADO,2,NUBLADO,0,0,0,2,1,15:00:00
-8138638.05864763,-4409180.23832739,2384,-73.11063,-36.784996,1466939,2022,1,2022/08/14 00:00:00+00,8,REGION BIO BIO,8112,HUALPEN,63,CHOQUE FRENTE/POSTERIOR,40,CHOQUE,1,URBANA,11,CRUCE CON SEMAFORO FUNCIONANDO,27,CONDUCCION NO ATENTO CONDICIONES TRANSITO MOMENTO,1,IMPRUDENCIA DEL CONDUCTOR,0,GRAN BRETAÑA,0,FINLANDIA,FINLANDIA - GRAN BRETAÑA,0,0,0,0,1,1,2,BIDIRECCIONAL,1,CONCRETO,1,BUENO,3,MOJADO,3,LLUVIA,0,0,0,0,2,18:30:00
-8136392.5552752,-4412282.30886631,2385,-73.090458,-36.807311,1466958,2022,1,2022/08/14 00:00:00+00,8,REGION BIO BIO,8112,HUALPEN,70,VOLCADURA,70,VOLCADURA,1,URBANA,1,TRAMO DE VIA RECTA,71,VELOCIDAD MAYOR QUE MAXIMA PERMITIDA,7,VELOCIDAD IMPRUDENTE,0,COSTANERA,0,0,- COSTANERA,9781,0,0,0,1,1,2,BIDIRECCIONAL,1,CONCRETO,1,BUENO,3,MOJADO,3,LLUVIA,0,0,1,0,1,16:40:00
-8053721.19109732,-4504397.5417827,2386,-72.347808,-37.466968,1466966,2022,1,2022/08/11 00:00:00+00,8,REGION BIO BIO,8301,LOS ANGELES,69,CHOQUE POSTERIOR/POSTERIOR,40,CHOQUE,1,URBANA,1,TRAMO DE VIA RECTA,27,CONDUCCION NO ATENTO CONDICIONES TRANSITO MOMENTO,1,IMPRUDENCIA DEL CONDUCTOR,0,VILLAGRAN,0,0,- VILLAGRAN,551,0,0,0,2,0,1,UNIDIRECCIONAL,2,ASFALTO,1,BUENO,1,SECO,1,DESPEJADO,0,0,0,0,2,20:15:00
-8127152.44754606,-4415868.87601782,2387,-73.007453,-36.833102,1467025,2022,1,2022/08/13 00:00:00+00,8,REGION BIO BIO,8101,CONCEPCION,10,ATROPELLO,10,ATROPELLO,1,URBANA,26,OTROS NO CONSIDERADOS,31,NO RESPETAR DERECHO PREFERENTE DE PASO A PEATON,1,IMPRUDENCIA DEL CONDUCTOR,0,CAMINO NONGUEN,0,NONGUEN,CAMINO NONGUEN - NONGUEN,0,0,0,0,1,1,2,BIDIRECCIONAL,1,CONCRETO,1,BUENO,3,MOJADO,2,NUBLADO,0,1,0,0,1,10:15:00