X,Y,FID,POINT_X,POINT_Y,Idaccident,Año,Claseaccid,Fecha,Cód_Regi,Región,Cód_Comun,Comuna,Cód_Tipo,Tipo_Accid,Cód_Tip_1,Tipo__CONA,Cód_Zona,Zona,Cód_Ubica,Ubicación,Cód_Causa,Causa,Cód_Cau_1,Causa__CON,Cód_Calle,Calle_Uno,Cód_Cal_1,Calle_Dos,Intersecci,Número,Ruta,Cód_Ruta,Ubicaci_1,Pistas_de,Pistas_d_1,Cód_Calza,Calzada,Cód__Tipo,Tipo_Calza,Cód_Estad,Estado_Cal,Cód_Condi,Condición,Cód_Est_1,Estado_Atm,Fallecidos,Graves,Menos_Grav,Leves,Ilesos,Hora_1
-8132905.24958712,-4415001.81601258,2388,-73.059131,-36.826868,1467032,2022,1,2022/08/13 00:00:00+00,8,REGION BIO BIO,8101,CONCEPCION,33,COLISION POR ALCANCE,30,COLISION,1,URBANA,1,TRAMO DE VIA RECTA,24,CONDUCCION EN ESTADO DE EBRIEDAD,4,ALCOHOL EN CONDUCTOR,0,SERRANO,0,0,- SERRANO,770,0,0,0,2,0,1,UNIDIRECCIONAL,1,CONCRETO,1,BUENO,1,SECO,4,LLOVIZNA,0,0,0,0,2,12:20:00
-8052545.70180234,-4504590.78432047,2389,-72.337249,-37.468346,1467040,2022,1,2022/08/12 00:00:00+00,8,REGION BIO BIO,8301,LOS ANGELES,10,ATROPELLO,10,ATROPELLO,1,URBANA,1,TRAMO DE VIA RECTA,27,CONDUCCION NO ATENTO CONDICIONES TRANSITO MOMENTO,1,IMPRUDENCIA DEL CONDUCTOR,0,ALEMANIA,0,HERIBERTO BRITO,ALEMANIA - HERIBERTO BRITO,0,0,0,0,2,0,1,UNIDIRECCIONAL,4,MIXTO,1,BUENO,3,MOJADO,4,LLOVIZNA,0,1,0,0,1,07:40:00
-8133340.05238621,-4409797.22739361,2390,-73.063037,-36.789435,1467049,2022,1,2022/08/11 00:00:00+00,8,REGION BIO BIO,8110,TALCAHUANO,32,COLISION LATERAL,30,COLISION,1,URBANA,1,TRAMO DE VIA RECTA,27,CONDUCCION NO ATENTO CONDICIONES TRANSITO MOMENTO,1,IMPRUDENCIA DEL CONDUCTOR,0,PRESIDENTE JORGE ALESSANDRI RODRIGUEZ,0,AUTOPISTA CONCEPCION TALCAHUANO,AUTOPISTA CONCEPCION TALCAHUANO - PRESIDENTE JORGE ALESSANDRI RODRIGUEZ,0,0,0,0,3,0,1,UNIDIRECCIONAL,1,CONCRETO,1,BUENO,1,SECO,1,DESPEJADO,0,0,0,0,2,07:50:00
-8132507.82787304,-4414714.4156205,2391,-73.055561,-36.824801,1467053,2022,1,2022/08/11 00:00:00+00,8,REGION BIO BIO,8101,CONCEPCION,10,ATROPELLO,10,ATROPELLO,1,URBANA,11,CRUCE CON SEMAFORO FUNCIONANDO,31,NO RESPETAR DERECHO PREFERENTE DE PASO A PEATON,1,IMPRUDENCIA DEL CONDUCTOR,0,LINCOYAN,0,LOS CARRERA,LINCOYAN - LOS CARRERA,0,0,0,0,2,0,1,UNIDIRECCIONAL,1,CONCRETO,1,BUENO,1,SECO,1,DESPEJADO,0,0,0,3,1,08:50:00
-8130419.84158007,-4414009.88220984,2392,-73.036804,-36.819735,1467060,2022,1,2022/08/11 00:00:00+00,8,REGION BIO BIO,8101,CONCEPCION,10,ATROPELLO,10,ATROPELLO,1,URBANA,16,CRUCE SIN SEÑALIZACION,31,NO RESPETAR DERECHO PREFERENTE DE PASO A PEATON,1,IMPRUDENCIA DEL CONDUCTOR,0,OSORNO,0,ANTUCO,ANTUCO - OSORNO,0,0,0,0,1,1,2,BIDIRECCIONAL,2,ASFALTO,1,BUENO,1,SECO,1,DESPEJADO,0,0,0,1,1,15:00:00
-8132789.23241381,-4415221.55057195,2393,-73.058089,-36.828448,1467080,2022,1,2022/08/13 00:00:00+00,8,REGION BIO BIO,8101,CONCEPCION,34,COLISION PERPENDICULAR,30,COLISION,1,URBANA,11,CRUCE CON SEMAFORO FUNCIONANDO,62,SEÑALIZACION DESOBEDECER LUZ ROJA DE SEMAFORO,10,DESOBEDIENCIA A SEÑALIZACION,0,FREIRE,0,SERRANO,FREIRE - SERRANO,0,0,0,0,2,0,1,UNIDIRECCIONAL,1,CONCRETO,1,BUENO,1,SECO,1,DESPEJADO,0,0,0,1,2,15:00:00
-8132723.27561552,-4415719.82245026,2394,-73.057496,-36.832031,1467096,2022,1,2022/08/13 00:00:00+00,8,REGION BIO BIO,8101,CONCEPCION,32,COLISION LATERAL,30,COLISION,1,URBANA,11,CRUCE CON SEMAFORO FUNCIONANDO,24,CONDUCCION EN ESTADO DE EBRIEDAD,4,ALCOHOL EN CONDUCTOR,0,ARTURO PRAT,0,SAN MARTIN,ARTURO PRAT - SAN MARTIN,0,0,0,0,4,0,1,UNIDIRECCIONAL,1,CONCRETO,1,BUENO,1,SECO,1,DESPEJADO,0,0,0,0,2,22:15:00
-8053918.33791551,-4505189.28654705,2395,-72.349579,-37.472613,1467152,2022,1,2022/08/13 00:00:00+00,8,REGION BIO BIO,8301,LOS ANGELES,32,COLISION LATERAL,30,COLISION,1,URBANA,11,CRUCE CON SEMAFORO FUNCIONANDO,27,CONDUCCION NO ATENTO CONDICIONES TRANSITO MOMENTO,1,IMPRUDENCIA DEL CONDUCTOR,0,RICARDO VICUÑA,0,ALMAGRO,ALMAGRO - RICARDO VICUÑA,0,0,0,0,2,0,1,UNIDIRECCIONAL,1,CONCRETO,1,BUENO,2,HUMEDO,1,DESPEJADO,0,0,0,2,2,13:30:00
-8139320.72542492,-4415501.77434745,2396,-73.116762,-36.830463,1467153,2022,1,2022/08/13 00:00:00+00,8,REGION BIO BIO,8108,SAN PEDRO DE LA PAZ,10,ATROPELLO,10,ATROPELLO,1,URBANA,11,CRUCE CON SEMAFORO FUNCIONANDO,31,NO RESPETAR DERECHO PREFERENTE DE PASO A PEATON,1,IMPRUDENCIA DEL CONDUCTOR,0,PEDRO AGUIRRE CERDA,0,DIAGONAL BIO BIO,DIAGONAL BIO BIO - PEDRO AGUIRRE CERDA,0,0,0,0,2,2,3,BIDIRECCIONAL CON BANDEJON,1,CONCRETO,1,BUENO,1,SECO,2,NUBLADO,0,0,0,1,1,18:30:00
-8054521.55597222,-4503279.81199346,2397,-72.354998,-37.458998,1467156,2022,1,2022/08/13 00:00:00+00,8,REGION BIO BIO,8301,LOS ANGELES,32,COLISION LATERAL,30,COLISION,1,URBANA,1,TRAMO DE VIA RECTA,65,SEÑALIZACION DESOBEDECER SEÑAL PARE,10,DESOBEDIENCIA A SEÑALIZACION,0,ALMIRANTE LATORRE,0,ERCILLA,ALMIRANTE LATORRE - ERCILLA,0,0,0,0,2,0,1,UNIDIRECCIONAL,2,ASFALTO,2,REGULAR,1,SECO,2,NUBLADO,0,0,0,0,2,10:30:00
-8056142.87982783,-4505788.63651921,2398,-72.369563,-37.476886,1467163,2022,1,2022/08/14 00:00:00+00,8,REGION BIO BIO,8301,LOS ANGELES,51,CHOQUE FRONTAL,40,CHOQUE,1,URBANA,15,CRUCE CON SEÑAL CEDA EL PASO,24,CONDUCCION EN ESTADO DE EBRIEDAD,4,ALCOHOL EN CONDUCTOR,0,PATRICIO LYNCH,0,PADRE HURTADO,PADRE HURTADO - PATRICIO LYNCH,0,0,0,0,1,0,1,UNIDIRECCIONAL,1,CONCRETO,1,BUENO,3,MOJADO,2,NUBLADO,0,0,1,0,1,18:30:00
-8055397.55130918,-4503517.50437329,2399,-72.362867,-37.460693,1467168,2022,1,2022/08/14 00:00:00+00,8,REGION BIO BIO,8301,LOS ANGELES,66,CHOQUE LADO/POSTERIOR,40,CHOQUE,1,URBANA,1,TRAMO DE VIA RECTA,27,CONDUCCION NO ATENTO CONDICIONES TRANSITO MOMENTO,1,IMPRUDENCIA DEL CONDUCTOR,0,OROMPELLO,0,RUIZ ALDEA,OROMPELLO - RUIZ ALDEA,0,0,0,0,2,0,1,UNIDIRECCIONAL,2,ASFALTO,1,BUENO,2,HUMEDO,2,NUBLADO,0,0,0,0,2,14:30:00
-8132539.6429835,-4416370.97534168,2400,-73.055847,-36.836712,1467171,2022,1,2022/08/14 00:00:00+00,8,REGION BIO BIO,8101,CONCEPCION,34,COLISION PERPENDICULAR,30,COLISION,1,URBANA,11,CRUCE CON SEMAFORO FUNCIONANDO,24,CONDUCCION EN ESTADO DE EBRIEDAD,4,ALCOHOL EN CONDUCTOR,0,PADRE HURTADO,0,PEDRO DE VALDIVIA,PADRE HURTADO - PEDRO DE VALDIVIA,0,0,0,0,2,0,1,UNIDIRECCIONAL,1,CONCRETO,1,BUENO,1,SECO,2,NUBLADO,0,0,0,0,2,05:50:00
-8052033.98836706,-4501431.06079565,2401,-72.332652,-37.445814,1467173,2022,1,2022/08/14 00:00:00+00,8,REGION BIO BIO,8301,LOS ANGELES,30,COLISION,30,COLISION,1,URBANA,1,TRAMO DE VIA RECTA,27,CONDUCCION NO ATENTO CONDICIONES TRANSITO MOMENTO,1,IMPRUDENCIA DEL CONDUCTOR,0,SOR VICENTA,0,0,- SOR VICENTA,2575,0,0,0,2,2,3,BIDIRECCIONAL CON BANDEJON,1,CONCRETO,1,BUENO,2,HUMEDO,2,NUBLADO,0,0,0,0,2,20:05:00
-8142985.37419379,-4452070.87554282,2402,-73.149682,-37.092951,1467209,2022,1,2022/08/12 00:00:00+00,8,REGION BIO BIO,8106,LOTA,99,OTRO TIPO,99,OTRO TIPO,1,URBANA,1,TRAMO DE VIA RECTA,83,CARGA ESCURRE A LA CALZADA,1,IMPRUDENCIA DEL CONDUCTOR,0,RENE SCHNEIDER,0,LOS MANZANOS,LOS MANZANOS - RENE SCHNEIDER,0,0,0,0,1,1,2,BIDIRECCIONAL,1,CONCRETO,1,BUENO,3,MOJADO,3,LLUVIA,0,0,0,0,2,14:10:00
-8143626.59672465,-4450086.14378218,2403,-73.155442,-37.078728,1467258,2022,1,2022/08/12 00:00:00+00,8,REGION BIO BIO,8106,LOTA,65,CHOQUE LADO/LADO,40,CHOQUE,1,URBANA,16,CRUCE SIN SEÑALIZACION,13,ADELANTAMIENTO POR LA BERMA,1,IMPRUDENCIA DEL CONDUCTOR,0,VISTA HERMOSA,0,LAS VIOLETAS,LAS VIOLETAS - VISTA HERMOSA,0,0,0,0,1,1,2,BIDIRECCIONAL,1,CONCRETO,2,REGULAR,3,MOJADO,3,LLUVIA,0,0,0,0,2,16:20:00
-8051268.45536082,-4504241.00643724,2404,-72.325775,-37.465852,1467409,2022,1,2022/08/15 00:00:00+00,8,REGION BIO BIO,8301,LOS ANGELES,51,CHOQUE FRONTAL,40,CHOQUE,1,URBANA,11,CRUCE CON SEMAFORO FUNCIONANDO,95,PERDIDA CONTROL VEHICULO,9,PERDIDA CONTROL VEHICULO,0,LAS INDUSTRIAS,0,ALEMANIA,ALEMANIA - LAS INDUSTRIAS,0,0,0,0,2,2,2,BIDIRECCIONAL,1,CONCRETO,1,BUENO,3,MOJADO,1,DESPEJADO,0,0,0,0,1,05:10:00
-8053112.19555904,-4503816.81174584,2405,-72.342338,-37.462827,1467420,2022,1,2022/08/15 00:00:00+00,8,REGION BIO BIO,8301,LOS ANGELES,32,COLISION LATERAL,30,COLISION,1,URBANA,14,CRUCE CON SEÑAL PARE,65,SEÑALIZACION DESOBEDECER SEÑAL PARE,10,DESOBEDIENCIA A SEÑALIZACION,0,COLON,0,GALVARINO,COLON - GALVARINO,0,0,0,0,2,0,1,UNIDIRECCIONAL,2,ASFALTO,1,BUENO,3,MOJADO,3,LLUVIA,0,0,0,1,2,15:50:00
-8198330.98711935,-4524754.00061601,2406,-73.64686,-37.611968,1467463,2022,1,2022/08/12 00:00:00+00,8,REGION BIO BIO,8201,LEBU,34,COLISION PERPENDICULAR,30,COLISION,1,URBANA,1,TRAMO DE VIA RECTA,24,CONDUCCION EN ESTADO DE EBRIEDAD,4,ALCOHOL EN CONDUCTOR,0,PROLONGACION PRAT,0,0,- PROLONGACION PRAT,1059,0,0,0,1,0,1,UNIDIRECCIONAL,2,ASFALTO,1,BUENO,1,SECO,1,DESPEJADO,0,0,0,1,1,17:00:00
-8199563.51652142,-4523858.19893744,2407,-73.657932,-37.605593,1467503,2022,1,2022/08/14 00:00:00+00,8,REGION BIO BIO,8201,LEBU,63,CHOQUE FRENTE/POSTERIOR,40,CHOQUE,1,URBANA,1,TRAMO DE VIA RECTA,24,CONDUCCION EN ESTADO DE EBRIEDAD,4,ALCOHOL EN CONDUCTOR,0,BULNES,0,0,- BULNES,11,0,0,0,1,1,2,BIDIRECCIONAL,2,ASFALTO,1,BUENO,3,MOJADO,3,LLUVIA,0,0,0,0,1,06:20:00
-8055207.23950772,-4503838.45162699,2408,-72.361158,-37.462982,1467546,2022,1,2022/08/16 00:00:00+00,8,REGION BIO BIO,8301,LOS ANGELES,32,COLISION LATERAL,30,COLISION,1,URBANA,12,CRUCE CON SEMAFORO APAGADO,27,CONDUCCION NO ATENTO CONDICIONES TRANSITO MOMENTO,1,IMPRUDENCIA DEL CONDUCTOR,0,LOS ANGELES,0,BOMBERO FRANCISCO RIOSECO,BOMBERO FRANCISCO RIOSECO - LOS ANGELES,0,0,0,0,1,1,2,BIDIRECCIONAL,2,ASFALTO,1,BUENO,3,MOJADO,3,LLUVIA,0,0,0,0,2,10:40:00
-8129666.9099402,-4425532.83103439,2409,-73.03004,-36.902555,1455748,2022,1,2022/06/22 00:00:00+00,8,REGION BIO BIO,8103,CHIGUAYANTE,33,COLISION POR ALCANCE,30,COLISION,1,URBANA,11,CRUCE CON SEMAFORO FUNCIONANDO,27,CONDUCCION NO ATENTO CONDICIONES TRANSITO MOMENTO,1,IMPRUDENCIA DEL CONDUCTOR,0,O'HIGGINS,0,COLON,COLON - O'HIGGINS,0,0,0,0,1,1,2,BIDIRECCIONAL,1,CONCRETO,1,BUENO,3,MOJADO,3,LLUVIA,0,0,0,4,0,23:15:00
-8130477.03753444,-4423870.08307957,2410,-73.037318,-36.890609,1444556,2022,1,2022/05/12 00:00:00+00,8,REGION BIO BIO,8103,CHIGUAYANTE,32,COLISION LATERAL,30,COLISION,1,URBANA,1,TRAMO DE VIA RECTA,97,CAUSAS NO DETERMINADAS,13,CAUSAS NO DETERMINADAS,0,COSTANERA,0,PASCUAL BINIMELIS,COSTANERA - PASCUAL BINIMELIS,0,0,0,0,2,2,3,BIDIRECCIONAL CON BANDEJON,2,ASFALTO,1,BUENO,2,HUMEDO,2,NUBLADO,0,0,0,0,2,22:20:00
-8049814.67847081,-4503834.49670046,2411,-72.312716,-37.462953,1467550,2022,1,2022/08/16 00:00:00+00,8,REGION BIO BIO,8301,LOS ANGELES,65,CHOQUE LADO/LADO,40,CHOQUE,1,URBANA,1,TRAMO DE VIA RECTA,27,CONDUCCION NO ATENTO CONDICIONES TRANSITO MOMENTO,1,IMPRUDENCIA DEL CONDUCTOR,0,PADRE HURTADO,0,OROMPELLO,OROMPELLO - PADRE HURTADO,0,0,0,0,1,1,2,BIDIRECCIONAL,2,ASFALTO,1,BUENO,3,MOJADO,4,LLOVIZNA,0,0,0,0,2,14:40:00
-8140776.00512806,-4416783.46558043,2412,-73.129835,-36.839678,1455749,2022,1,2022/06/24 00:00:00+00,8,REGION BIO BIO,8108,SAN PEDRO DE LA PAZ,63,CHOQUE FRENTE/POSTERIOR,40,CHOQUE,1,URBANA,11,CRUCE CON SEMAFORO FUNCIONANDO,24,CONDUCCION EN ESTADO DE EBRIEDAD,4,ALCOHOL EN CONDUCTOR,0,DANIEL BELMAR,0,0,- DANIEL BELMAR,110,0,0,0,2,2,3,BIDIRECCIONAL CON BANDEJON,1,CONCRETO,1,BUENO,3,MOJADO,4,LLOVIZNA,0,0,0,1,1,05:00:00
-8140112.40737955,-4415231.2023079,2413,-73.123874,-36.828517,1467570,2022,1,2022/08/03 00:00:00+00,8,REGION BIO BIO,8108,SAN PEDRO DE LA PAZ,52,CHOQUE LATERAL,40,CHOQUE,1,URBANA,1,TRAMO DE VIA RECTA,24,CONDUCCION EN ESTADO DE EBRIEDAD,4,ALCOHOL EN CONDUCTOR,0,LAS TORRES,0,0,- LAS TORRES,2155,0,0,0,2,0,1,UNIDIRECCIONAL,2,ASFALTO,2,REGULAR,1,SECO,2,NUBLADO,0,0,0,0,1,20:15:00
-8127539.34956826,-4430502.58195149,2414,-73.010928,-36.938246,1444590,2022,1,2022/05/13 00:00:00+00,8,REGION BIO BIO,8103,CHIGUAYANTE,70,VOLCADURA,70,VOLCADURA,1,URBANA,2,TRAMO DE VIA CURVA HORIZONTAL,98,OTRAS CAUSAS,14,OTRAS CAUSAS,0,O'HIGGINS,0,0,- O'HIGGINS,5297,0,0,0,1,1,2,BIDIRECCIONAL,1,CONCRETO,1,BUENO,3,MOJADO,1,DESPEJADO,0,1,0,0,0,12:30:00
-8142541.79941882,-4419156.70793988,2415,-73.145697,-36.856738,1455754,2022,1,2022/06/25 00:00:00+00,8,REGION BIO BIO,8108,SAN PEDRO DE LA PAZ,51,CHOQUE FRONTAL,40,CHOQUE,1,URBANA,1,TRAMO DE VIA RECTA,24,CONDUCCION EN ESTADO DE EBRIEDAD,4,ALCOHOL EN CONDUCTOR,0,4 NORTE,0,0,- 4 NORTE,1240,0,0,0,1,1,2,BIDIRECCIONAL,1,CONCRETO,1,BUENO,3,MOJADO,1,DESPEJADO,0,0,0,1,0,02:15:00
-8139165.83548543,-4416550.83280584,2416,-73.115371,-36.838006,1455759,2022,1,2022/06/25 00:00:00+00,8,REGION BIO BIO,8108,SAN PEDRO DE LA PAZ,10,ATROPELLO,10,ATROPELLO,1,URBANA,11,CRUCE CON SEMAFORO FUNCIONANDO,52,PEATON CRUZA CALZADA FORMA SORPRESIVA O DESCUIDADA,2,IMPRUDENCIA DEL PEATON,0,PEDRO AGUIRRE CERDA,0,LOS AVELLANOS,LOS AVELLANOS - PEDRO AGUIRRE CERDA,0,0,0,0,1,1,2,BIDIRECCIONAL,1,CONCRETO,1,BUENO,1,SECO,1,DESPEJADO,0,1,0,0,1,14:30:00
-8133732.17529253,-4414426.56408052,2417,-73.066559,-36.822732,1455769,2022,1,2022/06/23 00:00:00+00,8,REGION BIO BIO,8103,CHIGUAYANTE,32,COLISION LATERAL,30,COLISION,1,URBANA,11,CRUCE CON SEMAFORO FUNCIONANDO,27,CONDUCCION NO ATENTO CONDICIONES TRANSITO MOMENTO,1,IMPRUDENCIA DEL CONDUCTOR,0,COSTANERA,0,PASCUAL BINIMELIS,COSTANERA - PASCUAL BINIMELIS,0,0,0,0,2,2,3,BIDIRECCIONAL CON BANDEJON,1,CONCRETO,2,REGULAR,3,MOJADO,3,LLUVIA,0,0,0,0,2,16:30:00
-8094092.25083671,-4478888.0263486,2418,-72.710468,-37.284865,1455772,2022,1,2022/06/26 00:00:00+00,8,REGION BIO BIO,8304,LAJA,30,COLISION,30,COLISION,1,URBANA,15,CRUCE CON SEÑAL CEDA EL PASO,27,CONDUCCION NO ATENTO CONDICIONES TRANSITO MOMENTO,1,IMPRUDENCIA DEL CONDUCTOR,0,BERNARDO O'HIGGINS,0,ARTURO PRAT,ARTURO PRAT - BERNARDO O'HIGGINS,0,0,0,0,1,1,2,BIDIRECCIONAL,2,ASFALTO,1,BUENO,3,MOJADO,4,LLOVIZNA,0,0,0,1,2,12:25:00
-8133732.17529253,-4414426.56408052,2419,-73.066559,-36.822732,1455789,2022,1,2022/06/24 00:00:00+00,8,REGION BIO BIO,8103,CHIGUAYANTE,51,CHOQUE FRONTAL,40,CHOQUE,1,URBANA,1,TRAMO DE VIA RECTA,95,PERDIDA CONTROL VEHICULO,9,PERDIDA CONTROL VEHICULO,0,COSTANERA,0,PASCUAL BINIMELIS,COSTANERA - PASCUAL BINIMELIS,0,0,0,0,2,2,3,BIDIRECCIONAL CON BANDEJON,1,CONCRETO,1,BUENO,1,SECO,1,DESPEJADO,0,0,0,1,0,22:20:00
-8077506.11425038,-4453139.03584243,2420,-72.561472,-37.100604,1455827,2022,1,2022/06/27 00:00:00+00,8,REGION BIO BIO,8313,YUMBEL,30,COLISION,30,COLISION,1,URBANA,26,OTROS NO CONSIDERADOS,27,CONDUCCION NO ATENTO CONDICIONES TRANSITO MOMENTO,1,IMPRUDENCIA DEL CONDUCTOR,0,BERNARDO O'HIGGINS,0,0,- BERNARDO O'HIGGINS,610,0,0,0,2,0,1,UNIDIRECCIONAL,1,CONCRETO,1,BUENO,2,HUMEDO,2,NUBLADO,0,0,0,0,2,08:10:00
-8139317.90904181,-4415511.85747857,2421,-73.116737,-36.830535,1455850,2022,1,2022/06/03 00:00:00+00,8,REGION BIO BIO,8108,SAN PEDRO DE LA PAZ,30,COLISION,30,COLISION,1,URBANA,11,CRUCE CON SEMAFORO FUNCIONANDO,97,CAUSAS NO DETERMINADAS,13,CAUSAS NO DETERMINADAS,0,PEDRO AGUIRRE CERDA,0,PRESIDENTE JORGE ALESSANDRI,PEDRO AGUIRRE CERDA - PRESIDENTE JORGE ALESSANDRI,0,0,0,0,2,2,3,BIDIRECCIONAL CON BANDEJON,1,CONCRETO,1,BUENO,1,SECO,1,DESPEJADO,0,1,0,4,1,20:55:00
-8137597.07669338,-4416656.12545538,2422,-73.101278,-36.838763,1455851,2022,1,2022/06/18 00:00:00+00,8,REGION BIO BIO,8108,SAN PEDRO DE LA PAZ,10,ATROPELLO,10,ATROPELLO,1,URBANA,11,CRUCE CON SEMAFORO FUNCIONANDO,97,CAUSAS NO DETERMINADAS,13,CAUSAS NO DETERMINADAS,0,PEDRO AGUIRRE CERDA,0,LOS CANELOS,LOS CANELOS - PEDRO AGUIRRE CERDA,0,0,0,0,1,1,3,BIDIRECCIONAL CON BANDEJON,1,CONCRETO,1,BUENO,1,SECO,1,DESPEJADO,0,1,0,0,1,10:57:00
-8129762.3552716,-4413306.66078061,2423,-73.030898,-36.814678,1455924,2022,1,2022/06/26 00:00:00+00,8,REGION BIO BIO,8101,CONCEPCION,32,COLISION LATERAL,30,COLISION,1,URBANA,11,CRUCE CON SEMAFORO FUNCIONANDO,27,CONDUCCION NO ATENTO CONDICIONES TRANSITO MOMENTO,1,IMPRUDENCIA DEL CONDUCTOR,0,JUAN BOSCO,0,GENERAL NOVOA,GENERAL NOVOA - JUAN BOSCO,0,0,0,0,2,2,2,BIDIRECCIONAL,1,CONCRETO,1,BUENO,1,SECO,2,NUBLADO,0,1,0,0,2,00:40:00
-8134046.98681249,-4416791.72778867,2424,-73.069387,-36.839737,1455943,2022,1,2022/06/28 00:00:00+00,8,REGION BIO BIO,8101,CONCEPCION,32,COLISION LATERAL,30,COLISION,1,URBANA,21,ENLACE A NIVEL,27,CONDUCCION NO ATENTO CONDICIONES TRANSITO MOMENTO,1,IMPRUDENCIA DEL CONDUCTOR,0,ENLACE PUENTE CHACABUCO,0,ESMERALDA,ENLACE PUENTE CHACABUCO - ESMERALDA,0,0,0,0,2,0,1,UNIDIRECCIONAL,1,CONCRETO,1,BUENO,1,SECO,4,LLOVIZNA,0,0,0,0,2,09:00:00
-8129762.3552716,-4413306.66078061,2425,-73.030898,-36.814678,1455945,2022,1,2022/06/28 00:00:00+00,8,REGION BIO BIO,8101,CONCEPCION,32,COLISION LATERAL,30,COLISION,1,URBANA,11,CRUCE CON SEMAFORO FUNCIONANDO,27,CONDUCCION NO ATENTO CONDICIONES TRANSITO MOMENTO,1,IMPRUDENCIA DEL CONDUCTOR,0,LOS CARRERA,0,JUAN BOSCO,JUAN BOSCO - LOS CARRERA,0,0,0,0,2,2,2,BIDIRECCIONAL,1,CONCRETO,1,BUENO,1,SECO,2,NUBLADO,0,0,0,0,2,16:20:00
-8130477.03753444,-4423870.08307957,2426,-73.037318,-36.890609,1455952,2022,1,2022/06/29 00:00:00+00,8,REGION BIO BIO,8103,CHIGUAYANTE,32,COLISION LATERAL,30,COLISION,1,URBANA,21,ENLACE A NIVEL,29,CONDUCCION CAMBIAR SORPRESIVAMENTE PISTA CIRCULACION,1,IMPRUDENCIA DEL CONDUCTOR,0,8 ORIENTE,0,COSTANERA,8 ORIENTE - COSTANERA,0,0,0,0,2,0,1,UNIDIRECCIONAL,1,CONCRETO,1,BUENO,1,SECO,2,NUBLADO,0,0,0,0,2,13:55:00
-8135984.63613314,-4409060.66156328,2427,-73.086793,-36.784136,1455969,2022,1,2022/06/29 00:00:00+00,8,REGION BIO BIO,8112,HUALPEN,30,COLISION,30,COLISION,1,URBANA,1,TRAMO DE VIA RECTA,11,ADELANTAMIENTO SIN EL ESPACIO O TIEMPO SUFICIENTE,1,IMPRUDENCIA DEL CONDUCTOR,0,CRISTOBAL COLON,0,0,- CRISTOBAL COLON,7551,0,0,0,2,2,3,BIDIRECCIONAL CON BANDEJON,1,CONCRETO,1,BUENO,3,MOJADO,2,NUBLADO,0,0,0,0,2,13:30:00
-8137716.71175013,-4410875.54289162,2428,-73.102353,-36.797192,1455974,2022,1,2022/06/29 00:00:00+00,8,REGION BIO BIO,8112,HUALPEN,30,COLISION,30,COLISION,1,URBANA,1,TRAMO DE VIA RECTA,28,CONDUCCION SIN MANTENER DISTANCIA RAZONABLE NI PRUDENTE,1,IMPRUDENCIA DEL CONDUCTOR,0,ATENAS,0,SAJONIA,ATENAS - SAJONIA,0,0,0,0,1,1,2,BIDIRECCIONAL,1,CONCRETO,1,BUENO,3,MOJADO,2,NUBLADO,0,0,0,0,3,07:55:00
-8139114.47267238,-4415849.41840738,2429,-73.114909,-36.832963,1456019,2022,1,2022/06/19 00:00:00+00,8,REGION BIO BIO,8108,SAN PEDRO DE LA PAZ,63,CHOQUE FRENTE/POSTERIOR,40,CHOQUE,1,URBANA,11,CRUCE CON SEMAFORO FUNCIONANDO,21,CONDUCCION BAJO LA INFLUENCIA DEL ALCOHOL,4,ALCOHOL EN CONDUCTOR,0,PEDRO AGUIRRE CERDA,0,LOS CLAVELES,LOS CLAVELES - PEDRO AGUIRRE CERDA,0,0,0,0,2,2,3,BIDIRECCIONAL CON BANDEJON,1,CONCRETO,1,BUENO,2,HUMEDO,1,DESPEJADO,0,0,0,1,3,19:40:00
-8142579.11371214,-4418694.90510864,2430,-73.146033,-36.853419,1456021,2022,1,2022/06/19 00:00:00+00,8,REGION BIO BIO,8108,SAN PEDRO DE LA PAZ,34,COLISION PERPENDICULAR,30,COLISION,1,URBANA,14,CRUCE CON SEÑAL PARE,21,CONDUCCION BAJO LA INFLUENCIA DEL ALCOHOL,4,ALCOHOL EN CONDUCTOR,0,TUCAPEL,0,GALVARINO,GALVARINO - TUCAPEL,0,0,0,0,1,1,2,BIDIRECCIONAL,1,CONCRETO,1,BUENO,2,HUMEDO,1,DESPEJADO,0,0,1,0,1,18:00:00
-8017706.45265088,-4531933.23513144,2431,-72.024282,-37.663039,1456088,2022,1,2022/06/22 00:00:00+00,8,REGION BIO BIO,8311,SANTA BARBARA,51,CHOQUE FRONTAL,40,CHOQUE,1,URBANA,1,TRAMO DE VIA RECTA,95,PERDIDA CONTROL VEHICULO,9,PERDIDA CONTROL VEHICULO,0,PORTALES,0,0,- PORTALES,600,0,0,0,1,1,2,BIDIRECCIONAL,1,CONCRETO,1,BUENO,2,HUMEDO,3,LLUVIA,0,0,0,0,1,13:55:00
-8198846.44088952,-4524203.13862441,2432,-73.651491,-37.608048,1456290,2022,1,2022/06/27 00:00:00+00,8,REGION BIO BIO,8201,LEBU,63,CHOQUE FRENTE/POSTERIOR,40,CHOQUE,1,URBANA,1,TRAMO DE VIA RECTA,24,CONDUCCION EN ESTADO DE EBRIEDAD,4,ALCOHOL EN CONDUCTOR,0,IGNACIO CARRERA PINTO,0,ESPIGON,ESPIGON - IGNACIO CARRERA PINTO,0,0,0,0,1,1,2,BIDIRECCIONAL,2,ASFALTO,1,BUENO,1,SECO,1,DESPEJADO,0,1,0,3,2,20:00:00