X,Y,FID,POINT_X,POINT_Y,Idaccident,Año,Claseaccid,Fecha,Cód_Regi,Región,Cód_Comun,Comuna,Cód_Tipo,Tipo_Accid,Cód_Tip_1,Tipo__CONA,Cód_Zona,Zona,Cód_Ubica,Ubicación,Cód_Causa,Causa,Cód_Cau_1,Causa__CON,Cód_Calle,Calle_Uno,Cód_Cal_1,Calle_Dos,Intersecci,Número,Ruta,Cód_Ruta,Ubicaci_1,Pistas_de,Pistas_d_1,Cód_Calza,Calzada,Cód__Tipo,Tipo_Calza,Cód_Estad,Estado_Cal,Cód_Condi,Condición,Cód_Est_1,Estado_Atm,Fallecidos,Graves,Menos_Grav,Leves,Ilesos,Hora_1
-8139205.40956441,-4407895.27886324,2433,-73.115726,-36.775751,1456342,2022,1,2022/06/29 00:00:00+00,8,REGION BIO BIO,8112,HUALPEN,10,ATROPELLO,10,ATROPELLO,1,URBANA,14,CRUCE CON SEÑAL PARE,55,PEATON CRUZA CALZADA FUERA PASO PEATONES,2,IMPRUDENCIA DEL PEATON,0,COSTANERA,0,CAMINO A RAMUNTCHO,CAMINO A RAMUNTCHO - COSTANERA,0,0,0,0,2,2,3,BIDIRECCIONAL CON BANDEJON,1,CONCRETO,1,BUENO,1,SECO,2,NUBLADO,1,0,0,0,1,23:48:00
-8134639.69630927,-4411649.45180203,2434,-73.074712,-36.802759,1456366,2022,1,2022/06/29 00:00:00+00,8,REGION BIO BIO,8112,HUALPEN,53,CHOQUE POSTERIOR,40,CHOQUE,1,URBANA,26,OTROS NO CONSIDERADOS,27,CONDUCCION NO ATENTO CONDICIONES TRANSITO MOMENTO,1,IMPRUDENCIA DEL CONDUCTOR,0,FERNANDO SANTIVAN,0,JORGE ALESSANDRI RODRIGUEZ,FERNANDO SANTIVAN - JORGE ALESSANDRI RODRIGUEZ,0,0,0,0,2,2,2,BIDIRECCIONAL,1,CONCRETO,1,BUENO,1,SECO,1,DESPEJADO,0,0,0,1,1,15:00:00
-8134156.3136844,-4414732.27187859,2435,-73.070369,-36.82493,1456383,2022,1,2022/06/30 00:00:00+00,8,REGION BIO BIO,8101,CONCEPCION,53,CHOQUE POSTERIOR,40,CHOQUE,1,URBANA,26,OTROS NO CONSIDERADOS,28,CONDUCCION SIN MANTENER DISTANCIA RAZONABLE NI PRUDENTE,1,IMPRUDENCIA DEL CONDUCTOR,0,ZAÑARTU,0,CALETERA LOS CARRERA,CALETERA LOS CARRERA - ZAÑARTU,0,0,0,0,2,0,1,UNIDIRECCIONAL,1,CONCRETO,1,BUENO,1,SECO,2,NUBLADO,0,0,0,0,2,12:30:00
-8131104.25607337,-4413996.26842982,2436,-73.042952,-36.819637,1456389,2022,1,2022/06/30 00:00:00+00,8,REGION BIO BIO,8101,CONCEPCION,32,COLISION LATERAL,30,COLISION,1,URBANA,11,CRUCE CON SEMAFORO FUNCIONANDO,27,CONDUCCION NO ATENTO CONDICIONES TRANSITO MOMENTO,1,IMPRUDENCIA DEL CONDUCTOR,0,JANEQUEO,0,LOS CARRERA,JANEQUEO - LOS CARRERA,0,0,0,0,2,0,1,UNIDIRECCIONAL,1,CONCRETO,1,BUENO,3,MOJADO,3,LLUVIA,0,0,0,0,2,19:20:00
-8139412.39702559,-4400830.67267319,2437,-73.117586,-36.724902,1456391,2022,1,2022/06/15 00:00:00+00,8,REGION BIO BIO,8110,TALCAHUANO,32,COLISION LATERAL,30,COLISION,1,URBANA,16,CRUCE SIN SEÑALIZACION,32,NO RESPETAR DERECHO PREFERENTE DE PASO A VEHICULO,1,IMPRUDENCIA DEL CONDUCTOR,0,MALAQUIAS CONCHA,0,BILBAO,BILBAO - MALAQUIAS CONCHA,0,0,0,0,1,1,2,BIDIRECCIONAL,1,CONCRETO,1,BUENO,1,SECO,1,DESPEJADO,0,0,0,0,2,22:26:00
-8138854.3190224,-4409250.05576622,2438,-73.112572,-36.785498,1456414,2022,1,2022/06/30 00:00:00+00,8,REGION BIO BIO,8112,HUALPEN,30,COLISION,30,COLISION,1,URBANA,15,CRUCE CON SEÑAL CEDA EL PASO,64,SEÑALIZACION DESOBEDECER SEÑAL CEDA EL PASO,10,DESOBEDIENCIA A SEÑALIZACION,0,GIBRALTAR,0,FINLANDIA,FINLANDIA - GIBRALTAR,0,0,0,0,1,1,2,BIDIRECCIONAL,1,CONCRETO,1,BUENO,1,SECO,1,DESPEJADO,0,0,0,3,1,11:30:00
-8136166.04237533,-4403055.36167804,2439,-73.088423,-36.740918,1456423,2022,1,2022/06/16 00:00:00+00,8,REGION BIO BIO,8110,TALCAHUANO,51,CHOQUE FRONTAL,40,CHOQUE,1,URBANA,1,TRAMO DE VIA RECTA,27,CONDUCCION NO ATENTO CONDICIONES TRANSITO MOMENTO,1,IMPRUDENCIA DEL CONDUCTOR,0,MANUEL BAYON,0,0,- MANUEL BAYON,3303,0,0,0,1,1,2,BIDIRECCIONAL,1,CONCRETO,1,BUENO,1,SECO,1,DESPEJADO,0,0,0,0,1,13:40:00
-8171660.07277163,-4551359.73557873,2440,-73.407271,-37.801056,1456491,2022,1,2022/06/24 00:00:00+00,8,REGION BIO BIO,8203,CAÑETE,99,OTRO TIPO,99,OTRO TIPO,1,URBANA,1,TRAMO DE VIA RECTA,41,PASAJERO SUBE O DESCIENDE DE VEHICULO MOVIMIENTO,3,IMPRUDENCIA DEL PASAJERO,0,BARRIO ESTACION,0,0,- BARRIO ESTACION,111,0,0,0,1,1,2,BIDIRECCIONAL,1,CONCRETO,1,BUENO,1,SECO,1,DESPEJADO,0,0,0,1,1,13:33:00
-8141107.93758571,-4400368.12220225,2441,-73.132817,-36.721571,1456525,2022,1,2022/06/17 00:00:00+00,8,REGION BIO BIO,8110,TALCAHUANO,63,CHOQUE FRENTE/POSTERIOR,40,CHOQUE,1,URBANA,1,TRAMO DE VIA RECTA,28,CONDUCCION SIN MANTENER DISTANCIA RAZONABLE NI PRUDENTE,1,IMPRUDENCIA DEL CONDUCTOR,0,LOS ARAUCANOS,0,0,- LOS ARAUCANOS,1287,0,0,0,1,1,2,BIDIRECCIONAL,1,CONCRETO,1,BUENO,1,SECO,1,DESPEJADO,0,0,0,0,2,14:30:00
-8169396.81394042,-4549759.99530773,2442,-73.38694,-37.789701,1456539,2022,1,2022/06/28 00:00:00+00,8,REGION BIO BIO,8203,CAÑETE,30,COLISION,30,COLISION,1,URBANA,14,CRUCE CON SEÑAL PARE,27,CONDUCCION NO ATENTO CONDICIONES TRANSITO MOMENTO,1,IMPRUDENCIA DEL CONDUCTOR,0,JOSE MIGUEL CARRERA,0,LOS ALERCES,JOSE MIGUEL CARRERA - LOS ALERCES,0,0,0,0,1,1,2,BIDIRECCIONAL,1,CONCRETO,1,BUENO,3,MOJADO,3,LLUVIA,0,0,0,0,2,15:22:00
-8141884.76952026,-4399149.421015,2443,-73.139795,-36.712795,1456555,2022,1,2022/06/18 00:00:00+00,8,REGION BIO BIO,8110,TALCAHUANO,67,CHOQUE POSTERIOR/FRENTE,40,CHOQUE,1,URBANA,1,TRAMO DE VIA RECTA,6,FALLAS MECANICAS MOTOR,12,FALLAS MECANICAS,0,PUNTA CORRALILLO,0,0,- PUNTA CORRALILLO,1306,0,0,0,1,1,2,BIDIRECCIONAL,1,CONCRETO,1,BUENO,1,SECO,1,DESPEJADO,0,0,0,4,1,09:30:00
-8090216.05050755,-4510186.15215632,2444,-72.675647,-37.508229,1456667,2022,1,2022/06/23 00:00:00+00,8,REGION BIO BIO,8306,NACIMIENTO,50,CHOQUE,40,CHOQUE,1,URBANA,11,CRUCE CON SEMAFORO FUNCIONANDO,27,CONDUCCION NO ATENTO CONDICIONES TRANSITO MOMENTO,1,IMPRUDENCIA DEL CONDUCTOR,0,JULIO HEMMELMANN,0,EL PALQUE,EL PALQUE - JULIO HEMMELMANN,0,0,0,0,1,1,2,BIDIRECCIONAL,2,ASFALTO,1,BUENO,2,HUMEDO,2,NUBLADO,0,0,0,3,0,20:30:00
-8088080.00759041,-4510527.75050808,2445,-72.656459,-37.510663,1456669,2022,1,2022/06/27 00:00:00+00,8,REGION BIO BIO,8306,NACIMIENTO,50,CHOQUE,40,CHOQUE,1,URBANA,11,CRUCE CON SEMAFORO FUNCIONANDO,27,CONDUCCION NO ATENTO CONDICIONES TRANSITO MOMENTO,1,IMPRUDENCIA DEL CONDUCTOR,0,JULIO HEMMELMANN,0,LOS CARRERA,JULIO HEMMELMANN - LOS CARRERA,0,0,0,0,1,1,3,BIDIRECCIONAL CON BANDEJON,2,ASFALTO,1,BUENO,3,MOJADO,2,NUBLADO,0,0,0,0,2,21:40:00
-8090883.88952866,-4509884.85262689,2446,-72.681647,-37.506082,1456768,2022,1,2022/07/01 00:00:00+00,8,REGION BIO BIO,8306,NACIMIENTO,70,VOLCADURA,70,VOLCADURA,1,URBANA,1,TRAMO DE VIA RECTA,95,PERDIDA CONTROL VEHICULO,9,PERDIDA CONTROL VEHICULO,0,JULIO HEMMELMANN,0,0,- JULIO HEMMELMANN,1043,0,0,0,1,1,2,BIDIRECCIONAL,2,ASFALTO,1,BUENO,3,MOJADO,3,LLUVIA,0,0,0,1,0,01:10:00
-8132678.44725657,-4413347.72200591,2447,-73.057093,-36.814973,1456775,2022,1,2022/06/18 00:00:00+00,8,REGION BIO BIO,8101,CONCEPCION,62,CHOQUE FRENTE/LADO,40,CHOQUE,1,URBANA,15,CRUCE CON SEÑAL CEDA EL PASO,97,CAUSAS NO DETERMINADAS,13,CAUSAS NO DETERMINADAS,0,ANIBAL PINTO,0,ARGENTINA,ANIBAL PINTO - ARGENTINA,0,0,0,0,1,1,2,BIDIRECCIONAL,1,CONCRETO,1,BUENO,1,SECO,2,NUBLADO,0,0,0,0,1,20:00:00
-8131182.63612684,-4414007.28182355,2448,-73.043656,-36.819716,1456776,2022,1,2022/06/22 00:00:00+00,8,REGION BIO BIO,8101,CONCEPCION,62,CHOQUE FRENTE/LADO,40,CHOQUE,1,URBANA,11,CRUCE CON SEMAFORO FUNCIONANDO,97,CAUSAS NO DETERMINADAS,13,CAUSAS NO DETERMINADAS,0,LOS CARRERA,0,PAICAVI,LOS CARRERA - PAICAVI,0,0,0,0,2,0,1,UNIDIRECCIONAL,1,CONCRETO,1,BUENO,1,SECO,1,DESPEJADO,0,0,0,0,1,10:30:00
-8139085.1733824,-4407329.95802522,2449,-73.114646,-36.771683,1456777,2022,1,2022/06/19 00:00:00+00,8,REGION BIO BIO,8112,HUALPEN,30,COLISION,30,COLISION,1,URBANA,3,TRAMO DE VIA CURVA VERTICAL,97,CAUSAS NO DETERMINADAS,13,CAUSAS NO DETERMINADAS,0,COSTANERA,0,GRAN BRETAÑA,COSTANERA - GRAN BRETAÑA,0,0,0,0,2,0,1,UNIDIRECCIONAL,1,CONCRETO,1,BUENO,1,SECO,1,DESPEJADO,0,0,0,0,1,19:50:00
-8140097.7911304,-4404809.22672763,2450,-73.123743,-36.753542,1456794,2022,1,2022/06/22 00:00:00+00,8,REGION BIO BIO,8110,TALCAHUANO,31,COLISION FRONTAL,30,COLISION,1,URBANA,1,TRAMO DE VIA RECTA,72,VELOCIDAD NO RAZONABLE NI PRUDENTE,7,VELOCIDAD IMPRUDENTE,0,GRAN BRETAÑA,0,0,- GRAN BRETAÑA,2120,0,0,0,1,1,2,BIDIRECCIONAL,1,CONCRETO,1,BUENO,1,SECO,1,DESPEJADO,0,0,0,0,2,16:30:00
-8137601.7075842,-4404406.78641118,2451,-73.10132,-36.750646,1456830,2022,1,2022/06/24 00:00:00+00,8,REGION BIO BIO,8110,TALCAHUANO,32,COLISION LATERAL,30,COLISION,1,URBANA,1,TRAMO DE VIA RECTA,91,VIRAJES INDEBIDOS,1,IMPRUDENCIA DEL CONDUCTOR,0,CARLOS DITTBORN,0,0,- CARLOS DITTBORN,4105,0,0,0,1,1,2,BIDIRECCIONAL,1,CONCRETO,1,BUENO,1,SECO,1,DESPEJADO,0,0,0,0,2,20:45:00
-8120308.24695336,-4384149.71427011,2452,-72.94597,-36.604703,1456832,2022,1,2022/06/30 00:00:00+00,8,REGION BIO BIO,8111,TOME,32,COLISION LATERAL,30,COLISION,1,URBANA,3,TRAMO DE VIA CURVA VERTICAL,29,CONDUCCION CAMBIAR SORPRESIVAMENTE PISTA CIRCULACION,1,IMPRUDENCIA DEL CONDUCTOR,0,LORD COCHRANE,0,SANTIAGO OSORIO,LORD COCHRANE - SANTIAGO OSORIO,0,0,0,0,1,1,2,BIDIRECCIONAL,1,CONCRETO,1,BUENO,3,MOJADO,3,LLUVIA,0,0,0,1,1,10:20:00
-8121407.86088341,-4386307.07417788,2453,-72.955848,-36.620258,1456846,2022,1,2022/06/30 00:00:00+00,8,REGION BIO BIO,8111,TOME,65,CHOQUE LADO/LADO,40,CHOQUE,1,URBANA,1,TRAMO DE VIA RECTA,27,CONDUCCION NO ATENTO CONDICIONES TRANSITO MOMENTO,1,IMPRUDENCIA DEL CONDUCTOR,0,MARIANO EGAÑA,0,0,- MARIANO EGAÑA,820,0,0,0,2,0,1,UNIDIRECCIONAL,1,CONCRETO,1,BUENO,3,MOJADO,3,LLUVIA,0,0,0,0,2,16:40:00
-8052170.03191676,-4507041.07143589,2454,-72.333874,-37.485814,1456862,2022,1,2022/06/23 00:00:00+00,8,REGION BIO BIO,8301,LOS ANGELES,63,CHOQUE FRENTE/POSTERIOR,40,CHOQUE,1,URBANA,1,TRAMO DE VIA RECTA,21,CONDUCCION BAJO LA INFLUENCIA DEL ALCOHOL,4,ALCOHOL EN CONDUCTOR,0,LOS QUIMBAYAS,0,CARACAS,CARACAS - LOS QUIMBAYAS,0,0,0,0,1,1,2,BIDIRECCIONAL,2,ASFALTO,2,REGULAR,3,MOJADO,3,LLUVIA,0,0,0,1,1,20:30:00
-8054917.80883165,-4504794.45161648,2455,-72.358558,-37.469798,1456876,2022,1,2022/06/23 00:00:00+00,8,REGION BIO BIO,8301,LOS ANGELES,32,COLISION LATERAL,30,COLISION,1,URBANA,14,CRUCE CON SEÑAL PARE,27,CONDUCCION NO ATENTO CONDICIONES TRANSITO MOMENTO,1,IMPRUDENCIA DEL CONDUCTOR,0,ARTURO PRAT,0,LAUTARO,ARTURO PRAT - LAUTARO,0,0,0,0,1,0,1,UNIDIRECCIONAL,1,CONCRETO,1,BUENO,3,MOJADO,3,LLUVIA,0,0,0,1,1,08:05:00
-8053773.74502892,-4505200.78817822,2456,-72.348281,-37.472695,1456877,2022,1,2022/06/23 00:00:00+00,8,REGION BIO BIO,8301,LOS ANGELES,67,CHOQUE POSTERIOR/FRENTE,40,CHOQUE,1,URBANA,11,CRUCE CON SEMAFORO FUNCIONANDO,27,CONDUCCION NO ATENTO CONDICIONES TRANSITO MOMENTO,1,IMPRUDENCIA DEL CONDUCTOR,0,LOS CARRERA,0,RICARDO VICUÑA,LOS CARRERA - RICARDO VICUÑA,0,0,0,0,2,2,3,BIDIRECCIONAL CON BANDEJON,1,CONCRETO,1,BUENO,3,MOJADO,3,LLUVIA,0,0,0,0,2,18:00:00
-8139631.68529051,-4402147.15902097,2457,-73.119556,-36.73438,1456881,2022,1,2022/06/26 00:00:00+00,8,REGION BIO BIO,8110,TALCAHUANO,32,COLISION LATERAL,30,COLISION,1,URBANA,15,CRUCE CON SEÑAL CEDA EL PASO,64,SEÑALIZACION DESOBEDECER SEÑAL CEDA EL PASO,10,DESOBEDIENCIA A SEÑALIZACION,0,JUAN ANTONIO RIOS,0,0,- JUAN ANTONIO RIOS,1204,0,0,0,1,1,2,BIDIRECCIONAL,1,CONCRETO,1,BUENO,1,SECO,1,DESPEJADO,0,0,0,0,2,13:45:00
-8054565.72754617,-4504482.80200465,2458,-72.355395,-37.467576,1456891,2022,1,2022/06/23 00:00:00+00,8,REGION BIO BIO,8301,LOS ANGELES,32,COLISION LATERAL,30,COLISION,1,URBANA,11,CRUCE CON SEMAFORO FUNCIONANDO,27,CONDUCCION NO ATENTO CONDICIONES TRANSITO MOMENTO,1,IMPRUDENCIA DEL CONDUCTOR,0,RENGO,0,ERCILLA,ERCILLA - RENGO,0,0,0,0,2,0,1,UNIDIRECCIONAL,1,CONCRETO,2,REGULAR,3,MOJADO,3,LLUVIA,0,0,0,0,2,16:00:00
-8055888.99346518,-4503848.84383465,2459,-72.367282,-37.463056,1456903,2022,1,2022/06/24 00:00:00+00,8,REGION BIO BIO,8301,LOS ANGELES,31,COLISION FRONTAL,30,COLISION,1,URBANA,12,CRUCE CON SEMAFORO APAGADO,27,CONDUCCION NO ATENTO CONDICIONES TRANSITO MOMENTO,1,IMPRUDENCIA DEL CONDUCTOR,0,LAS AZALEAS,0,BOMBERO FRANCISCO RIOSECO,BOMBERO FRANCISCO RIOSECO - LAS AZALEAS,0,0,0,0,1,1,2,BIDIRECCIONAL,2,ASFALTO,1,BUENO,1,SECO,2,NUBLADO,0,0,0,0,2,14:20:00
-8051944.82145493,-4505332.77731232,2460,-72.331851,-37.473636,1456904,2022,1,2022/06/24 00:00:00+00,8,REGION BIO BIO,8301,LOS ANGELES,33,COLISION POR ALCANCE,30,COLISION,1,URBANA,4,ACERA O BERMA,27,CONDUCCION NO ATENTO CONDICIONES TRANSITO MOMENTO,1,IMPRUDENCIA DEL CONDUCTOR,0,GABRIELA MISTRAL,0,0,- GABRIELA MISTRAL,1050,0,0,0,2,0,1,UNIDIRECCIONAL,1,CONCRETO,1,BUENO,1,SECO,2,NUBLADO,0,0,0,0,2,15:30:00
-8121379.15158674,-4384800.23255364,2461,-72.95559,-36.609394,1456908,2022,1,2022/06/30 00:00:00+00,8,REGION BIO BIO,8111,TOME,50,CHOQUE,40,CHOQUE,1,URBANA,1,TRAMO DE VIA RECTA,72,VELOCIDAD NO RAZONABLE NI PRUDENTE,7,VELOCIDAD IMPRUDENTE,0,VICENTE PALACIOS,0,LEON LUCO,LEON LUCO - VICENTE PALACIOS,0,0,0,0,1,1,2,BIDIRECCIONAL,1,CONCRETO,1,BUENO,3,MOJADO,3,LLUVIA,0,0,0,1,0,14:25:00
-8056848.48955217,-4503994.91083906,2462,-72.375901,-37.464097,1456913,2022,1,2022/06/24 00:00:00+00,8,REGION BIO BIO,8301,LOS ANGELES,32,COLISION LATERAL,30,COLISION,1,URBANA,16,CRUCE SIN SEÑALIZACION,27,CONDUCCION NO ATENTO CONDICIONES TRANSITO MOMENTO,1,IMPRUDENCIA DEL CONDUCTOR,0,BOMBERO FRANCISCO RIOSECO,0,LAGO VILLARRICA,BOMBERO FRANCISCO RIOSECO - LAGO VILLARRICA,0,0,0,0,1,1,2,BIDIRECCIONAL,2,ASFALTO,2,REGULAR,3,MOJADO,2,NUBLADO,0,0,0,0,2,07:10:00
-8055708.48891086,-4506231.7362475,2463,-72.365661,-37.480045,1456922,2022,1,2022/06/25 00:00:00+00,8,REGION BIO BIO,8301,LOS ANGELES,32,COLISION LATERAL,30,COLISION,1,URBANA,1,TRAMO DE VIA RECTA,27,CONDUCCION NO ATENTO CONDICIONES TRANSITO MOMENTO,1,IMPRUDENCIA DEL CONDUCTOR,0,VICUÑA MACKENNA,0,0,- VICUÑA MACKENNA,1251,0,0,0,2,0,1,UNIDIRECCIONAL,1,CONCRETO,1,BUENO,1,SECO,1,DESPEJADO,0,0,0,0,2,13:30:00
-8053393.25500939,-4504661.24902643,2464,-72.344863,-37.468848,1456946,2022,1,2022/06/26 00:00:00+00,8,REGION BIO BIO,8301,LOS ANGELES,32,COLISION LATERAL,30,COLISION,1,URBANA,14,CRUCE CON SEÑAL PARE,27,CONDUCCION NO ATENTO CONDICIONES TRANSITO MOMENTO,1,IMPRUDENCIA DEL CONDUCTOR,0,COLO COLO,0,VOLCAN CALBUCO,COLO COLO - VOLCAN CALBUCO,0,0,0,0,2,0,1,UNIDIRECCIONAL,2,ASFALTO,2,REGULAR,3,MOJADO,4,LLOVIZNA,0,1,0,0,1,19:30:00
-8139085.1733824,-4407329.95802522,2465,-73.114646,-36.771683,1456971,2022,1,2022/07/01 00:00:00+00,8,REGION BIO BIO,8112,HUALPEN,30,COLISION,30,COLISION,1,URBANA,24,ROTONDA,28,CONDUCCION SIN MANTENER DISTANCIA RAZONABLE NI PRUDENTE,1,IMPRUDENCIA DEL CONDUCTOR,0,GRAN BRETAÑA,0,COSTANERA,COSTANERA - GRAN BRETAÑA,0,0,0,0,1,1,2,BIDIRECCIONAL,1,CONCRETO,1,BUENO,2,HUMEDO,1,DESPEJADO,0,0,0,0,2,07:20:00
-8051424.67000225,-4500771.138859,2466,-72.327178,-37.441108,1456977,2022,1,2022/06/27 00:00:00+00,8,REGION BIO BIO,8301,LOS ANGELES,32,COLISION LATERAL,30,COLISION,1,URBANA,1,TRAMO DE VIA RECTA,24,CONDUCCION EN ESTADO DE EBRIEDAD,4,ALCOHOL EN CONDUCTOR,0,LAS INDUSTRIAS,0,SOR VICENTA,LAS INDUSTRIAS - SOR VICENTA,0,0,0,0,1,1,2,BIDIRECCIONAL,2,ASFALTO,2,REGULAR,2,HUMEDO,1,DESPEJADO,0,0,0,0,2,20:05:00
-8012746.57934274,-4504710.73169058,2467,-71.979727,-37.469201,1456978,2022,1,2022/06/27 00:00:00+00,8,REGION BIO BIO,8309,QUILLECO,32,COLISION LATERAL,30,COLISION,1,URBANA,15,CRUCE CON SEÑAL CEDA EL PASO,27,CONDUCCION NO ATENTO CONDICIONES TRANSITO MOMENTO,1,IMPRUDENCIA DEL CONDUCTOR,0,LAUTARO,0,ALMENDRAS,ALMENDRAS - LAUTARO,0,0,0,0,1,1,2,BIDIRECCIONAL,1,CONCRETO,2,REGULAR,2,HUMEDO,4,LLOVIZNA,0,0,0,0,3,20:20:00
-8139085.1733824,-4407329.95802522,2468,-73.114646,-36.771683,1456987,2022,1,2022/07/01 00:00:00+00,8,REGION BIO BIO,8112,HUALPEN,63,CHOQUE FRENTE/POSTERIOR,40,CHOQUE,1,URBANA,24,ROTONDA,27,CONDUCCION NO ATENTO CONDICIONES TRANSITO MOMENTO,1,IMPRUDENCIA DEL CONDUCTOR,0,COSTANERA,0,GRAN BRETAÑA,COSTANERA - GRAN BRETAÑA,0,0,0,0,2,2,3,BIDIRECCIONAL CON BANDEJON,1,CONCRETO,1,BUENO,1,SECO,1,DESPEJADO,0,0,0,0,2,16:15:00
-8054015.15247666,-4503780.99314245,2469,-72.350449,-37.462572,1456991,2022,1,2022/06/28 00:00:00+00,8,REGION BIO BIO,8301,LOS ANGELES,30,COLISION,30,COLISION,1,URBANA,1,TRAMO DE VIA RECTA,27,CONDUCCION NO ATENTO CONDICIONES TRANSITO MOMENTO,1,IMPRUDENCIA DEL CONDUCTOR,0,JANEQUEO,0,COLON,COLON - JANEQUEO,0,0,0,0,2,0,1,UNIDIRECCIONAL,2,ASFALTO,1,BUENO,2,HUMEDO,4,LLOVIZNA,0,0,0,0,2,10:50:00
-8054070.67863866,-4505059.95017068,2470,-72.350948,-37.471691,1457000,2022,1,2022/06/28 00:00:00+00,8,REGION BIO BIO,8301,LOS ANGELES,34,COLISION PERPENDICULAR,30,COLISION,1,URBANA,11,CRUCE CON SEMAFORO FUNCIONANDO,27,CONDUCCION NO ATENTO CONDICIONES TRANSITO MOMENTO,1,IMPRUDENCIA DEL CONDUCTOR,0,COLON,0,CAUPOLICAN,CAUPOLICAN - COLON,0,0,0,0,2,0,1,UNIDIRECCIONAL,1,CONCRETO,1,BUENO,2,HUMEDO,3,LLUVIA,0,0,0,0,2,13:52:00
-8056707.00247938,-4503949.59689201,2471,-72.37463,-37.463774,1457001,2022,1,2022/06/29 00:00:00+00,8,REGION BIO BIO,8301,LOS ANGELES,31,COLISION FRONTAL,30,COLISION,1,URBANA,11,CRUCE CON SEMAFORO FUNCIONANDO,27,CONDUCCION NO ATENTO CONDICIONES TRANSITO MOMENTO,1,IMPRUDENCIA DEL CONDUCTOR,0,BOMBERO FRANCISCO RIOSECO,0,LAGUNA DEL LAJA,BOMBERO FRANCISCO RIOSECO - LAGUNA DEL LAJA,0,0,0,0,1,1,2,BIDIRECCIONAL,2,ASFALTO,1,BUENO,3,MOJADO,3,LLUVIA,0,0,0,0,2,21:00:00
-8139819.79296605,-4399924.24260364,2472,-73.121245,-36.718375,1457008,2022,1,2022/06/24 00:00:00+00,8,REGION BIO BIO,8110,TALCAHUANO,67,CHOQUE POSTERIOR/FRENTE,40,CHOQUE,1,URBANA,26,OTROS NO CONSIDERADOS,27,CONDUCCION NO ATENTO CONDICIONES TRANSITO MOMENTO,1,IMPRUDENCIA DEL CONDUCTOR,0,ALMIRANTE LATORRE,0,0,- ALMIRANTE LATORRE,762,0,0,0,1,1,2,BIDIRECCIONAL,1,CONCRETO,1,BUENO,1,SECO,1,DESPEJADO,0,0,0,0,2,17:30:00
-8138985.4422506,-4407478.37998366,2473,-73.11375,-36.772751,1457012,2022,1,2022/07/02 00:00:00+00,8,REGION BIO BIO,8110,TALCAHUANO,63,CHOQUE FRENTE/POSTERIOR,40,CHOQUE,1,URBANA,1,TRAMO DE VIA RECTA,27,CONDUCCION NO ATENTO CONDICIONES TRANSITO MOMENTO,1,IMPRUDENCIA DEL CONDUCTOR,0,GRAN BRETAÑA,0,0,- GRAN BRETAÑA,5475,0,0,0,2,2,3,BIDIRECCIONAL CON BANDEJON,1,CONCRETO,1,BUENO,1,SECO,1,DESPEJADO,0,0,0,2,2,12:50:00
-8051700.49743654,-4501130.8680723,2474,-72.329656,-37.443673,1457020,2022,1,2022/06/28 00:00:00+00,8,REGION BIO BIO,8301,LOS ANGELES,32,COLISION LATERAL,30,COLISION,1,URBANA,1,TRAMO DE VIA RECTA,27,CONDUCCION NO ATENTO CONDICIONES TRANSITO MOMENTO,1,IMPRUDENCIA DEL CONDUCTOR,0,SOR VICENTA,0,0,- SOR VICENTA,2965,0,0,0,1,1,2,BIDIRECCIONAL,1,CONCRETO,1,BUENO,1,SECO,1,DESPEJADO,0,0,0,1,1,18:45:00
-8139282.05303382,-4402239.97464229,2475,-73.116415,-36.735048,1457041,2022,1,2022/06/22 00:00:00+00,8,REGION BIO BIO,8110,TALCAHUANO,10,ATROPELLO,10,ATROPELLO,1,URBANA,1,TRAMO DE VIA RECTA,31,NO RESPETAR DERECHO PREFERENTE DE PASO A PEATON,1,IMPRUDENCIA DEL CONDUCTOR,0,ISLA ATILIO,0,0,- ISLA ATILIO,248,0,0,0,1,1,2,BIDIRECCIONAL,1,CONCRETO,1,BUENO,1,SECO,1,DESPEJADO,0,0,0,1,1,11:00:00
-8138077.03067793,-4403500.62190914,2476,-73.10559,-36.744123,1457044,2022,1,2022/06/21 00:00:00+00,8,REGION BIO BIO,8110,TALCAHUANO,32,COLISION LATERAL,30,COLISION,1,URBANA,1,TRAMO DE VIA RECTA,11,ADELANTAMIENTO SIN EL ESPACIO O TIEMPO SUFICIENTE,1,IMPRUDENCIA DEL CONDUCTOR,0,ALTO HORNO,0,0,- ALTO HORNO,400,0,0,0,1,1,3,BIDIRECCIONAL CON BANDEJON,1,CONCRETO,1,BUENO,1,SECO,1,DESPEJADO,0,0,0,0,2,14:45:00
-8136027.16017862,-4404545.16436825,2477,-73.087176,-36.751642,1457045,2022,1,2022/06/26 00:00:00+00,8,REGION BIO BIO,8110,TALCAHUANO,10,ATROPELLO,10,ATROPELLO,1,URBANA,1,TRAMO DE VIA RECTA,53,IMPRUDENCIA DEL PEATON,2,IMPRUDENCIA DEL PEATON,0,JUAN GUILLERMO SOSA,0,0,- JUAN GUILLERMO SOSA,351,0,0,0,1,1,2,BIDIRECCIONAL,1,CONCRETO,1,BUENO,1,SECO,1,DESPEJADO,0,0,0,1,1,18:00:00