X,Y,FID,POINT_X,POINT_Y,Idaccident,Año,Claseaccid,Fecha,Cód_Regi,Región,Cód_Comun,Comuna,Cód_Tipo,Tipo_Accid,Cód_Tip_1,Tipo__CONA,Cód_Zona,Zona,Cód_Ubica,Ubicación,Cód_Causa,Causa,Cód_Cau_1,Causa__CON,Cód_Calle,Calle_Uno,Cód_Cal_1,Calle_Dos,Intersecci,Número,Ruta,Cód_Ruta,Ubicaci_1,Pistas_de,Pistas_d_1,Cód_Calza,Calzada,Cód__Tipo,Tipo_Calza,Cód_Estad,Estado_Cal,Cód_Condi,Condición,Cód_Est_1,Estado_Atm,Fallecidos,Graves,Menos_Grav,Leves,Ilesos,Hora_1
-8015025.71233335,-4534761.31701742,2708,-72.000201,-37.683147,1459929,2022,1,2022/07/08 00:00:00+00,8,REGION BIO BIO,8308,QUILACO,70,VOLCADURA,70,VOLCADURA,1,URBANA,1,TRAMO DE VIA RECTA,27,CONDUCCION NO ATENTO CONDICIONES TRANSITO MOMENTO,1,IMPRUDENCIA DEL CONDUCTOR,0,JOSE MIGUEL CARRERA,0,0,- JOSE MIGUEL CARRERA,19,0,0,0,1,1,2,BIDIRECCIONAL,2,ASFALTO,1,BUENO,1,SECO,3,LLUVIA,0,0,0,1,0,07:30:00
-8134555.52764228,-4411081.70735169,2709,-73.073956,-36.798675,1459930,2022,1,2022/07/14 00:00:00+00,8,REGION BIO BIO,8112,HUALPEN,30,COLISION,30,COLISION,1,URBANA,14,CRUCE CON SEÑAL PARE,27,CONDUCCION NO ATENTO CONDICIONES TRANSITO MOMENTO,1,IMPRUDENCIA DEL CONDUCTOR,0,MARCO POLO,0,JUAN SEBASTIAN ELCANO,JUAN SEBASTIAN ELCANO - MARCO POLO,0,0,0,0,1,1,2,BIDIRECCIONAL,1,CONCRETO,1,BUENO,3,MOJADO,3,LLUVIA,0,0,0,0,2,12:30:00
-8041587.45565644,-4540347.27426704,2710,-72.238809,-37.722849,1460038,2022,1,2022/07/10 00:00:00+00,8,REGION BIO BIO,8305,MULCHEN,30,COLISION,30,COLISION,1,URBANA,16,CRUCE SIN SEÑALIZACION,32,NO RESPETAR DERECHO PREFERENTE DE PASO A VEHICULO,1,IMPRUDENCIA DEL CONDUCTOR,0,SALVO,0,VILLAGRAN,SALVO - VILLAGRAN,0,0,0,0,2,0,1,UNIDIRECCIONAL,3,ADOQUIN,2,REGULAR,3,MOJADO,2,NUBLADO,0,0,0,0,2,20:20:00
-8133467.94734918,-4409875.58372646,2711,-73.064186,-36.789999,1460095,2022,1,2022/07/08 00:00:00+00,8,REGION BIO BIO,8110,TALCAHUANO,32,COLISION LATERAL,30,COLISION,1,URBANA,26,OTROS NO CONSIDERADOS,32,NO RESPETAR DERECHO PREFERENTE DE PASO A VEHICULO,1,IMPRUDENCIA DEL CONDUCTOR,0,PRESIDENTE JORGE ALESSANDRI RODRIGUEZ,0,0,- PRESIDENTE JORGE ALESSANDRI RODRIGUEZ,3177,0,0,0,1,1,2,BIDIRECCIONAL,1,CONCRETO,1,BUENO,1,SECO,1,DESPEJADO,0,0,0,0,2,18:47:00
-8138814.83399901,-4400924.89348969,2712,-73.112218,-36.72558,1460106,2022,1,2022/07/09 00:00:00+00,8,REGION BIO BIO,8110,TALCAHUANO,65,CHOQUE LADO/LADO,40,CHOQUE,1,URBANA,1,TRAMO DE VIA RECTA,27,CONDUCCION NO ATENTO CONDICIONES TRANSITO MOMENTO,1,IMPRUDENCIA DEL CONDUCTOR,0,BEAUCHEFF,0,0,- BEAUCHEFF,151,0,0,0,1,1,2,BIDIRECCIONAL,1,CONCRETO,1,BUENO,1,SECO,1,DESPEJADO,0,0,0,0,2,02:02:00
-8138124.12995449,-4411359.08339398,2713,-73.106013,-36.80067,1460121,2022,1,2022/07/15 00:00:00+00,8,REGION BIO BIO,8112,HUALPEN,30,COLISION,30,COLISION,1,URBANA,14,CRUCE CON SEÑAL PARE,24,CONDUCCION EN ESTADO DE EBRIEDAD,4,ALCOHOL EN CONDUCTOR,0,GRAN BRETAÑA,0,LA RECONQUISTA,GRAN BRETAÑA - LA RECONQUISTA,0,0,0,0,1,1,2,BIDIRECCIONAL,1,CONCRETO,1,BUENO,3,MOJADO,3,LLUVIA,0,0,0,2,1,21:20:00
-8138873.74427354,-4410079.71322947,2714,-73.112747,-36.791467,1460144,2022,1,2022/07/16 00:00:00+00,8,REGION BIO BIO,8112,HUALPEN,30,COLISION,30,COLISION,1,URBANA,15,CRUCE CON SEÑAL CEDA EL PASO,64,SEÑALIZACION DESOBEDECER SEÑAL CEDA EL PASO,10,DESOBEDIENCIA A SEÑALIZACION,0,CALLE TRES,0,SARAJEVO,CALLE TRES - SARAJEVO,0,0,0,0,1,1,2,BIDIRECCIONAL,1,CONCRETO,1,BUENO,3,MOJADO,3,LLUVIA,0,0,0,0,2,20:30:00
-8135638.02063465,-4403464.98873702,2715,-73.08368,-36.743867,1460151,2022,1,2022/07/05 00:00:00+00,8,REGION BIO BIO,8110,TALCAHUANO,63,CHOQUE FRENTE/POSTERIOR,40,CHOQUE,1,URBANA,1,TRAMO DE VIA RECTA,28,CONDUCCION SIN MANTENER DISTANCIA RAZONABLE NI PRUDENTE,1,IMPRUDENCIA DEL CONDUCTOR,0,ALMIRANTE NEFF,0,0,- ALMIRANTE NEFF,849,0,0,0,1,1,2,BIDIRECCIONAL,1,CONCRETO,1,BUENO,1,SECO,1,DESPEJADO,0,0,0,0,2,14:50:00
-8133467.94734918,-4409875.58372646,2716,-73.064186,-36.789999,1460168,2022,1,2022/07/05 00:00:00+00,8,REGION BIO BIO,8110,TALCAHUANO,10,ATROPELLO,10,ATROPELLO,1,URBANA,1,TRAMO DE VIA RECTA,53,IMPRUDENCIA DEL PEATON,2,IMPRUDENCIA DEL PEATON,0,PRESIDENTE JORGE ALESSANDRI RODRIGUEZ,0,0,- PRESIDENTE JORGE ALESSANDRI RODRIGUEZ,3177,0,0,0,1,1,2,BIDIRECCIONAL,1,CONCRETO,1,BUENO,3,MOJADO,3,LLUVIA,0,0,0,1,1,20:30:00
-8017549.72593979,-4532129.27916587,2717,-72.022875,-37.664433,1460252,2022,1,2022/07/10 00:00:00+00,8,REGION BIO BIO,8311,SANTA BARBARA,70,VOLCADURA,70,VOLCADURA,1,URBANA,1,TRAMO DE VIA RECTA,24,CONDUCCION EN ESTADO DE EBRIEDAD,4,ALCOHOL EN CONDUCTOR,0,REMIGIO GUBARO,0,0,- REMIGIO GUBARO,312,0,0,0,1,1,2,BIDIRECCIONAL,2,ASFALTO,1,BUENO,3,MOJADO,2,NUBLADO,0,0,0,0,1,02:00:00
-8139500.30602747,-4401899.4277766,2718,-73.118375,-36.732596,1460253,2022,1,2022/07/12 00:00:00+00,8,REGION BIO BIO,8110,TALCAHUANO,32,COLISION LATERAL,30,COLISION,1,URBANA,1,TRAMO DE VIA RECTA,91,VIRAJES INDEBIDOS,1,IMPRUDENCIA DEL CONDUCTOR,0,JUAN ANTONIO RIOS,0,0,- JUAN ANTONIO RIOS,617,0,0,0,1,1,2,BIDIRECCIONAL,1,CONCRETO,1,BUENO,1,SECO,1,DESPEJADO,0,0,0,0,2,18:45:00
-8139210.36328175,-4406500.15338366,2719,-73.115771,-36.765712,1460255,2022,1,2022/07/13 00:00:00+00,8,REGION BIO BIO,8110,TALCAHUANO,51,CHOQUE FRONTAL,40,CHOQUE,1,URBANA,1,TRAMO DE VIA RECTA,72,VELOCIDAD NO RAZONABLE NI PRUDENTE,7,VELOCIDAD IMPRUDENTE,0,GRAN BRETAÑA,0,0,- GRAN BRETAÑA,4561,0,0,0,1,1,2,BIDIRECCIONAL,1,CONCRETO,1,BUENO,1,SECO,1,DESPEJADO,0,0,0,1,0,17:35:00
-8141908.49170375,-4399569.75769454,2720,-73.140008,-36.715822,1460257,2022,1,2022/07/04 00:00:00+00,8,REGION BIO BIO,8110,TALCAHUANO,68,CHOQUE POSTERIOR/LADO,40,CHOQUE,1,URBANA,1,TRAMO DE VIA RECTA,27,CONDUCCION NO ATENTO CONDICIONES TRANSITO MOMENTO,1,IMPRUDENCIA DEL CONDUCTOR,0,CERRO VERDE,0,0,- CERRO VERDE,1313,0,0,0,1,1,2,BIDIRECCIONAL,1,CONCRETO,1,BUENO,1,SECO,1,DESPEJADO,0,0,0,0,2,13:00:00
-8134761.66907533,-4407957.20776365,2721,-73.075807,-36.776196,1460259,2022,1,2022/07/14 00:00:00+00,8,REGION BIO BIO,8110,TALCAHUANO,32,COLISION LATERAL,30,COLISION,1,URBANA,1,TRAMO DE VIA RECTA,91,VIRAJES INDEBIDOS,1,IMPRUDENCIA DEL CONDUCTOR,0,VASCO NUÑEZ DE BALBOA,0,0,- VASCO NUÑEZ DE BALBOA,6750,0,0,0,1,1,2,BIDIRECCIONAL,1,CONCRETO,1,BUENO,1,SECO,1,DESPEJADO,0,0,0,0,2,18:30:00
-8136645.53994997,-4404614.15951074,2722,-73.092731,-36.752138,1460268,2022,1,2022/07/10 00:00:00+00,8,REGION BIO BIO,8110,TALCAHUANO,63,CHOQUE FRENTE/POSTERIOR,40,CHOQUE,1,URBANA,11,CRUCE CON SEMAFORO FUNCIONANDO,24,CONDUCCION EN ESTADO DE EBRIEDAD,4,ALCOHOL EN CONDUCTOR,0,CRISTOBAL COLON,0,0,- CRISTOBAL COLON,5182,0,0,0,1,1,2,BIDIRECCIONAL,1,CONCRETO,1,BUENO,1,SECO,1,DESPEJADO,0,0,0,0,2,20:30:00
-8136083.29859783,-4403689.48665588,2723,-73.08768,-36.745483,1460297,2022,1,2022/07/16 00:00:00+00,8,REGION BIO BIO,8110,TALCAHUANO,10,ATROPELLO,10,ATROPELLO,1,URBANA,1,TRAMO DE VIA RECTA,31,NO RESPETAR DERECHO PREFERENTE DE PASO A PEATON,1,IMPRUDENCIA DEL CONDUCTOR,0,ALMIRANTE NEFF,0,0,- ALMIRANTE NEFF,3606,0,0,0,1,1,3,BIDIRECCIONAL CON BANDEJON,1,CONCRETO,1,BUENO,1,SECO,1,DESPEJADO,0,0,0,1,1,06:30:00
-8135992.55094893,-4403846.06841742,2724,-73.086865,-36.74661,1460323,2022,1,2022/07/11 00:00:00+00,8,REGION BIO BIO,8110,TALCAHUANO,51,CHOQUE FRONTAL,40,CHOQUE,1,URBANA,1,TRAMO DE VIA RECTA,72,VELOCIDAD NO RAZONABLE NI PRUDENTE,7,VELOCIDAD IMPRUDENTE,0,VOLCAN CHILLAN,0,0,- VOLCAN CHILLAN,3596,0,0,0,1,1,2,BIDIRECCIONAL,1,CONCRETO,1,BUENO,1,SECO,1,DESPEJADO,0,0,0,2,0,12:15:00
-8053289.62769541,-4504758.1808478,2725,-72.343932,-37.469539,1460330,2022,1,2022/07/14 00:00:00+00,8,REGION BIO BIO,8301,LOS ANGELES,32,COLISION LATERAL,30,COLISION,1,URBANA,1,TRAMO DE VIA RECTA,24,CONDUCCION EN ESTADO DE EBRIEDAD,4,ALCOHOL EN CONDUCTOR,0,ALEMANIA,0,CORDILLERA,ALEMANIA - CORDILLERA,0,0,0,0,2,0,1,UNIDIRECCIONAL,1,CONCRETO,1,BUENO,3,MOJADO,3,LLUVIA,0,0,0,0,2,22:05:00
-8054049.51680346,-4505779.5749689,2726,-72.350758,-37.476821,1460372,2022,1,2022/07/15 00:00:00+00,8,REGION BIO BIO,8301,LOS ANGELES,32,COLISION LATERAL,30,COLISION,1,URBANA,1,TRAMO DE VIA RECTA,27,CONDUCCION NO ATENTO CONDICIONES TRANSITO MOMENTO,1,IMPRUDENCIA DEL CONDUCTOR,0,PATRICIO LYNCH,0,0,- PATRICIO LYNCH,350,0,0,0,2,0,1,UNIDIRECCIONAL,1,CONCRETO,1,BUENO,2,HUMEDO,1,DESPEJADO,0,0,0,0,2,10:00:00
-8052828.33085751,-4505433.27812339,2727,-72.339788,-37.474353,1460378,2022,1,2022/07/15 00:00:00+00,8,REGION BIO BIO,8301,LOS ANGELES,32,COLISION LATERAL,30,COLISION,1,URBANA,1,TRAMO DE VIA RECTA,27,CONDUCCION NO ATENTO CONDICIONES TRANSITO MOMENTO,1,IMPRUDENCIA DEL CONDUCTOR,0,BALMACEDA,0,0,- BALMACEDA,171,0,0,0,2,0,1,UNIDIRECCIONAL,2,ASFALTO,1,BUENO,3,MOJADO,3,LLUVIA,0,0,0,0,2,03:20:00
-8051284.36291606,-4506748.4337125,2728,-72.325918,-37.483728,1460382,2022,1,2022/07/15 00:00:00+00,8,REGION BIO BIO,8301,LOS ANGELES,51,CHOQUE FRONTAL,40,CHOQUE,1,URBANA,11,CRUCE CON SEMAFORO FUNCIONANDO,24,CONDUCCION EN ESTADO DE EBRIEDAD,4,ALCOHOL EN CONDUCTOR,0,LAS INDUSTRIAS,0,FRANCISCO ENCINA,FRANCISCO ENCINA - LAS INDUSTRIAS,0,0,0,0,2,2,3,BIDIRECCIONAL CON BANDEJON,2,ASFALTO,1,BUENO,3,MOJADO,4,LLOVIZNA,0,0,0,0,1,03:20:00
-8051424.67000225,-4500771.138859,2729,-72.327178,-37.441108,1460396,2022,1,2022/07/16 00:00:00+00,8,REGION BIO BIO,8301,LOS ANGELES,32,COLISION LATERAL,30,COLISION,1,URBANA,1,TRAMO DE VIA RECTA,27,CONDUCCION NO ATENTO CONDICIONES TRANSITO MOMENTO,1,IMPRUDENCIA DEL CONDUCTOR,0,LAS INDUSTRIAS,0,SOR VICENTA,LAS INDUSTRIAS - SOR VICENTA,0,0,0,0,2,0,1,UNIDIRECCIONAL,2,ASFALTO,1,BUENO,1,SECO,2,NUBLADO,0,0,0,0,2,16:05:00
-8056401.71990782,-4504264.03568202,2730,-72.371888,-37.466016,1460403,2022,1,2022/07/16 00:00:00+00,8,REGION BIO BIO,8301,LOS ANGELES,32,COLISION LATERAL,30,COLISION,1,URBANA,11,CRUCE CON SEMAFORO FUNCIONANDO,27,CONDUCCION NO ATENTO CONDICIONES TRANSITO MOMENTO,1,IMPRUDENCIA DEL CONDUCTOR,0,PADRE HURTADO,0,GALVARINO,GALVARINO - PADRE HURTADO,0,0,0,0,2,0,1,UNIDIRECCIONAL,2,ASFALTO,1,BUENO,2,HUMEDO,1,DESPEJADO,0,0,2,5,0,00:50:00
-8055894.25887709,-4502328.29705719,2731,-72.367329,-37.452213,1460406,2022,1,2022/07/16 00:00:00+00,8,REGION BIO BIO,8301,LOS ANGELES,32,COLISION LATERAL,30,COLISION,1,URBANA,1,TRAMO DE VIA RECTA,21,CONDUCCION BAJO LA INFLUENCIA DEL ALCOHOL,4,ALCOHOL EN CONDUCTOR,0,DON VICTOR,0,0,- DON VICTOR,1620,0,0,0,1,1,2,BIDIRECCIONAL,2,ASFALTO,2,REGULAR,1,SECO,1,DESPEJADO,0,0,0,0,2,11:30:00
-8053842.17311991,-4503375.58108179,2732,-72.348895,-37.459681,1460409,2022,1,2022/07/16 00:00:00+00,8,REGION BIO BIO,8301,LOS ANGELES,63,CHOQUE FRENTE/POSTERIOR,40,CHOQUE,1,URBANA,11,CRUCE CON SEMAFORO FUNCIONANDO,27,CONDUCCION NO ATENTO CONDICIONES TRANSITO MOMENTO,1,IMPRUDENCIA DEL CONDUCTOR,0,ALMAGRO,0,0,- ALMAGRO,1150,0,0,0,2,0,1,UNIDIRECCIONAL,1,CONCRETO,1,BUENO,1,SECO,1,DESPEJADO,0,0,0,0,2,06:05:00
-8053763.05835781,-4504226.6307163,2733,-72.348185,-37.46575,1460411,2022,1,2022/07/16 00:00:00+00,8,REGION BIO BIO,8301,LOS ANGELES,32,COLISION LATERAL,30,COLISION,1,URBANA,1,TRAMO DE VIA RECTA,27,CONDUCCION NO ATENTO CONDICIONES TRANSITO MOMENTO,1,IMPRUDENCIA DEL CONDUCTOR,0,VILLAGRAN,0,COSTANERA QUILQUE,COSTANERA QUILQUE - VILLAGRAN,0,0,0,0,2,0,1,UNIDIRECCIONAL,1,CONCRETO,1,BUENO,1,SECO,2,NUBLADO,0,0,0,0,2,15:00:00
-8050993.10660035,-4512843.28450411,2734,-72.323302,-37.527162,1460413,2022,1,2022/07/16 00:00:00+00,8,REGION BIO BIO,8301,LOS ANGELES,31,COLISION FRONTAL,30,COLISION,1,URBANA,1,TRAMO DE VIA RECTA,27,CONDUCCION NO ATENTO CONDICIONES TRANSITO MOMENTO,1,IMPRUDENCIA DEL CONDUCTOR,0,LAS INDUSTRIAS,0,0,- LAS INDUSTRIAS,15800,0,0,0,1,1,2,BIDIRECCIONAL,1,CONCRETO,1,BUENO,3,MOJADO,4,LLOVIZNA,0,0,0,1,4,18:00:00
-8131522.40547664,-4414219.68124468,2735,-73.046709,-36.821244,1460416,2022,1,2022/07/15 00:00:00+00,8,REGION BIO BIO,8101,CONCEPCION,32,COLISION LATERAL,30,COLISION,1,URBANA,11,CRUCE CON SEMAFORO FUNCIONANDO,97,CAUSAS NO DETERMINADAS,13,CAUSAS NO DETERMINADAS,0,OROMPELLO,0,LOS CARRERA,LOS CARRERA - OROMPELLO,0,0,0,0,2,0,1,UNIDIRECCIONAL,1,CONCRETO,2,REGULAR,3,MOJADO,3,LLUVIA,0,0,0,0,2,20:45:00
-8131478.0780554,-4413638.10294697,2736,-73.04631,-36.817062,1460417,2022,1,2022/07/15 00:00:00+00,8,REGION BIO BIO,8101,CONCEPCION,51,CHOQUE FRONTAL,40,CHOQUE,1,URBANA,1,TRAMO DE VIA RECTA,24,CONDUCCION EN ESTADO DE EBRIEDAD,4,ALCOHOL EN CONDUCTOR,0,PAICAVI,0,MANUEL BULNES,MANUEL BULNES - PAICAVI,0,0,0,0,2,0,1,UNIDIRECCIONAL,1,CONCRETO,1,BUENO,2,HUMEDO,2,NUBLADO,0,0,0,1,0,02:40:00
-8130827.68279849,-4411740.84872522,2737,-73.040468,-36.803416,1460418,2022,1,2022/07/15 00:00:00+00,8,REGION BIO BIO,8101,CONCEPCION,31,COLISION FRONTAL,30,COLISION,1,URBANA,1,TRAMO DE VIA RECTA,24,CONDUCCION EN ESTADO DE EBRIEDAD,4,ALCOHOL EN CONDUCTOR,0,ALONSO DE RIBERA,0,LAGUNA DE LOS MONOS,ALONSO DE RIBERA - LAGUNA DE LOS MONOS,0,0,0,0,2,2,3,BIDIRECCIONAL CON BANDEJON,2,ASFALTO,1,BUENO,2,HUMEDO,2,NUBLADO,0,2,0,0,2,06:20:00
-8134739.7057398,-4407814.00467661,2738,-73.07561,-36.775166,1460431,2022,1,2022/07/14 00:00:00+00,8,REGION BIO BIO,8110,TALCAHUANO,10,ATROPELLO,10,ATROPELLO,1,URBANA,11,CRUCE CON SEMAFORO FUNCIONANDO,52,PEATON CRUZA CALZADA FORMA SORPRESIVA O DESCUIDADA,2,IMPRUDENCIA DEL PEATON,0,VASCO NUÑEZ DE BALBOA,0,0,- VASCO NUÑEZ DE BALBOA,6575,0,0,0,1,1,3,BIDIRECCIONAL CON BANDEJON,1,CONCRETO,1,BUENO,1,SECO,1,DESPEJADO,0,0,0,0,2,18:00:00
-8200304.99338569,-4522554.39378056,2739,-73.664593,-37.596314,1460444,2022,1,2022/07/15 00:00:00+00,8,REGION BIO BIO,8201,LEBU,63,CHOQUE FRENTE/POSTERIOR,40,CHOQUE,1,URBANA,1,TRAMO DE VIA RECTA,24,CONDUCCION EN ESTADO DE EBRIEDAD,4,ALCOHOL EN CONDUCTOR,0,BOCALEBU,0,0,- BOCALEBU,248,0,0,0,1,1,2,BIDIRECCIONAL,2,ASFALTO,1,BUENO,2,HUMEDO,1,DESPEJADO,0,0,0,0,2,02:40:00
-8136073.49135069,-4403070.86462336,2740,-73.087592,-36.74103,1460457,2022,1,2022/07/14 00:00:00+00,8,REGION BIO BIO,8110,TALCAHUANO,10,ATROPELLO,10,ATROPELLO,1,URBANA,11,CRUCE CON SEMAFORO FUNCIONANDO,52,PEATON CRUZA CALZADA FORMA SORPRESIVA O DESCUIDADA,2,IMPRUDENCIA DEL PEATON,0,CALLE A,0,0,- CALLE A,909,0,0,0,1,1,3,BIDIRECCIONAL CON BANDEJON,1,CONCRETO,1,BUENO,1,SECO,1,DESPEJADO,0,0,0,1,1,22:20:00
-8135604.89195419,-4411335.3382094,2741,-73.083382,-36.800499,1460485,2022,1,2022/07/17 00:00:00+00,8,REGION BIO BIO,8112,HUALPEN,63,CHOQUE FRENTE/POSTERIOR,40,CHOQUE,1,URBANA,22,ENLACE A DESNIVEL,27,CONDUCCION NO ATENTO CONDICIONES TRANSITO MOMENTO,1,IMPRUDENCIA DEL CONDUCTOR,0,JORGE ALESSANDRI RODRIGUEZ,0,CRISTOBAL COLON,CRISTOBAL COLON - JORGE ALESSANDRI RODRIGUEZ,0,0,0,0,2,2,3,BIDIRECCIONAL CON BANDEJON,1,CONCRETO,1,BUENO,3,MOJADO,2,NUBLADO,0,0,0,2,3,14:30:00
-8136188.09476646,-4405743.07017194,2742,-73.088621,-36.760263,1460511,2022,1,2022/07/12 00:00:00+00,8,REGION BIO BIO,8110,TALCAHUANO,32,COLISION LATERAL,30,COLISION,1,URBANA,11,CRUCE CON SEMAFORO FUNCIONANDO,29,CONDUCCION CAMBIAR SORPRESIVAMENTE PISTA CIRCULACION,1,IMPRUDENCIA DEL CONDUCTOR,0,CRISTOBAL COLON,0,0,- CRISTOBAL COLON,5305,0,0,0,1,1,3,BIDIRECCIONAL CON BANDEJON,1,CONCRETO,1,BUENO,1,SECO,1,DESPEJADO,0,0,0,0,3,18:50:00
-8134861.63397806,-4411877.70922972,2743,-73.076705,-36.804401,1460522,2022,1,2022/07/17 00:00:00+00,8,REGION BIO BIO,8112,HUALPEN,63,CHOQUE FRENTE/POSTERIOR,40,CHOQUE,1,URBANA,14,CRUCE CON SEÑAL PARE,27,CONDUCCION NO ATENTO CONDICIONES TRANSITO MOMENTO,1,IMPRUDENCIA DEL CONDUCTOR,0,JORGE ALESSANDRI RODRIGUEZ,0,ARTEAGA ALEMPARTE,ARTEAGA ALEMPARTE - JORGE ALESSANDRI RODRIGUEZ,0,0,0,0,1,1,2,BIDIRECCIONAL,1,CONCRETO,1,BUENO,3,MOJADO,3,LLUVIA,0,0,0,0,3,20:30:00
-8137106.79226008,-4409390.38700573,2744,-73.096874,-36.786508,1460552,2022,1,2022/07/17 00:00:00+00,8,REGION BIO BIO,8112,HUALPEN,51,CHOQUE FRONTAL,40,CHOQUE,1,URBANA,1,TRAMO DE VIA RECTA,44,EBRIEDAD DEL PASAJERO,6,ALCOHOL EN PASAJERO,0,GRECIA,0,0,- GRECIA,820,0,0,0,1,1,2,BIDIRECCIONAL,1,CONCRETO,1,BUENO,3,MOJADO,3,LLUVIA,0,0,0,1,0,12:36:00
-8132139.33809461,-4408715.85211316,2745,-73.052251,-36.781655,1460575,2022,1,2022/07/15 00:00:00+00,8,REGION BIO BIO,8101,CONCEPCION,33,COLISION POR ALCANCE,30,COLISION,1,URBANA,1,TRAMO DE VIA RECTA,24,CONDUCCION EN ESTADO DE EBRIEDAD,4,ALCOHOL EN CONDUCTOR,0,RAMON CARRASCO,0,0,- RAMON CARRASCO,442,0,0,0,1,1,2,BIDIRECCIONAL,1,CONCRETO,2,REGULAR,2,HUMEDO,2,NUBLADO,0,0,0,0,2,18:10:00
-8131303.46230214,-4409833.60456568,2746,-73.044742,-36.789697,1460578,2022,1,2022/07/16 00:00:00+00,8,REGION BIO BIO,8101,CONCEPCION,62,CHOQUE FRENTE/LADO,40,CHOQUE,1,URBANA,26,OTROS NO CONSIDERADOS,97,CAUSAS NO DETERMINADAS,13,CAUSAS NO DETERMINADAS,0,ABDON CIFUENTES,0,0,- ABDON CIFUENTES,1710,0,0,0,1,1,2,BIDIRECCIONAL,1,CONCRETO,2,REGULAR,2,HUMEDO,2,NUBLADO,0,0,0,0,2,09:49:00
-8132798.68343858,-4410962.2760577,2747,-73.058174,-36.797816,1460583,2022,1,2022/07/16 00:00:00+00,8,REGION BIO BIO,8101,CONCEPCION,33,COLISION POR ALCANCE,30,COLISION,1,URBANA,1,TRAMO DE VIA RECTA,24,CONDUCCION EN ESTADO DE EBRIEDAD,4,ALCOHOL EN CONDUCTOR,0,ALONSO DE RIBERA,0,SANTA SABINA,ALONSO DE RIBERA - SANTA SABINA,0,0,0,0,1,1,2,BIDIRECCIONAL,1,CONCRETO,1,BUENO,2,HUMEDO,2,NUBLADO,0,0,0,1,1,02:20:00
-8133437.14524608,-4412870.04222173,2748,-73.063909,-36.811538,1460584,2022,1,2022/07/16 00:00:00+00,8,REGION BIO BIO,8103,CHIGUAYANTE,99,OTRO TIPO,99,OTRO TIPO,1,URBANA,26,OTROS NO CONSIDERADOS,24,CONDUCCION EN ESTADO DE EBRIEDAD,4,ALCOHOL EN CONDUCTOR,0,LAGUNA REDONDA,0,0,- LAGUNA REDONDA,2027,0,0,0,2,0,1,UNIDIRECCIONAL,1,CONCRETO,2,REGULAR,2,HUMEDO,2,NUBLADO,0,0,0,0,1,03:30:00
-8053773.95653596,-4506086.29737163,2749,-72.348282,-37.479008,1460646,2022,1,2022/07/12 00:00:00+00,8,REGION BIO BIO,8301,LOS ANGELES,32,COLISION LATERAL,30,COLISION,1,URBANA,1,TRAMO DE VIA RECTA,27,CONDUCCION NO ATENTO CONDICIONES TRANSITO MOMENTO,1,IMPRUDENCIA DEL CONDUCTOR,0,LOS CARRERA,0,0,- LOS CARRERA,556,0,0,0,2,0,1,UNIDIRECCIONAL,1,CONCRETO,1,BUENO,2,HUMEDO,4,LLOVIZNA,0,0,0,1,1,18:55:00
-8056725.18095222,-4505405.6455643,2750,-72.374794,-37.474156,1460665,2022,1,2022/07/17 00:00:00+00,8,REGION BIO BIO,8301,LOS ANGELES,32,COLISION LATERAL,30,COLISION,1,URBANA,14,CRUCE CON SEÑAL PARE,65,SEÑALIZACION DESOBEDECER SEÑAL PARE,10,DESOBEDIENCIA A SEÑALIZACION,0,RICARDO VICUÑA,0,PONIENTE,PONIENTE - RICARDO VICUÑA,0,0,0,0,2,0,1,UNIDIRECCIONAL,1,CONCRETO,1,BUENO,3,MOJADO,3,LLUVIA,0,0,0,2,0,15:30:00
-8138826.4891497,-4408399.78195584,2751,-73.112322,-36.779381,1460745,2022,1,2022/07/19 00:00:00+00,8,REGION BIO BIO,8112,HUALPEN,10,ATROPELLO,10,ATROPELLO,1,URBANA,16,CRUCE SIN SEÑALIZACION,95,PERDIDA CONTROL VEHICULO,9,PERDIDA CONTROL VEHICULO,0,GRAN BRETAÑA,0,DINAMARCA,DINAMARCA - GRAN BRETAÑA,0,0,0,0,1,1,2,BIDIRECCIONAL,1,CONCRETO,1,BUENO,2,HUMEDO,1,DESPEJADO,0,0,0,1,1,08:50:00
-8135974.33908024,-4408551.51280721,2752,-73.086701,-36.780473,1460765,2022,1,2022/07/19 00:00:00+00,8,REGION BIO BIO,8110,TALCAHUANO,30,COLISION,30,COLISION,1,URBANA,11,CRUCE CON SEMAFORO FUNCIONANDO,11,ADELANTAMIENTO SIN EL ESPACIO O TIEMPO SUFICIENTE,1,IMPRUDENCIA DEL CONDUCTOR,0,CRISTOBAL COLON,0,SAN MIGUEL,CRISTOBAL COLON - SAN MIGUEL,0,0,0,0,1,1,2,BIDIRECCIONAL,1,CONCRETO,1,BUENO,2,HUMEDO,1,DESPEJADO,0,0,0,0,2,16:50:00
-8131325.44790158,-4412432.95493983,2753,-73.044939,-36.808394,1460793,2022,1,2022/07/17 00:00:00+00,8,REGION BIO BIO,8101,CONCEPCION,62,CHOQUE FRENTE/LADO,40,CHOQUE,1,URBANA,4,ACERA O BERMA,97,CAUSAS NO DETERMINADAS,13,CAUSAS NO DETERMINADAS,0,CENTRAL,0,0,- CENTRAL,107,0,0,0,1,1,2,BIDIRECCIONAL,2,ASFALTO,2,REGULAR,3,MOJADO,3,LLUVIA,0,0,0,0,2,04:40:00