X,Y,FID,POINT_X,POINT_Y,Idaccident,Año,Claseaccid,Fecha,Cód_Regi,Región,Cód_Comun,Comuna,Cód_Tipo,Tipo_Accid,Cód_Tip_1,Tipo__CONA,Cód_Zona,Zona,Cód_Ubica,Ubicación,Cód_Causa,Causa,Cód_Cau_1,Causa__CON,Cód_Calle,Calle_Uno,Cód_Cal_1,Calle_Dos,Intersecci,Número,Ruta,Cód_Ruta,Ubicaci_1,Pistas_de,Pistas_d_1,Cód_Calza,Calzada,Cód__Tipo,Tipo_Calza,Cód_Estad,Estado_Cal,Cód_Condi,Condición,Cód_Est_1,Estado_Atm,Fallecidos,Graves,Menos_Grav,Leves,Ilesos,Hora_1
-8132391.88862337,-4412874.46379694,2754,-73.054519,-36.81157,1460798,2022,1,2022/07/17 00:00:00+00,8,REGION BIO BIO,8101,CONCEPCION,33,COLISION POR ALCANCE,30,COLISION,1,URBANA,1,TRAMO DE VIA RECTA,97,CAUSAS NO DETERMINADAS,13,CAUSAS NO DETERMINADAS,0,EJERCITO,0,TUCAPEL,EJERCITO - TUCAPEL,0,0,0,0,2,0,1,UNIDIRECCIONAL,2,ASFALTO,1,BUENO,3,MOJADO,3,LLUVIA,0,0,0,0,3,04:50:00
-8151949.36505797,-4581748.79060963,2755,-73.230207,-38.016442,1460844,2022,1,2022/07/12 00:00:00+00,8,REGION BIO BIO,8204,CONTULMO,10,ATROPELLO,10,ATROPELLO,1,URBANA,1,TRAMO DE VIA RECTA,27,CONDUCCION NO ATENTO CONDICIONES TRANSITO MOMENTO,1,IMPRUDENCIA DEL CONDUCTOR,0,MILLARAY,0,LOS CANELOS,LOS CANELOS - MILLARAY,0,0,0,0,1,1,2,BIDIRECCIONAL,1,CONCRETO,1,BUENO,3,MOJADO,4,LLOVIZNA,0,0,1,0,1,17:45:00
-8170977.04977197,-4551397.01384792,2756,-73.401136,-37.801321,1460851,2022,1,2022/07/15 00:00:00+00,8,REGION BIO BIO,8203,CAÑETE,30,COLISION,30,COLISION,1,URBANA,1,TRAMO DE VIA RECTA,27,CONDUCCION NO ATENTO CONDICIONES TRANSITO MOMENTO,1,IMPRUDENCIA DEL CONDUCTOR,0,SEPTIMO DE LINEA,0,COVADONGA,COVADONGA - SEPTIMO DE LINEA,0,0,0,0,1,1,2,BIDIRECCIONAL,2,ASFALTO,1,BUENO,2,HUMEDO,1,DESPEJADO,0,0,0,0,2,11:39:00
-8170458.28981293,-4551293.64657939,2757,-73.396476,-37.800587,1460857,2022,1,2022/07/16 00:00:00+00,8,REGION BIO BIO,8203,CAÑETE,50,CHOQUE,40,CHOQUE,1,URBANA,1,TRAMO DE VIA RECTA,24,CONDUCCION EN ESTADO DE EBRIEDAD,4,ALCOHOL EN CONDUCTOR,0,ARTURO PRAT,0,0,- ARTURO PRAT,483,0,0,0,1,0,1,UNIDIRECCIONAL,2,ASFALTO,1,BUENO,1,SECO,1,DESPEJADO,0,0,0,0,1,01:25:00
-8090029.15621445,-4508881.81819732,2758,-72.673968,-37.498934,1460907,2022,1,2022/07/16 00:00:00+00,8,REGION BIO BIO,8306,NACIMIENTO,32,COLISION LATERAL,30,COLISION,1,URBANA,1,TRAMO DE VIA RECTA,27,CONDUCCION NO ATENTO CONDICIONES TRANSITO MOMENTO,1,IMPRUDENCIA DEL CONDUCTOR,0,VILLA ALEGRE,0,0,- VILLA ALEGRE,695,0,0,0,1,1,2,BIDIRECCIONAL,2,ASFALTO,1,BUENO,3,MOJADO,3,LLUVIA,0,0,0,0,2,17:00:00
-8138486.00735516,-4410949.72271232,2759,-73.109264,-36.797726,1460924,2022,1,2022/07/20 00:00:00+00,8,REGION BIO BIO,8112,HUALPEN,10,ATROPELLO,10,ATROPELLO,1,URBANA,11,CRUCE CON SEMAFORO FUNCIONANDO,31,NO RESPETAR DERECHO PREFERENTE DE PASO A PEATON,1,IMPRUDENCIA DEL CONDUCTOR,0,CALLE DOS,0,AVENIDA UNO,AVENIDA UNO - CALLE DOS,0,0,0,0,2,2,3,BIDIRECCIONAL CON BANDEJON,1,CONCRETO,1,BUENO,2,HUMEDO,4,LLOVIZNA,0,0,0,1,1,12:40:00
-8138187.70451568,-4403418.54770938,2760,-73.106584,-36.743532,1460967,2022,1,2022/05/15 00:00:00+00,8,REGION BIO BIO,8110,TALCAHUANO,32,COLISION LATERAL,30,COLISION,1,URBANA,1,TRAMO DE VIA RECTA,24,CONDUCCION EN ESTADO DE EBRIEDAD,4,ALCOHOL EN CONDUCTOR,0,ALTO HORNO,0,0,- ALTO HORNO,451,0,0,0,1,1,2,BIDIRECCIONAL,1,CONCRETO,1,BUENO,1,SECO,1,DESPEJADO,0,0,0,0,2,22:00:00
-8198925.13263756,-4524020.92957515,2761,-73.652198,-37.606751,1460979,2022,1,2022/07/20 00:00:00+00,8,REGION BIO BIO,8201,LEBU,62,CHOQUE FRENTE/LADO,40,CHOQUE,1,URBANA,15,CRUCE CON SEÑAL CEDA EL PASO,64,SEÑALIZACION DESOBEDECER SEÑAL CEDA EL PASO,10,DESOBEDIENCIA A SEÑALIZACION,0,RIOSECO,0,ALCAZAR,ALCAZAR - RIOSECO,0,0,0,0,2,0,1,UNIDIRECCIONAL,2,ASFALTO,1,BUENO,3,MOJADO,3,LLUVIA,0,0,0,0,2,15:00:00
-8127905.70201246,-4433069.62992801,2762,-73.014219,-36.956676,1461002,2022,1,2022/07/19 00:00:00+00,8,REGION BIO BIO,8103,CHIGUAYANTE,51,CHOQUE FRONTAL,40,CHOQUE,1,URBANA,1,TRAMO DE VIA RECTA,97,CAUSAS NO DETERMINADAS,13,CAUSAS NO DETERMINADAS,0,21 DE MAYO,0,SOTOMAYOR,21 DE MAYO - SOTOMAYOR,0,0,0,0,2,2,3,BIDIRECCIONAL CON BANDEJON,2,ASFALTO,1,BUENO,1,SECO,1,DESPEJADO,0,0,0,1,0,09:20:00
-8131748.08348032,-4411159.98972397,2763,-73.048736,-36.799238,1461004,2022,1,2022/07/19 00:00:00+00,8,REGION BIO BIO,8101,CONCEPCION,10,ATROPELLO,10,ATROPELLO,1,URBANA,12,CRUCE CON SEMAFORO APAGADO,97,CAUSAS NO DETERMINADAS,13,CAUSAS NO DETERMINADAS,0,VICTOR DOMINGO SILVA,0,ABDON CIFUENTES,ABDON CIFUENTES - VICTOR DOMINGO SILVA,0,0,0,0,1,1,2,BIDIRECCIONAL,1,CONCRETO,1,BUENO,2,HUMEDO,1,DESPEJADO,0,0,0,1,1,19:50:00
-8130508.15133212,-4410178.70041895,2764,-73.037597,-36.792179,1461005,2022,1,2022/07/19 00:00:00+00,8,REGION BIO BIO,8101,CONCEPCION,63,CHOQUE FRENTE/POSTERIOR,40,CHOQUE,1,URBANA,1,TRAMO DE VIA RECTA,97,CAUSAS NO DETERMINADAS,13,CAUSAS NO DETERMINADAS,0,ANDALIEN,0,0,- ANDALIEN,1062,0,0,0,2,2,3,BIDIRECCIONAL CON BANDEJON,1,CONCRETO,1,BUENO,2,HUMEDO,1,DESPEJADO,0,0,0,0,2,13:15:00
-8132303.75698251,-4414438.46792726,2765,-73.053728,-36.822817,1461007,2022,1,2022/07/19 00:00:00+00,8,REGION BIO BIO,8101,CONCEPCION,51,CHOQUE FRONTAL,40,CHOQUE,1,URBANA,1,TRAMO DE VIA RECTA,27,CONDUCCION NO ATENTO CONDICIONES TRANSITO MOMENTO,1,IMPRUDENCIA DEL CONDUCTOR,0,CAUPOLICAN,0,LAS HERAS,CAUPOLICAN - LAS HERAS,0,0,0,0,2,0,1,UNIDIRECCIONAL,2,ASFALTO,1,BUENO,2,HUMEDO,1,DESPEJADO,0,0,1,0,0,04:30:00
-8164523.22436959,-4505939.49985813,2766,-73.34316,-37.477961,1461027,2022,1,2022/07/19 00:00:00+00,8,REGION BIO BIO,8205,CURANILAHUE,50,CHOQUE,40,CHOQUE,1,URBANA,11,CRUCE CON SEMAFORO FUNCIONANDO,29,CONDUCCION CAMBIAR SORPRESIVAMENTE PISTA CIRCULACION,1,IMPRUDENCIA DEL CONDUCTOR,0,ARTURO PRAT,0,CAUPOLICAN,ARTURO PRAT - CAUPOLICAN,0,0,0,0,2,3,3,BIDIRECCIONAL CON BANDEJON,1,CONCRETO,2,REGULAR,1,SECO,1,DESPEJADO,0,0,0,0,3,18:40:00
-8131066.80819667,-4420709.64168876,2767,-73.042616,-36.8679,1461032,2022,1,2022/07/10 00:00:00+00,8,REGION BIO BIO,8103,CHIGUAYANTE,32,COLISION LATERAL,30,COLISION,1,URBANA,11,CRUCE CON SEMAFORO FUNCIONANDO,97,CAUSAS NO DETERMINADAS,13,CAUSAS NO DETERMINADAS,0,CAMINO A CHIGUAYANTE,0,PASCUAL BINIMELIS,CAMINO A CHIGUAYANTE - PASCUAL BINIMELIS,0,0,0,0,2,2,3,BIDIRECCIONAL CON BANDEJON,1,CONCRETO,1,BUENO,1,SECO,5,NEBLINA,0,0,0,0,2,19:15:00
-8127737.82108839,-4432974.00950862,2768,-73.012711,-36.955989,1461058,2022,1,2022/07/14 00:00:00+00,8,REGION BIO BIO,8103,CHIGUAYANTE,68,CHOQUE POSTERIOR/LADO,40,CHOQUE,1,URBANA,1,TRAMO DE VIA RECTA,27,CONDUCCION NO ATENTO CONDICIONES TRANSITO MOMENTO,1,IMPRUDENCIA DEL CONDUCTOR,0,PASAJE UNO,0,0,- PASAJE UNO,53,0,0,0,1,1,2,BIDIRECCIONAL,1,CONCRETO,1,BUENO,1,SECO,1,DESPEJADO,0,0,0,0,2,09:35:00
-8128832.60375255,-4429207.64887824,2769,-73.022546,-36.928948,1461064,2022,1,2022/07/16 00:00:00+00,8,REGION BIO BIO,8103,CHIGUAYANTE,10,ATROPELLO,10,ATROPELLO,1,URBANA,11,CRUCE CON SEMAFORO FUNCIONANDO,27,CONDUCCION NO ATENTO CONDICIONES TRANSITO MOMENTO,1,IMPRUDENCIA DEL CONDUCTOR,0,SANTA ELENA,0,MANUEL RODRIGUEZ,MANUEL RODRIGUEZ - SANTA ELENA,0,0,0,0,2,2,3,BIDIRECCIONAL CON BANDEJON,1,CONCRETO,1,BUENO,2,HUMEDO,2,NUBLADO,0,0,0,1,1,19:10:00
-8077831.85734433,-4452717.4809967,2770,-72.564398,-37.097584,1461075,2022,1,2022/07/14 00:00:00+00,8,REGION BIO BIO,8313,YUMBEL,10,ATROPELLO,10,ATROPELLO,1,URBANA,14,CRUCE CON SEÑAL PARE,31,NO RESPETAR DERECHO PREFERENTE DE PASO A PEATON,1,IMPRUDENCIA DEL CONDUCTOR,0,CASTELLON,0,QUINTANA,CASTELLON - QUINTANA,0,0,0,0,1,1,2,BIDIRECCIONAL,1,CONCRETO,1,BUENO,3,MOJADO,4,LLOVIZNA,0,1,0,0,1,21:20:00
-8059578.82270286,-4443582.33716055,2771,-72.400428,-37.032102,1461077,2022,1,2022/07/15 00:00:00+00,8,REGION BIO BIO,8303,CABRERO,30,COLISION,30,COLISION,1,URBANA,1,TRAMO DE VIA RECTA,27,CONDUCCION NO ATENTO CONDICIONES TRANSITO MOMENTO,1,IMPRUDENCIA DEL CONDUCTOR,0,GENERAL CRUZ,0,0,- GENERAL CRUZ,280,0,0,0,1,1,2,BIDIRECCIONAL,2,ASFALTO,1,BUENO,1,SECO,2,NUBLADO,0,0,0,0,2,19:30:00
-8058886.94980368,-4444154.08119684,2772,-72.394213,-37.036202,1461085,2022,1,2022/07/16 00:00:00+00,8,REGION BIO BIO,8303,CABRERO,63,CHOQUE FRENTE/POSTERIOR,40,CHOQUE,1,URBANA,1,TRAMO DE VIA RECTA,24,CONDUCCION EN ESTADO DE EBRIEDAD,4,ALCOHOL EN CONDUCTOR,0,PADRE HURTADO,0,0,- PADRE HURTADO,65,0,0,0,1,1,2,BIDIRECCIONAL,2,ASFALTO,1,BUENO,3,MOJADO,4,LLOVIZNA,0,0,0,0,2,18:50:00
-8052543.57560006,-4507011.0357113,2773,-72.33723,-37.4856,1461086,2022,1,2022/07/17 00:00:00+00,8,REGION BIO BIO,8301,LOS ANGELES,63,CHOQUE FRENTE/POSTERIOR,40,CHOQUE,1,URBANA,11,CRUCE CON SEMAFORO FUNCIONANDO,27,CONDUCCION NO ATENTO CONDICIONES TRANSITO MOMENTO,1,IMPRUDENCIA DEL CONDUCTOR,0,FRANCISCO ENCINA,0,JORGE INOSTROZA,FRANCISCO ENCINA - JORGE INOSTROZA,0,0,0,0,2,0,1,UNIDIRECCIONAL,2,ASFALTO,1,BUENO,3,MOJADO,3,LLUVIA,0,0,0,0,2,13:30:00
-8054009.63102991,-4503924.67500583,2774,-72.350399,-37.463597,1461089,2022,1,2022/07/18 00:00:00+00,8,REGION BIO BIO,8301,LOS ANGELES,30,COLISION,30,COLISION,1,URBANA,1,TRAMO DE VIA RECTA,93,CONDUCIR VEHICULO EN RETROCESO,1,IMPRUDENCIA DEL CONDUCTOR,0,COLON,0,0,- COLON,825,0,0,0,1,0,1,UNIDIRECCIONAL,2,ASFALTO,2,REGULAR,1,SECO,1,DESPEJADO,0,0,0,0,2,16:05:00
-8129158.05741583,-4428805.02252319,2775,-73.025469,-36.926057,1461142,2022,1,2022/07/17 00:00:00+00,8,REGION BIO BIO,8103,CHIGUAYANTE,51,CHOQUE FRONTAL,40,CHOQUE,1,URBANA,1,TRAMO DE VIA RECTA,27,CONDUCCION NO ATENTO CONDICIONES TRANSITO MOMENTO,1,IMPRUDENCIA DEL CONDUCTOR,0,MANUEL RODRIGUEZ,0,0,- MANUEL RODRIGUEZ,586,0,0,0,2,2,3,BIDIRECCIONAL CON BANDEJON,1,CONCRETO,1,BUENO,3,MOJADO,3,LLUVIA,0,0,0,0,1,08:00:00
-8127873.61973521,-4432525.4938192,2776,-73.013931,-36.952769,1461156,2022,1,2022/07/17 00:00:00+00,8,REGION BIO BIO,8103,CHIGUAYANTE,10,ATROPELLO,10,ATROPELLO,1,URBANA,11,CRUCE CON SEMAFORO FUNCIONANDO,54,EBRIEDAD DEL PEATON,5,ALCOHOL EN PEATON,0,MANUEL RODRIGUEZ,0,ITALIA,ITALIA - MANUEL RODRIGUEZ,0,0,0,0,2,2,3,BIDIRECCIONAL CON BANDEJON,1,CONCRETO,1,BUENO,3,MOJADO,3,LLUVIA,0,0,0,1,1,19:05:00
-8138777.73121273,-4408622.86888928,2777,-73.111884,-36.780986,1461164,2022,1,2022/07/20 00:00:00+00,8,REGION BIO BIO,8112,HUALPEN,10,ATROPELLO,10,ATROPELLO,1,URBANA,15,CRUCE CON SEÑAL CEDA EL PASO,54,EBRIEDAD DEL PEATON,5,ALCOHOL EN PEATON,0,GRAN BRETAÑA,0,CROACIA,CROACIA - GRAN BRETAÑA,0,0,0,0,1,1,2,BIDIRECCIONAL,1,CONCRETO,1,BUENO,2,HUMEDO,4,LLOVIZNA,0,0,0,1,1,19:40:00
-8128884.58995475,-4431053.45304218,2778,-73.023013,-36.942201,1461167,2022,1,2022/07/15 00:00:00+00,8,REGION BIO BIO,8103,CHIGUAYANTE,34,COLISION PERPENDICULAR,30,COLISION,1,URBANA,1,TRAMO DE VIA RECTA,97,CAUSAS NO DETERMINADAS,13,CAUSAS NO DETERMINADAS,0,MANQUIMAVIDA,0,0,- MANQUIMAVIDA,600,0,0,0,1,1,2,BIDIRECCIONAL,1,CONCRETO,1,BUENO,1,SECO,1,DESPEJADO,0,0,0,0,2,14:30:00
-8133915.93037598,-4415257.83502526,2779,-73.06821,-36.828709,1461175,2022,1,2022/07/13 00:00:00+00,8,REGION BIO BIO,8101,CONCEPCION,32,COLISION LATERAL,30,COLISION,1,URBANA,21,ENLACE A NIVEL,29,CONDUCCION CAMBIAR SORPRESIVAMENTE PISTA CIRCULACION,1,IMPRUDENCIA DEL CONDUCTOR,0,COSTANERA,0,PUENTE LA MOCHITA,COSTANERA - PUENTE LA MOCHITA,0,0,0,0,1,1,2,BIDIRECCIONAL,2,ASFALTO,2,REGULAR,1,SECO,2,NUBLADO,0,0,0,0,2,18:00:00
-8054357.4042511,-4504753.55233646,2780,-72.353524,-37.469506,1461184,2022,1,2022/07/18 00:00:00+00,8,REGION BIO BIO,8301,LOS ANGELES,62,CHOQUE FRENTE/LADO,40,CHOQUE,1,URBANA,1,TRAMO DE VIA RECTA,27,CONDUCCION NO ATENTO CONDICIONES TRANSITO MOMENTO,1,IMPRUDENCIA DEL CONDUCTOR,0,MENDOZA,0,0,- MENDOZA,375,0,0,0,2,0,1,UNIDIRECCIONAL,1,CONCRETO,1,BUENO,1,SECO,1,DESPEJADO,0,0,0,0,2,10:30:00
-8130820.93683735,-4414555.42114822,2781,-73.040407,-36.823658,1461185,2022,1,2022/07/14 00:00:00+00,8,REGION BIO BIO,8101,CONCEPCION,10,ATROPELLO,10,ATROPELLO,1,URBANA,11,CRUCE CON SEMAFORO FUNCIONANDO,31,NO RESPETAR DERECHO PREFERENTE DE PASO A PEATON,1,IMPRUDENCIA DEL CONDUCTOR,0,JANEQUEO,0,BERNARDO O'HIGGINS,BERNARDO O'HIGGINS - JANEQUEO,0,0,0,0,2,0,1,UNIDIRECCIONAL,1,CONCRETO,1,BUENO,1,SECO,2,NUBLADO,0,1,0,0,1,08:50:00
-8054502.83203387,-4503977.05731689,2782,-72.35483,-37.46397,1461208,2022,1,2022/07/19 00:00:00+00,8,REGION BIO BIO,8301,LOS ANGELES,32,COLISION LATERAL,30,COLISION,1,URBANA,1,TRAMO DE VIA RECTA,27,CONDUCCION NO ATENTO CONDICIONES TRANSITO MOMENTO,1,IMPRUDENCIA DEL CONDUCTOR,0,ERCILLA,0,0,- ERCILLA,799,0,0,0,2,0,1,UNIDIRECCIONAL,2,ASFALTO,2,REGULAR,1,SECO,1,DESPEJADO,0,0,0,0,2,13:50:00
-8128702.40447612,-4430054.1428531,2783,-73.021376,-36.935026,1461217,2022,1,2022/07/18 00:00:00+00,8,REGION BIO BIO,8103,CHIGUAYANTE,32,COLISION LATERAL,30,COLISION,1,URBANA,1,TRAMO DE VIA RECTA,29,CONDUCCION CAMBIAR SORPRESIVAMENTE PISTA CIRCULACION,1,IMPRUDENCIA DEL CONDUCTOR,0,PROGRESO,0,PASAJE TRES,PASAJE TRES - PROGRESO,0,0,0,0,1,1,2,BIDIRECCIONAL,1,CONCRETO,1,BUENO,1,SECO,1,DESPEJADO,0,0,0,1,1,15:40:00
-8051424.67000225,-4500771.138859,2784,-72.327178,-37.441108,1461223,2022,1,2022/07/20 00:00:00+00,8,REGION BIO BIO,8301,LOS ANGELES,32,COLISION LATERAL,30,COLISION,1,URBANA,1,TRAMO DE VIA RECTA,11,ADELANTAMIENTO SIN EL ESPACIO O TIEMPO SUFICIENTE,1,IMPRUDENCIA DEL CONDUCTOR,0,SOR VICENTA,0,LAS INDUSTRIAS,LAS INDUSTRIAS - SOR VICENTA,0,0,0,0,2,0,1,UNIDIRECCIONAL,1,CONCRETO,1,BUENO,1,SECO,1,DESPEJADO,0,0,0,0,1,13:00:00
-8132131.50120246,-4414865.26300513,2785,-73.05218,-36.825886,1461231,2022,1,2022/07/15 00:00:00+00,8,REGION BIO BIO,8101,CONCEPCION,32,COLISION LATERAL,30,COLISION,1,URBANA,1,TRAMO DE VIA RECTA,29,CONDUCCION CAMBIAR SORPRESIVAMENTE PISTA CIRCULACION,1,IMPRUDENCIA DEL CONDUCTOR,0,FREIRE,0,0,- FREIRE,575,0,0,0,2,0,1,UNIDIRECCIONAL,1,CONCRETO,1,BUENO,2,HUMEDO,2,NUBLADO,0,0,0,0,2,18:30:00
-8129173.26365827,-4429755.43072882,2786,-73.025606,-36.932881,1461235,2022,1,2022/07/16 00:00:00+00,8,REGION BIO BIO,8103,CHIGUAYANTE,65,CHOQUE LADO/LADO,40,CHOQUE,1,URBANA,1,TRAMO DE VIA RECTA,24,CONDUCCION EN ESTADO DE EBRIEDAD,4,ALCOHOL EN CONDUCTOR,0,PINARES,0,SAGARDIA,PINARES - SAGARDIA,0,0,0,0,1,1,2,BIDIRECCIONAL,1,CONCRETO,1,BUENO,1,SECO,2,NUBLADO,0,0,0,0,2,01:20:00
-8053453.82394433,-4504250.59961223,2787,-72.345407,-37.46592,1461257,2022,1,2022/07/20 00:00:00+00,8,REGION BIO BIO,8301,LOS ANGELES,69,CHOQUE POSTERIOR/POSTERIOR,40,CHOQUE,1,URBANA,1,TRAMO DE VIA RECTA,27,CONDUCCION NO ATENTO CONDICIONES TRANSITO MOMENTO,1,IMPRUDENCIA DEL CONDUCTOR,0,VOLCAN VILLARRICA,0,0,- VOLCAN VILLARRICA,458,0,0,0,2,0,1,UNIDIRECCIONAL,5,RIPIO,1,BUENO,0,0,2,NUBLADO,0,0,0,1,1,15:00:00
-8132659.54520704,-4417318.18556123,2788,-73.056924,-36.843522,1461262,2022,1,2022/07/19 00:00:00+00,8,REGION BIO BIO,8103,CHIGUAYANTE,31,COLISION FRONTAL,30,COLISION,1,URBANA,1,TRAMO DE VIA RECTA,24,CONDUCCION EN ESTADO DE EBRIEDAD,4,ALCOHOL EN CONDUCTOR,0,COSTANERA,0,0,- COSTANERA,4,0,0,0,1,1,2,BIDIRECCIONAL,2,ASFALTO,1,BUENO,1,SECO,2,NUBLADO,0,0,0,0,2,00:10:00
-8051273.88775198,-4504783.20289598,2789,-72.325824,-37.469718,1461266,2022,1,2022/07/20 00:00:00+00,8,REGION BIO BIO,8301,LOS ANGELES,70,VOLCADURA,70,VOLCADURA,1,URBANA,1,TRAMO DE VIA RECTA,24,CONDUCCION EN ESTADO DE EBRIEDAD,4,ALCOHOL EN CONDUCTOR,0,LAS INDUSTRIAS,0,0,- LAS INDUSTRIAS,506,0,0,0,2,2,3,BIDIRECCIONAL CON BANDEJON,1,CONCRETO,1,BUENO,1,SECO,2,NUBLADO,0,0,0,0,1,15:30:00
-8130290.1321094,-4414111.52026601,2790,-73.035639,-36.820466,1461291,2022,1,2022/07/15 00:00:00+00,8,REGION BIO BIO,8101,CONCEPCION,32,COLISION LATERAL,30,COLISION,1,URBANA,11,CRUCE CON SEMAFORO FUNCIONANDO,27,CONDUCCION NO ATENTO CONDICIONES TRANSITO MOMENTO,1,IMPRUDENCIA DEL CONDUCTOR,0,JUAN BOSCO,0,LOS CARRERA,JUAN BOSCO - LOS CARRERA,0,0,0,0,2,0,1,UNIDIRECCIONAL,1,CONCRETO,1,BUENO,1,SECO,2,NUBLADO,0,0,0,4,1,22:00:00
-8131455.97000453,-4415403.18269031,2791,-73.046112,-36.829754,1461295,2022,1,2022/07/16 00:00:00+00,8,REGION BIO BIO,8101,CONCEPCION,50,CHOQUE,40,CHOQUE,1,URBANA,11,CRUCE CON SEMAFORO FUNCIONANDO,27,CONDUCCION NO ATENTO CONDICIONES TRANSITO MOMENTO,1,IMPRUDENCIA DEL CONDUCTOR,0,CHACABUCO,0,COLO COLO,CHACABUCO - COLO COLO,0,0,0,0,2,2,3,BIDIRECCIONAL CON BANDEJON,1,CONCRETO,1,BUENO,1,SECO,1,DESPEJADO,0,0,0,0,2,05:35:00
-8130886.41496184,-4414768.31824791,2792,-73.040995,-36.825189,1461298,2022,1,2022/07/16 00:00:00+00,8,REGION BIO BIO,8101,CONCEPCION,53,CHOQUE POSTERIOR,40,CHOQUE,1,URBANA,11,CRUCE CON SEMAFORO FUNCIONANDO,27,CONDUCCION NO ATENTO CONDICIONES TRANSITO MOMENTO,1,IMPRUDENCIA DEL CONDUCTOR,0,PAICAVI,0,SAN MARTIN,PAICAVI - SAN MARTIN,0,0,0,0,2,2,3,BIDIRECCIONAL CON BANDEJON,1,CONCRETO,1,BUENO,1,SECO,1,DESPEJADO,0,0,0,0,2,21:01:00
-8130108.63681161,-4413446.23900177,2793,-73.034008,-36.815682,1461312,2022,1,2022/07/17 00:00:00+00,8,REGION BIO BIO,8101,CONCEPCION,34,COLISION PERPENDICULAR,30,COLISION,1,URBANA,11,CRUCE CON SEMAFORO FUNCIONANDO,62,SEÑALIZACION DESOBEDECER LUZ ROJA DE SEMAFORO,10,DESOBEDIENCIA A SEÑALIZACION,0,FRESIA,0,LOS CARRERA,FRESIA - LOS CARRERA,0,0,0,0,3,3,3,BIDIRECCIONAL CON BANDEJON,1,CONCRETO,1,BUENO,3,MOJADO,3,LLUVIA,0,0,0,1,1,15:50:00
-8131755.21905968,-4415850.71187145,2794,-73.0488,-36.832972,1461314,2022,1,2022/07/15 00:00:00+00,8,REGION BIO BIO,8101,CONCEPCION,51,CHOQUE FRONTAL,40,CHOQUE,1,URBANA,1,TRAMO DE VIA RECTA,24,CONDUCCION EN ESTADO DE EBRIEDAD,4,ALCOHOL EN CONDUCTOR,0,RENGO,0,VICTOR LAMAS,RENGO - VICTOR LAMAS,0,0,0,0,3,0,1,UNIDIRECCIONAL,1,CONCRETO,1,BUENO,1,SECO,2,NUBLADO,0,0,0,0,1,06:55:00
-8133628.58137439,-4415109.95822613,2795,-73.065629,-36.827646,1461328,2022,1,2022/06/24 00:00:00+00,8,REGION BIO BIO,8101,CONCEPCION,34,COLISION PERPENDICULAR,30,COLISION,1,URBANA,14,CRUCE CON SEÑAL PARE,65,SEÑALIZACION DESOBEDECER SEÑAL PARE,10,DESOBEDIENCIA A SEÑALIZACION,0,LASTARRIA,0,DESIDERIO SANHUEZA,DESIDERIO SANHUEZA - LASTARRIA,0,0,0,0,2,0,1,UNIDIRECCIONAL,1,CONCRETO,1,BUENO,1,SECO,1,DESPEJADO,0,0,0,0,2,19:30:00
-8128060.04648644,-4407588.07181029,2796,-73.015606,-36.77354,1461336,2022,1,2022/07/18 00:00:00+00,8,REGION BIO BIO,8101,CONCEPCION,50,CHOQUE,40,CHOQUE,1,URBANA,1,TRAMO DE VIA RECTA,27,CONDUCCION NO ATENTO CONDICIONES TRANSITO MOMENTO,1,IMPRUDENCIA DEL CONDUCTOR,0,CAMINO PENCO,0,0,- CAMINO PENCO,4866,0,0,0,2,2,3,BIDIRECCIONAL CON BANDEJON,1,CONCRETO,1,BUENO,2,HUMEDO,2,NUBLADO,0,0,0,0,2,19:30:00
-8131784.87457203,-4415244.01103728,2797,-73.049066,-36.828609,1461380,2022,1,2022/07/18 00:00:00+00,8,REGION BIO BIO,8306,NACIMIENTO,10,ATROPELLO,10,ATROPELLO,1,URBANA,14,CRUCE CON SEÑAL PARE,27,CONDUCCION NO ATENTO CONDICIONES TRANSITO MOMENTO,1,IMPRUDENCIA DEL CONDUCTOR,0,ANIBAL PINTO,0,SAN MARTIN,ANIBAL PINTO - SAN MARTIN,0,0,0,0,2,0,1,UNIDIRECCIONAL,1,CONCRETO,2,REGULAR,3,MOJADO,1,DESPEJADO,0,0,0,0,2,13:40:00
-8135502.16632809,-4411603.44777596,2798,-73.082459,-36.802428,1461522,2022,1,2022/07/22 00:00:00+00,8,REGION BIO BIO,8112,HUALPEN,30,COLISION,30,COLISION,1,URBANA,11,CRUCE CON SEMAFORO FUNCIONANDO,62,SEÑALIZACION DESOBEDECER LUZ ROJA DE SEMAFORO,10,DESOBEDIENCIA A SEÑALIZACION,0,CRISTOBAL COLON,0,PUERTO SAAVEDRA,CRISTOBAL COLON - PUERTO SAAVEDRA,0,0,0,0,2,2,3,BIDIRECCIONAL CON BANDEJON,1,CONCRETO,1,BUENO,3,MOJADO,4,LLOVIZNA,0,0,0,0,2,12:00:00
-8135944.41640111,-4410700.68852985,2799,-73.086432,-36.795934,1461541,2022,1,2022/07/22 00:00:00+00,8,REGION BIO BIO,8112,HUALPEN,51,CHOQUE FRONTAL,40,CHOQUE,1,URBANA,11,CRUCE CON SEMAFORO FUNCIONANDO,71,VELOCIDAD MAYOR QUE MAXIMA PERMITIDA,7,VELOCIDAD IMPRUDENTE,0,CRISTOBAL COLON,0,NUEVA IMPERIAL,CRISTOBAL COLON - NUEVA IMPERIAL,0,0,0,0,2,2,3,BIDIRECCIONAL CON BANDEJON,1,CONCRETO,1,BUENO,2,HUMEDO,2,NUBLADO,0,0,0,0,1,08:00:00