X,Y,FID,POINT_X,POINT_Y,Idaccident,Año,Claseaccid,Fecha,Cód_Regi,Región,Cód_Comun,Comuna,Cód_Tipo,Tipo_Accid,Cód_Tip_1,Tipo__CONA,Cód_Zona,Zona,Cód_Ubica,Ubicación,Cód_Causa,Causa,Cód_Cau_1,Causa__CON,Cód_Calle,Calle_Uno,Cód_Cal_1,Calle_Dos,Intersecci,Número,Ruta,Cód_Ruta,Ubicaci_1,Pistas_de,Pistas_d_1,Cód_Calza,Calzada,Cód__Tipo,Tipo_Calza,Cód_Estad,Estado_Cal,Cód_Condi,Condición,Cód_Est_1,Estado_Atm,Fallecidos,Graves,Menos_Grav,Leves,Ilesos,Hora_1
-8136449.49519474,-4405164.99739862,2846,-73.090969,-36.756103,1444849,2022,1,2022/05/11 00:00:00+00,8,REGION BIO BIO,8110,TALCAHUANO,32,COLISION LATERAL,30,COLISION,1,URBANA,1,TRAMO DE VIA RECTA,91,VIRAJES INDEBIDOS,1,IMPRUDENCIA DEL CONDUCTOR,0,GOMEZ CARREÑO,0,0,- GOMEZ CARREÑO,4915,0,0,0,1,1,2,BIDIRECCIONAL,1,CONCRETO,1,BUENO,1,SECO,1,DESPEJADO,0,0,0,1,1,20:20:00
-8135232.32788241,-4409315.09217161,2847,-73.080035,-36.785966,1467830,2022,1,2022/08/17 00:00:00+00,8,REGION BIO BIO,8112,HUALPEN,50,CHOQUE,40,CHOQUE,1,URBANA,14,CRUCE CON SEÑAL PARE,71,VELOCIDAD MAYOR QUE MAXIMA PERMITIDA,7,VELOCIDAD IMPRUDENTE,0,O'HIGGINS,0,SANTA MARIA,O'HIGGINS - SANTA MARIA,0,0,0,0,2,2,3,BIDIRECCIONAL CON BANDEJON,1,CONCRETO,2,REGULAR,2,HUMEDO,1,DESPEJADO,0,0,0,0,1,09:50:00
-8052738.19546582,-4504288.41139328,2848,-72.338978,-37.46619,1467844,2022,1,2022/08/17 00:00:00+00,8,REGION BIO BIO,8301,LOS ANGELES,99,OTRO TIPO,99,OTRO TIPO,1,URBANA,1,TRAMO DE VIA RECTA,98,OTRAS CAUSAS,14,OTRAS CAUSAS,0,MARCONI,0,0,- MARCONI,677,0,0,0,2,0,1,UNIDIRECCIONAL,1,CONCRETO,1,BUENO,1,SECO,1,DESPEJADO,0,0,0,0,1,00:40:00
-8134044.90513801,-4410795.62222006,2849,-73.069369,-36.796617,1467869,2022,1,2022/08/18 00:00:00+00,8,REGION BIO BIO,8112,HUALPEN,30,COLISION,30,COLISION,1,URBANA,21,ENLACE A NIVEL,27,CONDUCCION NO ATENTO CONDICIONES TRANSITO MOMENTO,1,IMPRUDENCIA DEL CONDUCTOR,0,AUTOPISTA CONCEPCION TALCAHUANO,0,JORGE ALESSANDRI RODRIGUEZ,AUTOPISTA CONCEPCION TALCAHUANO - JORGE ALESSANDRI RODRIGUEZ,0,0,0,0,2,2,3,BIDIRECCIONAL CON BANDEJON,1,CONCRETO,1,BUENO,1,SECO,1,DESPEJADO,0,0,0,0,2,19:32:00
-8136017.86500114,-4410050.95276511,2850,-73.087092,-36.79126,1467876,2022,1,2022/08/18 00:00:00+00,8,REGION BIO BIO,8112,HUALPEN,63,CHOQUE FRENTE/POSTERIOR,40,CHOQUE,1,URBANA,1,TRAMO DE VIA RECTA,27,CONDUCCION NO ATENTO CONDICIONES TRANSITO MOMENTO,1,IMPRUDENCIA DEL CONDUCTOR,0,CRISTOBAL COLON,0,0,- CRISTOBAL COLON,8396,0,0,0,2,2,2,BIDIRECCIONAL,1,CONCRETO,1,BUENO,2,HUMEDO,1,DESPEJADO,0,0,0,0,2,08:30:00
-8137138.80774563,-4403524.28017848,2851,-73.097162,-36.744293,1444873,2022,1,2022/05/12 00:00:00+00,8,REGION BIO BIO,8110,TALCAHUANO,32,COLISION LATERAL,30,COLISION,1,URBANA,11,CRUCE CON SEMAFORO FUNCIONANDO,62,SEÑALIZACION DESOBEDECER LUZ ROJA DE SEMAFORO,10,DESOBEDIENCIA A SEÑALIZACION,0,DESIDERIO GARCIA,0,CRISTOBAL COLON,CRISTOBAL COLON - DESIDERIO GARCIA,0,0,0,0,1,1,2,BIDIRECCIONAL,1,CONCRETO,1,BUENO,1,SECO,1,DESPEJADO,0,0,0,2,0,16:00:00
-8131182.63612684,-4414007.28182355,2852,-73.043656,-36.819716,1467893,2022,1,2022/08/18 00:00:00+00,8,REGION BIO BIO,8101,CONCEPCION,30,COLISION,30,COLISION,1,URBANA,24,ROTONDA,15,"ADELANTAMIENTO EN CRUCE, CURVA, CUESTA, PUENTE",1,IMPRUDENCIA DEL CONDUCTOR,0,LOS CARRERA,0,PAICAVI,LOS CARRERA - PAICAVI,0,0,0,0,2,2,3,BIDIRECCIONAL CON BANDEJON,1,CONCRETO,1,BUENO,1,SECO,1,DESPEJADO,0,0,0,0,1,08:30:00
-8053767.25510261,-4504577.83872633,2853,-72.348222,-37.468254,1444888,2022,1,2022/05/16 00:00:00+00,8,REGION BIO BIO,8301,LOS ANGELES,68,CHOQUE POSTERIOR/LADO,40,CHOQUE,1,URBANA,1,TRAMO DE VIA RECTA,27,CONDUCCION NO ATENTO CONDICIONES TRANSITO MOMENTO,1,IMPRUDENCIA DEL CONDUCTOR,0,VILLAGRAN,0,JOSE SANTOS CARO,JOSE SANTOS CARO - VILLAGRAN,0,0,0,0,2,0,1,UNIDIRECCIONAL,1,CONCRETO,1,BUENO,1,SECO,1,DESPEJADO,0,0,0,0,2,12:30:00
-8137833.50815987,-4417765.22497339,2854,-73.103402,-36.846736,1467973,2022,1,2022/08/02 00:00:00+00,8,REGION BIO BIO,8108,SAN PEDRO DE LA PAZ,51,CHOQUE FRONTAL,40,CHOQUE,1,URBANA,1,TRAMO DE VIA RECTA,72,VELOCIDAD NO RAZONABLE NI PRUDENTE,7,VELOCIDAD IMPRUDENTE,0,LOS NOGALES,0,0,- LOS NOGALES,150,0,0,0,1,0,1,UNIDIRECCIONAL,1,CONCRETO,2,REGULAR,3,MOJADO,3,LLUVIA,0,0,0,0,1,21:20:00
-8129943.80604159,-4425117.38413321,2855,-73.032528,-36.89957,1444903,2022,1,2022/05/15 00:00:00+00,8,REGION BIO BIO,8103,CHIGUAYANTE,10,ATROPELLO,10,ATROPELLO,1,URBANA,11,CRUCE CON SEMAFORO FUNCIONANDO,62,SEÑALIZACION DESOBEDECER LUZ ROJA DE SEMAFORO,10,DESOBEDIENCIA A SEÑALIZACION,0,8 ORIENTE,0,BILBAO,8 ORIENTE - BILBAO,0,0,0,0,2,2,3,BIDIRECCIONAL CON BANDEJON,1,CONCRETO,1,BUENO,1,SECO,1,DESPEJADO,0,1,0,0,1,06:25:00
-8140739.04705712,-4414907.44280297,2856,-73.129503,-36.826189,1467974,2022,1,2022/08/02 00:00:00+00,8,REGION BIO BIO,8108,SAN PEDRO DE LA PAZ,50,CHOQUE,40,CHOQUE,1,URBANA,1,TRAMO DE VIA RECTA,27,CONDUCCION NO ATENTO CONDICIONES TRANSITO MOMENTO,1,IMPRUDENCIA DEL CONDUCTOR,0,LAS TORRES,0,0,- LAS TORRES,850,0,0,0,2,0,1,UNIDIRECCIONAL,1,CONCRETO,2,REGULAR,1,SECO,2,NUBLADO,0,0,0,0,1,07:45:00
-8053146.59328169,-4504408.24310168,2857,-72.342647,-37.467044,1444935,2022,1,2022/05/16 00:00:00+00,8,REGION BIO BIO,8301,LOS ANGELES,31,COLISION FRONTAL,30,COLISION,1,URBANA,1,TRAMO DE VIA RECTA,23,CONDUCCION CONTRA SENTIDO DEL TRANSITO,1,IMPRUDENCIA DEL CONDUCTOR,0,BALMACEDA,0,EULOGIO ALTAMIRANO,BALMACEDA - EULOGIO ALTAMIRANO,0,0,0,0,1,0,1,UNIDIRECCIONAL,1,CONCRETO,1,BUENO,1,SECO,1,DESPEJADO,0,1,0,0,1,19:30:00
-8133109.75462365,-4414960.81794013,2858,-73.060968,-36.826573,1467975,2022,1,2022/08/01 00:00:00+00,8,REGION BIO BIO,8108,SAN PEDRO DE LA PAZ,50,CHOQUE,40,CHOQUE,1,URBANA,1,TRAMO DE VIA RECTA,27,CONDUCCION NO ATENTO CONDICIONES TRANSITO MOMENTO,1,IMPRUDENCIA DEL CONDUCTOR,0,ARTURO PRAT,0,0,- ARTURO PRAT,850,0,0,0,0,0,1,UNIDIRECCIONAL,2,ASFALTO,3,MALO,1,SECO,1,DESPEJADO,0,0,0,0,1,18:00:00
-8120397.99272683,-4438425.44317179,2859,-72.946776,-36.995112,1444937,2022,1,2022/05/11 00:00:00+00,8,REGION BIO BIO,8105,HUALQUI,34,COLISION PERPENDICULAR,30,COLISION,1,URBANA,1,TRAMO DE VIA RECTA,27,CONDUCCION NO ATENTO CONDICIONES TRANSITO MOMENTO,1,IMPRUDENCIA DEL CONDUCTOR,0,LA ARAUCANA,0,EL AGUILA,EL AGUILA - LA ARAUCANA,0,0,0,0,1,1,2,BIDIRECCIONAL,2,ASFALTO,1,BUENO,2,HUMEDO,1,DESPEJADO,0,0,2,2,0,22:10:00
-8136073.49135069,-4403070.86462336,2860,-73.087592,-36.74103,1444954,2022,1,2022/04/23 00:00:00+00,8,REGION BIO BIO,8110,TALCAHUANO,69,CHOQUE POSTERIOR/POSTERIOR,40,CHOQUE,1,URBANA,26,OTROS NO CONSIDERADOS,24,CONDUCCION EN ESTADO DE EBRIEDAD,4,ALCOHOL EN CONDUCTOR,0,CALLE A,0,0,- CALLE A,904,0,0,0,1,1,2,BIDIRECCIONAL,1,CONCRETO,1,BUENO,1,SECO,1,DESPEJADO,0,0,0,0,2,23:00:00
-8131142.67242964,-4414928.0251587,2861,-73.043297,-36.826337,1467976,2022,1,2022/08/07 00:00:00+00,8,REGION BIO BIO,8108,SAN PEDRO DE LA PAZ,50,CHOQUE,40,CHOQUE,1,URBANA,1,TRAMO DE VIA RECTA,27,CONDUCCION NO ATENTO CONDICIONES TRANSITO MOMENTO,1,IMPRUDENCIA DEL CONDUCTOR,0,PEDRO AGUIRRE CERDA,0,0,- PEDRO AGUIRRE CERDA,1120,0,0,0,2,0,1,UNIDIRECCIONAL,1,CONCRETO,1,BUENO,1,SECO,2,NUBLADO,0,0,0,0,2,14:00:00
-8091912.08087343,-4508447.7965379,2862,-72.690883,-37.495841,1444997,2022,1,2022/05/16 00:00:00+00,8,REGION BIO BIO,8306,NACIMIENTO,33,COLISION POR ALCANCE,30,COLISION,1,URBANA,1,TRAMO DE VIA RECTA,27,CONDUCCION NO ATENTO CONDICIONES TRANSITO MOMENTO,1,IMPRUDENCIA DEL CONDUCTOR,0,JULIO HEMMELMANN,0,0,- JULIO HEMMELMANN,711,0,0,0,1,1,2,BIDIRECCIONAL,2,ASFALTO,1,BUENO,1,SECO,1,DESPEJADO,0,0,0,0,2,10:00:00
-8132019.93680879,-4414492.14665387,2863,-73.051178,-36.823203,1445005,2022,1,2022/05/16 00:00:00+00,8,REGION BIO BIO,8101,CONCEPCION,65,CHOQUE LADO/LADO,40,CHOQUE,1,URBANA,1,TRAMO DE VIA RECTA,28,CONDUCCION SIN MANTENER DISTANCIA RAZONABLE NI PRUDENTE,1,IMPRUDENCIA DEL CONDUCTOR,0,LOS CARRERA,0,0,- LOS CARRERA,750,0,0,0,2,0,1,UNIDIRECCIONAL,1,CONCRETO,1,BUENO,1,SECO,1,DESPEJADO,0,0,0,0,2,14:00:00
-8144270.27941627,-4435442.7524023,2864,-73.161225,-36.973709,1467983,2022,1,2022/07/22 00:00:00+00,8,REGION BIO BIO,8102,CORONEL,32,COLISION LATERAL,30,COLISION,1,URBANA,11,CRUCE CON SEMAFORO FUNCIONANDO,27,CONDUCCION NO ATENTO CONDICIONES TRANSITO MOMENTO,1,IMPRUDENCIA DEL CONDUCTOR,0,MANUEL MONTT,0,LOS NOTROS,LOS NOTROS - MANUEL MONTT,0,0,0,0,1,1,2,BIDIRECCIONAL,2,ASFALTO,1,BUENO,1,SECO,1,DESPEJADO,0,0,0,1,1,07:20:00
-8135514.64524301,-4411662.99306727,2865,-73.082572,-36.802856,1445023,2022,1,2022/05/16 00:00:00+00,8,REGION BIO BIO,8112,HUALPEN,63,CHOQUE FRENTE/POSTERIOR,40,CHOQUE,1,URBANA,1,TRAMO DE VIA RECTA,27,CONDUCCION NO ATENTO CONDICIONES TRANSITO MOMENTO,1,IMPRUDENCIA DEL CONDUCTOR,0,CRISTOBAL COLON,0,0,- CRISTOBAL COLON,9500,0,0,0,2,2,3,BIDIRECCIONAL CON BANDEJON,1,CONCRETO,1,BUENO,1,SECO,1,DESPEJADO,0,0,0,0,2,16:45:00
-8144433.42926197,-4436568.94949697,2866,-73.16269,-36.981791,1468003,2022,1,2022/08/02 00:00:00+00,8,REGION BIO BIO,8102,CORONEL,30,COLISION,30,COLISION,1,URBANA,11,CRUCE CON SEMAFORO FUNCIONANDO,27,CONDUCCION NO ATENTO CONDICIONES TRANSITO MOMENTO,1,IMPRUDENCIA DEL CONDUCTOR,0,LAS ENCINAS,0,MANUEL MONTT,LAS ENCINAS - MANUEL MONTT,0,0,0,0,2,0,1,UNIDIRECCIONAL,2,ASFALTO,1,BUENO,1,SECO,1,DESPEJADO,0,0,0,1,1,09:15:00
-8138478.69366461,-4399467.38337833,2867,-73.109198,-36.715085,1445034,2022,1,2022/05/15 00:00:00+00,8,REGION BIO BIO,8110,TALCAHUANO,63,CHOQUE FRENTE/POSTERIOR,40,CHOQUE,1,URBANA,11,CRUCE CON SEMAFORO FUNCIONANDO,28,CONDUCCION SIN MANTENER DISTANCIA RAZONABLE NI PRUDENTE,1,IMPRUDENCIA DEL CONDUCTOR,0,BLANCO ENCALADA,0,0,- BLANCO ENCALADA,701,0,0,0,1,1,3,BIDIRECCIONAL CON BANDEJON,1,CONCRETO,1,BUENO,1,SECO,1,DESPEJADO,0,0,0,0,2,12:10:00
-8143186.20568713,-4433438.73227396,2868,-73.151486,-36.959325,1468011,2022,1,2022/08/05 00:00:00+00,8,REGION BIO BIO,8102,CORONEL,32,COLISION LATERAL,30,COLISION,1,URBANA,14,CRUCE CON SEÑAL PARE,65,SEÑALIZACION DESOBEDECER SEÑAL PARE,10,DESOBEDIENCIA A SEÑALIZACION,0,WENMAPU,0,MANGUIN,MANGUIN - WENMAPU,0,0,0,0,1,1,2,BIDIRECCIONAL,1,CONCRETO,1,BUENO,3,MOJADO,3,LLUVIA,0,0,0,0,2,13:10:00
-8143961.55707245,-4440818.64096024,2869,-73.158451,-37.01228,1468030,2022,1,2022/08/05 00:00:00+00,8,REGION BIO BIO,8102,CORONEL,53,CHOQUE POSTERIOR,40,CHOQUE,1,URBANA,11,CRUCE CON SEMAFORO FUNCIONANDO,27,CONDUCCION NO ATENTO CONDICIONES TRANSITO MOMENTO,1,IMPRUDENCIA DEL CONDUCTOR,0,YOBILO,0,GENERAL CARLOS PRATS,GENERAL CARLOS PRATS - YOBILO,0,0,0,0,1,1,2,BIDIRECCIONAL,2,ASFALTO,2,REGULAR,1,SECO,2,NUBLADO,0,0,0,3,1,20:00:00
-8138777.73121273,-4408622.86888928,2870,-73.111884,-36.780986,1445060,2022,1,2022/05/17 00:00:00+00,8,REGION BIO BIO,8112,HUALPEN,30,COLISION,30,COLISION,1,URBANA,15,CRUCE CON SEÑAL CEDA EL PASO,32,NO RESPETAR DERECHO PREFERENTE DE PASO A VEHICULO,1,IMPRUDENCIA DEL CONDUCTOR,0,IRLANDA,0,GRAN BRETAÑA,GRAN BRETAÑA - IRLANDA,0,0,0,0,1,1,2,BIDIRECCIONAL,1,CONCRETO,1,BUENO,1,SECO,1,DESPEJADO,0,1,0,0,1,08:25:00
-8136645.53994997,-4404614.15951074,2871,-73.092731,-36.752138,1468042,2022,1,2022/07/31 00:00:00+00,8,REGION BIO BIO,8110,TALCAHUANO,63,CHOQUE FRENTE/POSTERIOR,40,CHOQUE,1,URBANA,11,CRUCE CON SEMAFORO FUNCIONANDO,28,CONDUCCION SIN MANTENER DISTANCIA RAZONABLE NI PRUDENTE,1,IMPRUDENCIA DEL CONDUCTOR,0,CRISTOBAL COLON,0,0,- CRISTOBAL COLON,4996,0,0,0,1,1,3,BIDIRECCIONAL CON BANDEJON,1,CONCRETO,1,BUENO,1,SECO,1,DESPEJADO,0,0,0,0,2,22:00:00
-8136106.44191996,-4406353.73215223,2872,-73.087888,-36.764658,1445070,2022,1,2022/05/15 00:00:00+00,8,REGION BIO BIO,8110,TALCAHUANO,32,COLISION LATERAL,30,COLISION,1,URBANA,1,TRAMO DE VIA RECTA,91,VIRAJES INDEBIDOS,1,IMPRUDENCIA DEL CONDUCTOR,0,LAS HORTENSIAS,0,0,- LAS HORTENSIAS,5650,0,0,0,1,1,2,BIDIRECCIONAL,1,CONCRETO,1,BUENO,1,SECO,1,DESPEJADO,0,0,0,1,1,10:57:00
-8143247.008393,-4438380.36837599,2873,-73.152033,-36.994788,1468050,2022,1,2022/08/07 00:00:00+00,8,REGION BIO BIO,8102,CORONEL,50,CHOQUE,40,CHOQUE,1,URBANA,1,TRAMO DE VIA RECTA,27,CONDUCCION NO ATENTO CONDICIONES TRANSITO MOMENTO,1,IMPRUDENCIA DEL CONDUCTOR,0,LAS TOSCAS,0,RIO PITRUFQUEN,LAS TOSCAS - RIO PITRUFQUEN,0,0,0,0,1,1,2,BIDIRECCIONAL,1,CONCRETO,1,BUENO,1,SECO,1,DESPEJADO,0,0,0,1,0,12:30:00
-8139497.74567918,-4399409.73923838,2874,-73.118352,-36.71467,1445122,2022,1,2022/05/16 00:00:00+00,8,REGION BIO BIO,8110,TALCAHUANO,63,CHOQUE FRENTE/POSTERIOR,40,CHOQUE,1,URBANA,1,TRAMO DE VIA RECTA,28,CONDUCCION SIN MANTENER DISTANCIA RAZONABLE NI PRUDENTE,1,IMPRUDENCIA DEL CONDUCTOR,0,TUMBES,0,0,- TUMBES,44,0,0,0,1,1,2,BIDIRECCIONAL,1,CONCRETO,1,BUENO,1,SECO,1,DESPEJADO,0,0,0,4,2,08:50:00
-8135492.80435891,-4408126.51343067,2875,-73.082375,-36.777415,1468058,2022,1,2022/08/02 00:00:00+00,8,REGION BIO BIO,8110,TALCAHUANO,32,COLISION LATERAL,30,COLISION,1,URBANA,16,CRUCE SIN SEÑALIZACION,32,NO RESPETAR DERECHO PREFERENTE DE PASO A VEHICULO,1,IMPRUDENCIA DEL CONDUCTOR,0,EL NOGAL,0,ALTO HORNO,ALTO HORNO - EL NOGAL,0,0,0,0,1,1,2,BIDIRECCIONAL,1,CONCRETO,1,BUENO,1,SECO,1,DESPEJADO,0,0,0,1,1,08:20:00
-8138498.45287423,-4410924.15730721,2876,-73.109375,-36.797542,1445124,2022,1,2022/05/17 00:00:00+00,8,REGION BIO BIO,8112,HUALPEN,30,COLISION,30,COLISION,1,URBANA,16,CRUCE SIN SEÑALIZACION,32,NO RESPETAR DERECHO PREFERENTE DE PASO A VEHICULO,1,IMPRUDENCIA DEL CONDUCTOR,0,PASAJE DIEZ,0,PASAJE DIECIOCHO,PASAJE DIECIOCHO - PASAJE DIEZ,0,0,0,0,1,1,2,BIDIRECCIONAL,1,CONCRETO,1,BUENO,1,SECO,1,DESPEJADO,0,0,0,0,2,07:45:00
-8053916.82397044,-4503642.16565525,2877,-72.349566,-37.461582,1468072,2022,1,2022/08/17 00:00:00+00,8,REGION BIO BIO,8301,LOS ANGELES,68,CHOQUE POSTERIOR/LADO,40,CHOQUE,1,URBANA,1,TRAMO DE VIA RECTA,27,CONDUCCION NO ATENTO CONDICIONES TRANSITO MOMENTO,1,IMPRUDENCIA DEL CONDUCTOR,0,ALMAGRO,0,0,- ALMAGRO,998,0,0,0,2,0,1,UNIDIRECCIONAL,1,CONCRETO,1,BUENO,2,HUMEDO,1,DESPEJADO,0,0,0,0,2,17:35:00
-8129672.25327575,-4413141.75003891,2878,-73.030088,-36.813492,1445142,2022,1,2022/04/29 00:00:00+00,8,REGION BIO BIO,8101,CONCEPCION,30,COLISION,30,COLISION,1,URBANA,14,CRUCE CON SEÑAL PARE,65,SEÑALIZACION DESOBEDECER SEÑAL PARE,10,DESOBEDIENCIA A SEÑALIZACION,0,JUAN BOSCO,0,BAQUEDANO,BAQUEDANO - JUAN BOSCO,0,0,0,0,2,0,1,UNIDIRECCIONAL,1,CONCRETO,1,BUENO,1,SECO,1,DESPEJADO,0,0,0,0,2,19:00:00
-8139345.07099756,-4400814.25633659,2879,-73.116981,-36.724783,1468075,2022,1,2022/08/03 00:00:00+00,8,REGION BIO BIO,8110,TALCAHUANO,32,COLISION LATERAL,30,COLISION,1,URBANA,16,CRUCE SIN SEÑALIZACION,32,NO RESPETAR DERECHO PREFERENTE DE PASO A VEHICULO,1,IMPRUDENCIA DEL CONDUCTOR,0,PASAJE DOCE,0,2 NORTE,2 NORTE - PASAJE DOCE,0,0,0,0,1,1,2,BIDIRECCIONAL,1,CONCRETO,1,BUENO,1,SECO,1,DESPEJADO,0,0,0,0,2,17:30:00
-8135032.8656188,-4412364.88239378,2880,-73.078244,-36.807905,1445144,2022,1,2022/05/01 00:00:00+00,8,REGION BIO BIO,8101,CONCEPCION,30,COLISION,30,COLISION,1,URBANA,1,TRAMO DE VIA RECTA,32,NO RESPETAR DERECHO PREFERENTE DE PASO A VEHICULO,1,IMPRUDENCIA DEL CONDUCTOR,0,21 DE MAYO,0,PEDRO DE OÑA,21 DE MAYO - PEDRO DE OÑA,0,0,0,0,2,2,2,BIDIRECCIONAL,1,CONCRETO,1,BUENO,1,SECO,1,DESPEJADO,0,0,0,0,2,17:15:00
-8130559.50301322,-4409519.80862988,2881,-73.038059,-36.787439,1445150,2022,1,2022/05/01 00:00:00+00,8,REGION BIO BIO,8101,CONCEPCION,50,CHOQUE,40,CHOQUE,1,URBANA,1,TRAMO DE VIA RECTA,27,CONDUCCION NO ATENTO CONDICIONES TRANSITO MOMENTO,1,IMPRUDENCIA DEL CONDUCTOR,0,MARIANO LATORRE,0,MARIA BRUNET,MARIA BRUNET - MARIANO LATORRE,0,0,0,0,2,2,2,BIDIRECCIONAL,1,CONCRETO,1,BUENO,1,SECO,1,DESPEJADO,0,0,0,0,1,02:15:00
-8132615.2623136,-4417486.20741255,2882,-73.056526,-36.84473,1468080,2022,1,2022/08/16 00:00:00+00,8,REGION BIO BIO,8101,CONCEPCION,32,COLISION LATERAL,30,COLISION,1,URBANA,1,TRAMO DE VIA RECTA,29,CONDUCCION CAMBIAR SORPRESIVAMENTE PISTA CIRCULACION,1,IMPRUDENCIA DEL CONDUCTOR,0,COSTANERA,0,SARGENTO ALDEA,COSTANERA - SARGENTO ALDEA,0,0,0,0,2,0,1,UNIDIRECCIONAL,1,CONCRETO,1,BUENO,3,MOJADO,3,LLUVIA,0,0,0,0,2,11:50:00
-8132368.45587056,-4414657.52333444,2883,-73.054309,-36.824392,1445154,2022,1,2022/05/01 00:00:00+00,8,REGION BIO BIO,8101,CONCEPCION,30,COLISION,30,COLISION,1,URBANA,11,CRUCE CON SEMAFORO FUNCIONANDO,62,SEÑALIZACION DESOBEDECER LUZ ROJA DE SEMAFORO,10,DESOBEDIENCIA A SEÑALIZACION,0,LOS CARRERA,0,RENGO,LOS CARRERA - RENGO,0,0,0,0,2,2,2,BIDIRECCIONAL,1,CONCRETO,1,BUENO,1,SECO,1,DESPEJADO,0,1,0,1,1,22:30:00
-8131264.34463308,-4414065.51950412,2884,-73.04439,-36.820135,1468082,2022,1,2022/08/15 00:00:00+00,8,REGION BIO BIO,8101,CONCEPCION,53,CHOQUE POSTERIOR,40,CHOQUE,1,URBANA,1,TRAMO DE VIA RECTA,27,CONDUCCION NO ATENTO CONDICIONES TRANSITO MOMENTO,1,IMPRUDENCIA DEL CONDUCTOR,0,ALMIRANTE RIQUELME,0,0,- ALMIRANTE RIQUELME,3019,0,0,0,1,1,2,BIDIRECCIONAL,1,CONCRETO,1,BUENO,3,MOJADO,3,LLUVIA,0,0,0,1,1,22:15:00
-8132394.18180489,-4411938.25707846,2885,-73.05454,-36.804836,1445165,2022,1,2022/05/02 00:00:00+00,8,REGION BIO BIO,8101,CONCEPCION,30,COLISION,30,COLISION,1,URBANA,1,TRAMO DE VIA RECTA,27,CONDUCCION NO ATENTO CONDICIONES TRANSITO MOMENTO,1,IMPRUDENCIA DEL CONDUCTOR,0,PAICAVI,0,0,- PAICAVI,2325,0,0,0,3,3,2,BIDIRECCIONAL,1,CONCRETO,1,BUENO,1,SECO,1,DESPEJADO,0,0,0,0,2,14:00:00
-8134232.53413974,-4415093.45033516,2886,-73.071054,-36.827527,1468087,2022,1,2022/08/16 00:00:00+00,8,REGION BIO BIO,8101,CONCEPCION,34,COLISION PERPENDICULAR,30,COLISION,1,URBANA,14,CRUCE CON SEÑAL PARE,65,SEÑALIZACION DESOBEDECER SEÑAL PARE,10,DESOBEDIENCIA A SEÑALIZACION,0,COSTANERA,0,ERCILLA,COSTANERA - ERCILLA,0,0,0,0,1,1,2,BIDIRECCIONAL,1,CONCRETO,1,BUENO,2,HUMEDO,2,NUBLADO,0,0,0,1,2,23:00:00
-8131671.5290665,-4414273.02512002,2887,-73.048048,-36.821627,1445170,2022,1,2022/05/03 00:00:00+00,8,REGION BIO BIO,8101,CONCEPCION,30,COLISION,30,COLISION,1,URBANA,1,TRAMO DE VIA RECTA,29,CONDUCCION CAMBIAR SORPRESIVAMENTE PISTA CIRCULACION,1,IMPRUDENCIA DEL CONDUCTOR,0,LOS CARRERA,0,TUCAPEL,LOS CARRERA - TUCAPEL,0,0,0,0,2,2,2,BIDIRECCIONAL,1,CONCRETO,1,BUENO,1,SECO,1,DESPEJADO,0,0,0,1,1,10:30:00
-8136617.77686897,-4405137.12553485,2888,-73.092481,-36.755902,1468095,2022,1,2022/08/05 00:00:00+00,8,REGION BIO BIO,8110,TALCAHUANO,33,COLISION POR ALCANCE,30,COLISION,1,URBANA,1,TRAMO DE VIA RECTA,28,CONDUCCION SIN MANTENER DISTANCIA RAZONABLE NI PRUDENTE,1,IMPRUDENCIA DEL CONDUCTOR,0,LAS HORTENSIAS,0,0,- LAS HORTENSIAS,4995,0,0,0,1,1,2,BIDIRECCIONAL,1,CONCRETO,1,BUENO,1,SECO,1,DESPEJADO,0,0,0,0,2,15:52:00
-8130962.91371591,-4414701.66315545,2889,-73.041683,-36.82471,1468099,2022,1,2022/08/17 00:00:00+00,8,REGION BIO BIO,8101,CONCEPCION,53,CHOQUE POSTERIOR,40,CHOQUE,1,URBANA,1,TRAMO DE VIA RECTA,95,PERDIDA CONTROL VEHICULO,9,PERDIDA CONTROL VEHICULO,0,PAICAVI,0,0,- PAICAVI,367,0,0,0,2,2,3,BIDIRECCIONAL CON BANDEJON,1,CONCRETO,1,BUENO,1,SECO,1,DESPEJADO,0,0,0,0,2,12:45:00
-8131917.74551624,-4415174.96090341,2890,-73.05026,-36.828113,1468106,2022,1,2022/08/17 00:00:00+00,8,REGION BIO BIO,8101,CONCEPCION,32,COLISION LATERAL,30,COLISION,1,URBANA,1,TRAMO DE VIA RECTA,27,CONDUCCION NO ATENTO CONDICIONES TRANSITO MOMENTO,1,IMPRUDENCIA DEL CONDUCTOR,0,CAUPOLICAN,0,0,- CAUPOLICAN,374,0,0,0,2,0,1,UNIDIRECCIONAL,1,CONCRETO,1,BUENO,1,SECO,1,DESPEJADO,0,0,0,0,2,13:55:00
-8053797.5785319,-4504469.21137503,2891,-72.348495,-37.467479,1468108,2022,1,2022/08/18 00:00:00+00,8,REGION BIO BIO,8301,LOS ANGELES,52,CHOQUE LATERAL,40,CHOQUE,1,URBANA,1,TRAMO DE VIA RECTA,27,CONDUCCION NO ATENTO CONDICIONES TRANSITO MOMENTO,1,IMPRUDENCIA DEL CONDUCTOR,0,ALMAGRO,0,RENGO,ALMAGRO - RENGO,0,0,0,0,2,0,1,UNIDIRECCIONAL,1,CONCRETO,3,MALO,1,SECO,1,DESPEJADO,0,0,0,0,1,19:15:00