X,Y,FID,POINT_X,POINT_Y,Idaccident,Año,Claseaccid,Fecha,Cód_Regi,Región,Cód_Comun,Comuna,Cód_Tipo,Tipo_Accid,Cód_Tip_1,Tipo__CONA,Cód_Zona,Zona,Cód_Ubica,Ubicación,Cód_Causa,Causa,Cód_Cau_1,Causa__CON,Cód_Calle,Calle_Uno,Cód_Cal_1,Calle_Dos,Intersecci,Número,Ruta,Cód_Ruta,Ubicaci_1,Pistas_de,Pistas_d_1,Cód_Calza,Calzada,Cód__Tipo,Tipo_Calza,Cód_Estad,Estado_Cal,Cód_Condi,Condición,Cód_Est_1,Estado_Atm,Fallecidos,Graves,Menos_Grav,Leves,Ilesos,Hora_1
-8051336.03742368,-4505198.83851058,2938,-72.326382,-37.472681,1445609,2022,1,2022/05/18 00:00:00+00,8,REGION BIO BIO,8301,LOS ANGELES,63,CHOQUE FRENTE/POSTERIOR,40,CHOQUE,1,URBANA,1,TRAMO DE VIA RECTA,27,CONDUCCION NO ATENTO CONDICIONES TRANSITO MOMENTO,1,IMPRUDENCIA DEL CONDUCTOR,0,LAS INDUSTRIAS,0,GABRIELA MISTRAL,GABRIELA MISTRAL - LAS INDUSTRIAS,0,0,0,0,2,0,1,UNIDIRECCIONAL,1,CONCRETO,1,BUENO,6,CON ACEITE,1,DESPEJADO,0,0,0,0,2,19:15:00
-8052418.93116622,-4508608.78640753,2939,-72.33611,-37.496988,1445614,2022,1,2022/05/18 00:00:00+00,8,REGION BIO BIO,8301,LOS ANGELES,30,COLISION,30,COLISION,1,URBANA,14,CRUCE CON SEÑAL PARE,27,CONDUCCION NO ATENTO CONDICIONES TRANSITO MOMENTO,1,IMPRUDENCIA DEL CONDUCTOR,0,LOS CARRERA,0,NUEVA ESPERANZA,LOS CARRERA - NUEVA ESPERANZA,0,0,0,0,1,1,2,BIDIRECCIONAL,2,ASFALTO,2,REGULAR,2,HUMEDO,5,NEBLINA,0,0,0,2,0,20:45:00
-8128307.23141575,-4414101.67486252,2940,-73.017826,-36.820395,1468237,2022,1,2022/08/18 00:00:00+00,8,REGION BIO BIO,8101,CONCEPCION,30,COLISION,30,COLISION,1,URBANA,11,CRUCE CON SEMAFORO FUNCIONANDO,27,CONDUCCION NO ATENTO CONDICIONES TRANSITO MOMENTO,1,IMPRUDENCIA DEL CONDUCTOR,0,GENERAL NOVOA,0,LOS LIRIOS,GENERAL NOVOA - LOS LIRIOS,0,0,0,0,3,0,1,UNIDIRECCIONAL,1,CONCRETO,1,BUENO,1,SECO,1,DESPEJADO,0,0,0,0,2,08:00:00
-8054448.88660863,-4505963.13601266,2941,-72.354345,-37.47813,1445615,2022,1,2022/05/19 00:00:00+00,8,REGION BIO BIO,8301,LOS ANGELES,32,COLISION LATERAL,30,COLISION,1,URBANA,15,CRUCE CON SEÑAL CEDA EL PASO,27,CONDUCCION NO ATENTO CONDICIONES TRANSITO MOMENTO,1,IMPRUDENCIA DEL CONDUCTOR,0,MANUEL RODRIGUEZ,0,CONDELL,CONDELL - MANUEL RODRIGUEZ,0,0,0,0,2,0,1,UNIDIRECCIONAL,1,CONCRETO,1,BUENO,1,SECO,2,NUBLADO,0,0,0,2,0,10:15:00
-8128366.40885706,-4414235.99309476,2942,-73.018358,-36.821361,1468242,2022,1,2022/08/18 00:00:00+00,8,REGION BIO BIO,8101,CONCEPCION,30,COLISION,30,COLISION,1,URBANA,16,CRUCE SIN SEÑALIZACION,27,CONDUCCION NO ATENTO CONDICIONES TRANSITO MOMENTO,1,IMPRUDENCIA DEL CONDUCTOR,0,LOS LIRIOS,0,ARTURO PEREZ CANTO,ARTURO PEREZ CANTO - LOS LIRIOS,0,0,0,0,1,1,2,BIDIRECCIONAL,1,CONCRETO,1,BUENO,1,SECO,1,DESPEJADO,0,0,0,0,2,12:40:00
-8129899.99069002,-4413637.29643815,2943,-73.032134,-36.817056,1445641,2022,1,2022/05/17 00:00:00+00,8,REGION BIO BIO,8101,CONCEPCION,50,CHOQUE,40,CHOQUE,1,URBANA,1,TRAMO DE VIA RECTA,27,CONDUCCION NO ATENTO CONDICIONES TRANSITO MOMENTO,1,IMPRUDENCIA DEL CONDUCTOR,0,LEONOR MASCAYANO,0,0,- LEONOR MASCAYANO,2388,0,0,0,1,1,2,BIDIRECCIONAL,1,CONCRETO,1,BUENO,1,SECO,1,DESPEJADO,0,0,0,0,2,08:13:00
-8131034.25837756,-4408107.57029714,2944,-73.042323,-36.777278,1468249,2022,1,2022/08/19 00:00:00+00,8,REGION BIO BIO,8101,CONCEPCION,20,CAIDA,20,CAIDA,1,URBANA,16,CRUCE SIN SEÑALIZACION,42,PASAJERO VIAJA EN PISADERA DE VEHICULO,3,IMPRUDENCIA DEL PASAJERO,0,VALLE BLANCO,0,COSTANERA ANDALIEN,COSTANERA ANDALIEN - VALLE BLANCO,0,0,0,0,1,1,2,BIDIRECCIONAL,1,CONCRETO,1,BUENO,1,SECO,1,DESPEJADO,0,0,0,1,1,11:00:00
-8139623.48104403,-4399779.21705136,2945,-73.119482,-36.717331,1445642,2022,1,2022/05/18 00:00:00+00,8,REGION BIO BIO,8110,TALCAHUANO,63,CHOQUE FRENTE/POSTERIOR,40,CHOQUE,1,URBANA,1,TRAMO DE VIA RECTA,24,CONDUCCION EN ESTADO DE EBRIEDAD,4,ALCOHOL EN CONDUCTOR,0,LATORRE,0,0,- LATORRE,688,0,0,0,1,1,2,BIDIRECCIONAL,1,CONCRETO,1,BUENO,1,SECO,1,DESPEJADO,0,0,0,0,2,17:30:00
-8135806.35796863,-4413642.3718826,2946,-73.085192,-36.817092,1468257,2022,1,2022/08/19 00:00:00+00,8,REGION BIO BIO,8101,CONCEPCION,50,CHOQUE,40,CHOQUE,1,URBANA,1,TRAMO DE VIA RECTA,27,CONDUCCION NO ATENTO CONDICIONES TRANSITO MOMENTO,1,IMPRUDENCIA DEL CONDUCTOR,0,COSTANERA,0,ACCESO PUENTE JUAN PABLO II,ACCESO PUENTE JUAN PABLO II - COSTANERA,0,0,0,0,2,2,3,BIDIRECCIONAL CON BANDEJON,1,CONCRETO,1,BUENO,1,SECO,1,DESPEJADO,0,0,0,0,2,17:30:00
-8132368.5560581,-4415004.33319924,2947,-73.05431,-36.826886,1445646,2022,1,2022/05/17 00:00:00+00,8,REGION BIO BIO,8101,CONCEPCION,50,CHOQUE,40,CHOQUE,1,URBANA,1,TRAMO DE VIA RECTA,28,CONDUCCION SIN MANTENER DISTANCIA RAZONABLE NI PRUDENTE,1,IMPRUDENCIA DEL CONDUCTOR,0,LINCOYAN,0,FREIRE,FREIRE - LINCOYAN,0,0,0,0,3,0,1,UNIDIRECCIONAL,1,CONCRETO,1,BUENO,1,SECO,1,DESPEJADO,0,0,0,0,1,11:15:00
-8131248.21443886,-4414421.96107794,2948,-73.044246,-36.822698,1468267,2022,1,2022/08/19 00:00:00+00,8,REGION BIO BIO,8101,CONCEPCION,52,CHOQUE LATERAL,40,CHOQUE,1,URBANA,16,CRUCE SIN SEÑALIZACION,28,CONDUCCION SIN MANTENER DISTANCIA RAZONABLE NI PRUDENTE,1,IMPRUDENCIA DEL CONDUCTOR,0,ONGOLMO,0,FREIRE,FREIRE - ONGOLMO,0,0,0,0,2,0,1,UNIDIRECCIONAL,1,CONCRETO,1,BUENO,1,SECO,1,DESPEJADO,0,0,0,0,2,20:38:00
-8130403.63346221,-4414530.98741428,2949,-73.036659,-36.823482,1468270,2022,1,2022/08/19 00:00:00+00,8,REGION BIO BIO,8101,CONCEPCION,33,COLISION POR ALCANCE,30,COLISION,1,URBANA,1,TRAMO DE VIA RECTA,28,CONDUCCION SIN MANTENER DISTANCIA RAZONABLE NI PRUDENTE,1,IMPRUDENCIA DEL CONDUCTOR,0,ROOSEVELT,0,SAN MARTIN,ROOSEVELT - SAN MARTIN,0,0,0,0,2,2,2,BIDIRECCIONAL,1,CONCRETO,1,BUENO,1,SECO,1,DESPEJADO,0,0,0,0,2,17:32:00
-8122084.03773439,-4384064.71022039,2950,-72.961922,-36.60409,1445677,2022,1,2022/05/19 00:00:00+00,8,REGION BIO BIO,8111,TOME,31,COLISION FRONTAL,30,COLISION,1,URBANA,1,TRAMO DE VIA RECTA,11,ADELANTAMIENTO SIN EL ESPACIO O TIEMPO SUFICIENTE,1,IMPRUDENCIA DEL CONDUCTOR,0,ENRIQUE MOLINA,0,0,- ENRIQUE MOLINA,653,0,0,0,1,1,2,BIDIRECCIONAL,1,CONCRETO,1,BUENO,1,SECO,1,DESPEJADO,0,0,0,0,2,13:00:00
-8170567.72800433,-4551252.4239371,2951,-73.397459,-37.800295,1468273,2022,1,2022/08/11 00:00:00+00,8,REGION BIO BIO,8203,CAÑETE,10,ATROPELLO,10,ATROPELLO,1,URBANA,1,TRAMO DE VIA RECTA,27,CONDUCCION NO ATENTO CONDICIONES TRANSITO MOMENTO,1,IMPRUDENCIA DEL CONDUCTOR,0,MILLARAY,0,0,- MILLARAY,1,0,0,0,1,1,2,BIDIRECCIONAL,2,ASFALTO,1,BUENO,2,HUMEDO,1,DESPEJADO,0,0,0,1,1,07:55:00
-8139661.66362938,-4416412.07621095,2952,-73.119825,-36.837008,1445684,2022,1,2022/05/01 00:00:00+00,8,REGION BIO BIO,8108,SAN PEDRO DE LA PAZ,30,COLISION,30,COLISION,1,URBANA,11,CRUCE CON SEMAFORO FUNCIONANDO,97,CAUSAS NO DETERMINADAS,13,CAUSAS NO DETERMINADAS,0,PEDRO AGUIRRE CERDA,0,PRESIDENTE JORGE ALESSANDRI,PEDRO AGUIRRE CERDA - PRESIDENTE JORGE ALESSANDRI,0,0,0,0,2,2,2,BIDIRECCIONAL,1,CONCRETO,1,BUENO,1,SECO,1,DESPEJADO,0,0,0,0,1,18:00:00
-8131635.39475979,-4415172.47149104,2953,-73.047724,-36.828095,1468277,2022,1,2022/08/19 00:00:00+00,8,REGION BIO BIO,8101,CONCEPCION,30,COLISION,30,COLISION,1,URBANA,1,TRAMO DE VIA RECTA,27,CONDUCCION NO ATENTO CONDICIONES TRANSITO MOMENTO,1,IMPRUDENCIA DEL CONDUCTOR,0,SAN MARTIN,0,0,- SAN MARTIN,770,0,0,0,2,0,1,UNIDIRECCIONAL,1,CONCRETO,1,BUENO,1,SECO,1,DESPEJADO,0,0,0,0,2,12:15:00
-8139470.63938317,-4416468.05988394,2954,-73.118109,-36.83741,1445685,2022,1,2022/05/02 00:00:00+00,8,REGION BIO BIO,8108,SAN PEDRO DE LA PAZ,30,COLISION,30,COLISION,1,URBANA,11,CRUCE CON SEMAFORO FUNCIONANDO,97,CAUSAS NO DETERMINADAS,13,CAUSAS NO DETERMINADAS,0,DIAGONAL BIO BIO,0,LAS TORRES,DIAGONAL BIO BIO - LAS TORRES,0,0,0,0,1,1,2,BIDIRECCIONAL,1,CONCRETO,1,BUENO,1,SECO,1,DESPEJADO,0,0,0,0,1,16:30:00
-8136645.53994997,-4404614.15951074,2955,-73.092731,-36.752138,1468288,2022,1,2022/08/14 00:00:00+00,8,REGION BIO BIO,8110,TALCAHUANO,10,ATROPELLO,10,ATROPELLO,1,URBANA,11,CRUCE CON SEMAFORO FUNCIONANDO,52,PEATON CRUZA CALZADA FORMA SORPRESIVA O DESCUIDADA,2,IMPRUDENCIA DEL PEATON,0,CRISTOBAL COLON,0,0,- CRISTOBAL COLON,2190,0,0,0,1,1,3,BIDIRECCIONAL CON BANDEJON,1,CONCRETO,1,BUENO,1,SECO,1,DESPEJADO,0,0,0,1,1,08:30:00
-8136694.79882465,-4417816.56956463,2956,-73.093173,-36.847105,1445687,2022,1,2022/05/03 00:00:00+00,8,REGION BIO BIO,8108,SAN PEDRO DE LA PAZ,30,COLISION,30,COLISION,1,URBANA,1,TRAMO DE VIA RECTA,97,CAUSAS NO DETERMINADAS,13,CAUSAS NO DETERMINADAS,0,CAMINO EL VENADO,0,0,- CAMINO EL VENADO,560,0,0,0,2,2,3,BIDIRECCIONAL CON BANDEJON,1,CONCRETO,1,BUENO,1,SECO,2,NUBLADO,0,0,0,0,1,09:22:00
-8137322.69641247,-4417247.39711826,2957,-73.098814,-36.843013,1445688,2022,1,2022/05/04 00:00:00+00,8,REGION BIO BIO,8108,SAN PEDRO DE LA PAZ,30,COLISION,30,COLISION,1,URBANA,14,CRUCE CON SEÑAL PARE,97,CAUSAS NO DETERMINADAS,13,CAUSAS NO DETERMINADAS,0,LOS CANELOS,0,BASCUÑAN Y PINEDA,BASCUÑAN Y PINEDA - LOS CANELOS,0,0,0,0,1,1,2,BIDIRECCIONAL,1,CONCRETO,1,BUENO,1,SECO,1,DESPEJADO,0,0,0,0,1,19:15:00
-8131104.84606667,-4415059.79489962,2958,-73.042958,-36.827285,1468302,2022,1,2022/08/20 00:00:00+00,8,REGION BIO BIO,8101,CONCEPCION,34,COLISION PERPENDICULAR,30,COLISION,1,URBANA,14,CRUCE CON SEÑAL PARE,65,SEÑALIZACION DESOBEDECER SEÑAL PARE,10,DESOBEDIENCIA A SEÑALIZACION,0,OROMPELLO,0,COCHRANE,COCHRANE - OROMPELLO,0,0,0,0,2,0,1,UNIDIRECCIONAL,1,CONCRETO,1,BUENO,1,SECO,1,DESPEJADO,0,0,0,1,2,13:20:00
-8138554.68034903,-4419331.88217628,2959,-73.109881,-36.857997,1445690,2022,1,2022/05/07 00:00:00+00,8,REGION BIO BIO,8108,SAN PEDRO DE LA PAZ,30,COLISION,30,COLISION,1,URBANA,1,TRAMO DE VIA RECTA,97,CAUSAS NO DETERMINADAS,13,CAUSAS NO DETERMINADAS,0,PEDRO AGUIRRE CERDA,0,LAGUNA GRANDE,LAGUNA GRANDE - PEDRO AGUIRRE CERDA,0,0,0,0,2,2,3,BIDIRECCIONAL CON BANDEJON,1,CONCRETO,1,BUENO,1,SECO,1,DESPEJADO,0,0,0,1,0,12:55:00
-8139341.76480868,-4416450.04771353,2960,-73.116951,-36.837281,1445691,2022,1,2022/05/10 00:00:00+00,8,REGION BIO BIO,8108,SAN PEDRO DE LA PAZ,30,COLISION,30,COLISION,1,URBANA,1,TRAMO DE VIA RECTA,97,CAUSAS NO DETERMINADAS,13,CAUSAS NO DETERMINADAS,0,PEDRO AGUIRRE CERDA,0,0,- PEDRO AGUIRRE CERDA,1849,0,0,0,2,2,3,BIDIRECCIONAL CON BANDEJON,1,CONCRETO,1,BUENO,1,SECO,1,DESPEJADO,0,0,0,0,2,22:15:00
-8133000.9175575,-4408103.52594944,2961,-73.05999,-36.777249,1468322,2022,1,2022/08/15 00:00:00+00,8,REGION BIO BIO,8110,TALCAHUANO,70,VOLCADURA,70,VOLCADURA,1,URBANA,24,ROTONDA,72,VELOCIDAD NO RAZONABLE NI PRUDENTE,7,VELOCIDAD IMPRUDENTE,0,PRESIDENTE JORGE ALESSANDRI RODRIGUEZ,0,0,- PRESIDENTE JORGE ALESSANDRI RODRIGUEZ,5001,0,0,0,1,0,1,UNIDIRECCIONAL,1,CONCRETO,1,BUENO,1,SECO,1,DESPEJADO,0,0,0,0,1,21:30:00
-8139165.83548543,-4416550.83280584,2962,-73.115371,-36.838006,1445692,2022,1,2022/05/10 00:00:00+00,8,REGION BIO BIO,8108,SAN PEDRO DE LA PAZ,30,COLISION,30,COLISION,1,URBANA,11,CRUCE CON SEMAFORO FUNCIONANDO,97,CAUSAS NO DETERMINADAS,13,CAUSAS NO DETERMINADAS,0,PEDRO AGUIRRE CERDA,0,LOS AVELLANOS,LOS AVELLANOS - PEDRO AGUIRRE CERDA,0,0,0,0,2,2,3,BIDIRECCIONAL CON BANDEJON,1,CONCRETO,1,BUENO,1,SECO,1,DESPEJADO,0,0,0,0,1,21:00:00
-8130996.37635484,-4414175.96060358,2963,-73.041983,-36.820929,1468330,2022,1,2022/08/20 00:00:00+00,8,REGION BIO BIO,8101,CONCEPCION,50,CHOQUE,40,CHOQUE,1,URBANA,1,TRAMO DE VIA RECTA,27,CONDUCCION NO ATENTO CONDICIONES TRANSITO MOMENTO,1,IMPRUDENCIA DEL CONDUCTOR,0,JANEQUEO,0,0,- JANEQUEO,666,0,0,0,2,0,1,UNIDIRECCIONAL,1,CONCRETO,1,BUENO,1,SECO,1,DESPEJADO,0,0,0,0,2,22:00:00
-8137230.84670062,-4417500.52117751,2964,-73.097988,-36.844833,1445737,2022,1,2022/05/11 00:00:00+00,8,REGION BIO BIO,8108,SAN PEDRO DE LA PAZ,30,COLISION,30,COLISION,1,URBANA,15,CRUCE CON SEÑAL CEDA EL PASO,97,CAUSAS NO DETERMINADAS,13,CAUSAS NO DETERMINADAS,0,LOS CANELOS,0,CAPELLAN ABARZUA,CAPELLAN ABARZUA - LOS CANELOS,0,0,0,0,1,1,2,BIDIRECCIONAL,1,CONCRETO,1,BUENO,2,HUMEDO,1,DESPEJADO,0,0,0,0,2,08:20:00
-8132635.03265517,-4417281.86625998,2965,-73.056703,-36.843261,1468333,2022,1,2022/08/21 00:00:00+00,8,REGION BIO BIO,8101,CONCEPCION,50,CHOQUE,40,CHOQUE,1,URBANA,1,TRAMO DE VIA RECTA,24,CONDUCCION EN ESTADO DE EBRIEDAD,4,ALCOHOL EN CONDUCTOR,0,BLANCO SUR,0,0,- BLANCO SUR,13,0,0,0,2,0,1,UNIDIRECCIONAL,1,CONCRETO,1,BUENO,1,SECO,1,DESPEJADO,0,0,0,1,0,02:40:00
-8131671.5290665,-4414273.02512002,2966,-73.048048,-36.821627,1445750,2022,1,2022/05/17 00:00:00+00,8,REGION BIO BIO,8101,CONCEPCION,33,COLISION POR ALCANCE,30,COLISION,1,URBANA,11,CRUCE CON SEMAFORO FUNCIONANDO,28,CONDUCCION SIN MANTENER DISTANCIA RAZONABLE NI PRUDENTE,1,IMPRUDENCIA DEL CONDUCTOR,0,TUCAPEL,0,LOS CARRERA,LOS CARRERA - TUCAPEL,0,0,0,0,3,0,1,UNIDIRECCIONAL,1,CONCRETO,1,BUENO,1,SECO,1,DESPEJADO,0,0,0,0,2,08:05:00
-8042752.40299565,-4540258.61081636,2967,-72.249274,-37.722219,1468343,2022,1,2022/08/19 00:00:00+00,8,REGION BIO BIO,8305,MULCHEN,30,COLISION,30,COLISION,1,URBANA,5,PUENTE,1,FALLAS MECANICAS FRENOS,12,FALLAS MECANICAS,0,AMUNATEGUI,0,JOSE JOAQUIN PEREZ,AMUNATEGUI - JOSE JOAQUIN PEREZ,0,0,0,0,2,0,1,UNIDIRECCIONAL,2,ASFALTO,1,BUENO,1,SECO,1,DESPEJADO,0,0,0,3,0,19:00:00
-8131107.66244979,-4414703.83260317,2968,-73.042983,-36.824725,1445755,2022,1,2022/05/17 00:00:00+00,8,REGION BIO BIO,8101,CONCEPCION,34,COLISION PERPENDICULAR,30,COLISION,1,URBANA,11,CRUCE CON SEMAFORO FUNCIONANDO,62,SEÑALIZACION DESOBEDECER LUZ ROJA DE SEMAFORO,10,DESOBEDIENCIA A SEÑALIZACION,0,BERNARDO O'HIGGINS,0,ONGOLMO,BERNARDO O'HIGGINS - ONGOLMO,0,0,0,0,2,0,1,UNIDIRECCIONAL,1,CONCRETO,1,BUENO,1,SECO,1,DESPEJADO,0,0,0,1,2,12:15:00
-8042132.78757794,-4539514.13497737,2969,-72.243708,-37.716929,1468353,2022,1,2022/08/19 00:00:00+00,8,REGION BIO BIO,8305,MULCHEN,30,COLISION,30,COLISION,1,URBANA,15,CRUCE CON SEÑAL CEDA EL PASO,64,SEÑALIZACION DESOBEDECER SEÑAL CEDA EL PASO,10,DESOBEDIENCIA A SEÑALIZACION,0,GANA,0,CAMPILLO,CAMPILLO - GANA,0,0,0,0,2,0,1,UNIDIRECCIONAL,2,ASFALTO,1,BUENO,1,SECO,1,DESPEJADO,0,0,0,2,0,08:50:00
-8130545.12053501,-4413698.3827016,2970,-73.03793,-36.817495,1445764,2022,1,2022/05/17 00:00:00+00,8,REGION BIO BIO,8101,CONCEPCION,32,COLISION LATERAL,30,COLISION,1,URBANA,11,CRUCE CON SEMAFORO FUNCIONANDO,91,VIRAJES INDEBIDOS,1,IMPRUDENCIA DEL CONDUCTOR,0,LOS CARRERA,0,LIENTUR,LIENTUR - LOS CARRERA,0,0,0,0,3,0,1,UNIDIRECCIONAL,3,ADOQUIN,3,MALO,1,SECO,2,NUBLADO,0,0,0,2,2,07:40:00
-8133467.94734918,-4409875.58372646,2971,-73.064186,-36.789999,1468402,2022,1,2022/08/17 00:00:00+00,8,REGION BIO BIO,8110,TALCAHUANO,32,COLISION LATERAL,30,COLISION,1,URBANA,1,TRAMO DE VIA RECTA,27,CONDUCCION NO ATENTO CONDICIONES TRANSITO MOMENTO,1,IMPRUDENCIA DEL CONDUCTOR,0,PRESIDENTE JORGE ALESSANDRI RODRIGUEZ,0,0,- PRESIDENTE JORGE ALESSANDRI RODRIGUEZ,3177,0,0,0,1,1,2,BIDIRECCIONAL,1,CONCRETO,1,BUENO,1,SECO,1,DESPEJADO,0,0,0,0,2,15:20:00
-8130942.37526986,-4415367.94081021,2972,-73.041498,-36.829501,1445774,2022,1,2022/04/26 00:00:00+00,8,REGION BIO BIO,8101,CONCEPCION,32,COLISION LATERAL,30,COLISION,1,URBANA,1,TRAMO DE VIA RECTA,27,CONDUCCION NO ATENTO CONDICIONES TRANSITO MOMENTO,1,IMPRUDENCIA DEL CONDUCTOR,0,VICTOR LAMAS,0,OROMPELLO,OROMPELLO - VICTOR LAMAS,0,0,0,0,3,0,1,UNIDIRECCIONAL,1,CONCRETO,1,BUENO,1,SECO,1,DESPEJADO,0,0,0,0,2,18:30:00
-8181198.76163898,-4627505.37820846,2973,-73.492959,-38.339556,1468512,2022,1,2022/08/13 00:00:00+00,8,REGION BIO BIO,8207,TIRUA,30,COLISION,30,COLISION,1,URBANA,1,TRAMO DE VIA RECTA,27,CONDUCCION NO ATENTO CONDICIONES TRANSITO MOMENTO,1,IMPRUDENCIA DEL CONDUCTOR,0,LOS PHILOS,0,0,- LOS PHILOS,1,0,0,0,1,1,2,BIDIRECCIONAL,2,ASFALTO,1,BUENO,2,HUMEDO,1,DESPEJADO,0,0,0,0,1,13:20:00
-8130727.45072898,-4409252.75228806,2974,-73.039567,-36.785518,1445775,2022,1,2022/05/13 00:00:00+00,8,REGION BIO BIO,8101,CONCEPCION,32,COLISION LATERAL,30,COLISION,1,URBANA,14,CRUCE CON SEÑAL PARE,28,CONDUCCION SIN MANTENER DISTANCIA RAZONABLE NI PRUDENTE,1,IMPRUDENCIA DEL CONDUCTOR,0,IGNACIO SERRANO,0,VICTOR LAMAS,IGNACIO SERRANO - VICTOR LAMAS,0,0,0,0,2,0,1,UNIDIRECCIONAL,1,CONCRETO,1,BUENO,1,SECO,1,DESPEJADO,0,0,0,0,2,19:00:00
-8170383.6389624,-4551060.09133378,2975,-73.395805,-37.798929,1468532,2022,1,2022/08/14 00:00:00+00,8,REGION BIO BIO,8203,CAÑETE,30,COLISION,30,COLISION,1,URBANA,1,TRAMO DE VIA RECTA,23,CONDUCCION CONTRA SENTIDO DEL TRANSITO,1,IMPRUDENCIA DEL CONDUCTOR,0,MARIÑAN,0,0,- MARIÑAN,995,0,0,0,1,0,1,UNIDIRECCIONAL,1,CONCRETO,1,BUENO,2,HUMEDO,2,NUBLADO,0,0,0,0,1,20:10:00
-8131246.24408388,-4414777.14907074,2976,-73.044228,-36.825252,1445781,2022,1,2022/05/18 00:00:00+00,8,REGION BIO BIO,8101,CONCEPCION,50,CHOQUE,40,CHOQUE,1,URBANA,11,CRUCE CON SEMAFORO FUNCIONANDO,27,CONDUCCION NO ATENTO CONDICIONES TRANSITO MOMENTO,1,IMPRUDENCIA DEL CONDUCTOR,0,OROMPELLO,0,BERNARDO O'HIGGINS,BERNARDO O'HIGGINS - OROMPELLO,0,0,0,0,2,0,1,UNIDIRECCIONAL,1,CONCRETO,1,BUENO,1,SECO,2,NUBLADO,0,0,0,0,2,17:55:00
-8131967.98400243,-4412609.1725354,2977,-73.050711,-36.809662,1468537,2022,1,2022/08/15 00:00:00+00,8,REGION BIO BIO,8101,CONCEPCION,63,CHOQUE FRENTE/POSTERIOR,40,CHOQUE,1,URBANA,11,CRUCE CON SEMAFORO FUNCIONANDO,95,PERDIDA CONTROL VEHICULO,9,PERDIDA CONTROL VEHICULO,0,PAICAVI,0,EJERCITO,EJERCITO - PAICAVI,0,0,0,0,3,3,3,BIDIRECCIONAL CON BANDEJON,1,CONCRETO,1,BUENO,1,SECO,1,DESPEJADO,0,0,0,0,2,21:00:00
-8134581.42055584,-4411394.13127198,2978,-73.074188,-36.800922,1445783,2022,1,2022/05/20 00:00:00+00,8,REGION BIO BIO,8112,HUALPEN,30,COLISION,30,COLISION,1,URBANA,16,CRUCE SIN SEÑALIZACION,11,ADELANTAMIENTO SIN EL ESPACIO O TIEMPO SUFICIENTE,1,IMPRUDENCIA DEL CONDUCTOR,0,GABRIELA MISTRAL,0,LAS CANCHAS,GABRIELA MISTRAL - LAS CANCHAS,0,0,0,0,2,2,2,BIDIRECCIONAL,1,CONCRETO,1,BUENO,2,HUMEDO,2,NUBLADO,0,0,0,0,2,08:20:00
-8132083.84532845,-4413463.25882638,2979,-73.051752,-36.815804,1468543,2022,1,2022/08/15 00:00:00+00,8,REGION BIO BIO,8101,CONCEPCION,63,CHOQUE FRENTE/POSTERIOR,40,CHOQUE,1,URBANA,1,TRAMO DE VIA RECTA,93,CONDUCIR VEHICULO EN RETROCESO,1,IMPRUDENCIA DEL CONDUCTOR,0,MANUEL RODRIGUEZ,0,TUCAPEL,MANUEL RODRIGUEZ - TUCAPEL,0,0,0,0,2,0,1,UNIDIRECCIONAL,2,ASFALTO,1,BUENO,2,HUMEDO,1,DESPEJADO,0,0,0,0,2,02:38:00
-8124869.28478989,-4413772.77687176,2980,-72.986943,-36.81803,1445785,2022,1,2022/05/18 00:00:00+00,8,REGION BIO BIO,8101,CONCEPCION,10,ATROPELLO,10,ATROPELLO,1,URBANA,1,TRAMO DE VIA RECTA,51,PEATON PERMANECE SOBRE LA CALZADA,2,IMPRUDENCIA DEL PEATON,0,21 DE MAYO,0,0,- 21 DE MAYO,2961,0,0,0,1,1,2,BIDIRECCIONAL,1,CONCRETO,1,BUENO,1,SECO,2,NUBLADO,0,1,0,0,1,18:59:00
-8130957.57038035,-4411173.07159724,2981,-73.041635,-36.799332,1468558,2022,1,2022/08/16 00:00:00+00,8,REGION BIO BIO,8101,CONCEPCION,61,CHOQUE FRENTE/FRENTE,40,CHOQUE,1,URBANA,1,TRAMO DE VIA RECTA,97,CAUSAS NO DETERMINADAS,13,CAUSAS NO DETERMINADAS,0,ALONSO DE RIBERA,0,LAGUNA LO GALINDO,ALONSO DE RIBERA - LAGUNA LO GALINDO,0,0,0,0,0,0,3,BIDIRECCIONAL CON BANDEJON,1,CONCRETO,1,BUENO,3,MOJADO,3,LLUVIA,0,1,1,0,1,14:20:00
-8052381.20499079,-4501786.77435419,2982,-72.335771,-37.448351,1445809,2022,1,2022/05/19 00:00:00+00,8,REGION BIO BIO,8301,LOS ANGELES,30,COLISION,30,COLISION,1,URBANA,1,TRAMO DE VIA RECTA,27,CONDUCCION NO ATENTO CONDICIONES TRANSITO MOMENTO,1,IMPRUDENCIA DEL CONDUCTOR,0,SOR VICENTA,0,NIEVES VASQUEZ,NIEVES VASQUEZ - SOR VICENTA,0,0,0,0,2,0,1,UNIDIRECCIONAL,1,CONCRETO,1,BUENO,3,MOJADO,4,LLOVIZNA,0,0,0,0,2,22:55:00
-8170322.91418017,-4552356.65825631,2983,-73.395259,-37.808132,1468564,2022,1,2022/08/15 00:00:00+00,8,REGION BIO BIO,8203,CAÑETE,50,CHOQUE,40,CHOQUE,1,URBANA,1,TRAMO DE VIA RECTA,28,CONDUCCION SIN MANTENER DISTANCIA RAZONABLE NI PRUDENTE,1,IMPRUDENCIA DEL CONDUCTOR,0,IGNACIO CARRERA PINTO,0,0,- IGNACIO CARRERA PINTO,655,0,0,0,1,1,2,BIDIRECCIONAL,2,ASFALTO,1,BUENO,3,MOJADO,3,LLUVIA,0,0,0,0,1,20:59:00