X,Y,FID,POINT_X,POINT_Y,Idaccident,Año,Claseaccid,Fecha,Cód_Regi,Región,Cód_Comun,Comuna,Cód_Tipo,Tipo_Accid,Cód_Tip_1,Tipo__CONA,Cód_Zona,Zona,Cód_Ubica,Ubicación,Cód_Causa,Causa,Cód_Cau_1,Causa__CON,Cód_Calle,Calle_Uno,Cód_Cal_1,Calle_Dos,Intersecci,Número,Ruta,Cód_Ruta,Ubicaci_1,Pistas_de,Pistas_d_1,Cód_Calza,Calzada,Cód__Tipo,Tipo_Calza,Cód_Estad,Estado_Cal,Cód_Condi,Condición,Cód_Est_1,Estado_Atm,Fallecidos,Graves,Menos_Grav,Leves,Ilesos,Hora_1
-8141948.47766484,-4398881.47179461,3168,-73.140368,-36.710866,1469805,2022,1,2022/08/26 00:00:00+00,8,REGION BIO BIO,8110,TALCAHUANO,99,OTRO TIPO,99,OTRO TIPO,1,URBANA,16,CRUCE SIN SEÑALIZACION,27,CONDUCCION NO ATENTO CONDICIONES TRANSITO MOMENTO,1,IMPRUDENCIA DEL CONDUCTOR,0,PUNTA EL FARO,0,BAHIA INGLESA,BAHIA INGLESA - PUNTA EL FARO,0,0,0,0,1,1,2,BIDIRECCIONAL,1,CONCRETO,1,BUENO,1,SECO,1,DESPEJADO,0,1,0,0,1,08:30:00
-8054983.42053953,-4505109.49082168,3169,-72.359147,-37.472044,1447416,2022,1,2022/05/25 00:00:00+00,8,REGION BIO BIO,8301,LOS ANGELES,63,CHOQUE FRENTE/POSTERIOR,40,CHOQUE,1,URBANA,15,CRUCE CON SEÑAL CEDA EL PASO,27,CONDUCCION NO ATENTO CONDICIONES TRANSITO MOMENTO,1,IMPRUDENCIA DEL CONDUCTOR,0,RICARDO VICUÑA,0,JOSE MIGUEL INFANTE,JOSE MIGUEL INFANTE - RICARDO VICUÑA,0,0,0,0,2,0,1,UNIDIRECCIONAL,1,CONCRETO,1,BUENO,1,SECO,1,DESPEJADO,0,1,0,0,1,19:20:00
-8133301.36886316,-4415660.08756258,3170,-73.062689,-36.831601,1469811,2022,1,2022/08/21 00:00:00+00,8,REGION BIO BIO,8101,CONCEPCION,63,CHOQUE FRENTE/POSTERIOR,40,CHOQUE,1,URBANA,15,CRUCE CON SEÑAL CEDA EL PASO,27,CONDUCCION NO ATENTO CONDICIONES TRANSITO MOMENTO,1,IMPRUDENCIA DEL CONDUCTOR,0,BICENTENARIO,0,LOS PRESIDENTES,BICENTENARIO - LOS PRESIDENTES,0,0,0,0,2,2,2,BIDIRECCIONAL,1,CONCRETO,1,BUENO,1,SECO,1,DESPEJADO,0,0,0,0,3,02:49:00
-8126218.51041415,-4414311.22539526,3171,-72.999063,-36.821902,1447419,2022,1,2022/05/24 00:00:00+00,8,REGION BIO BIO,8101,CONCEPCION,53,CHOQUE POSTERIOR,40,CHOQUE,1,URBANA,16,CRUCE SIN SEÑALIZACION,27,CONDUCCION NO ATENTO CONDICIONES TRANSITO MOMENTO,1,IMPRUDENCIA DEL CONDUCTOR,0,COLLAO,0,0,- COLLAO,2075,0,0,0,2,0,1,UNIDIRECCIONAL,1,CONCRETO,1,BUENO,1,SECO,1,DESPEJADO,0,0,0,0,2,08:40:00
-8162179.67078966,-4472984.31642836,3172,-73.322108,-37.242658,1469855,2022,1,2022/08/21 00:00:00+00,8,REGION BIO BIO,8202,ARAUCO,33,COLISION POR ALCANCE,30,COLISION,1,URBANA,1,TRAMO DE VIA RECTA,27,CONDUCCION NO ATENTO CONDICIONES TRANSITO MOMENTO,1,IMPRUDENCIA DEL CONDUCTOR,0,ARTURO PRAT,0,FRESIA,ARTURO PRAT - FRESIA,0,0,0,0,1,1,2,BIDIRECCIONAL,1,CONCRETO,1,BUENO,1,SECO,1,DESPEJADO,0,0,0,1,2,03:12:00
-8131182.63612684,-4414007.28182355,3173,-73.043656,-36.819716,1447428,2022,1,2022/05/25 00:00:00+00,8,REGION BIO BIO,8101,CONCEPCION,32,COLISION LATERAL,30,COLISION,1,URBANA,24,ROTONDA,27,CONDUCCION NO ATENTO CONDICIONES TRANSITO MOMENTO,1,IMPRUDENCIA DEL CONDUCTOR,0,LOS CARRERA,0,PAICAVI,LOS CARRERA - PAICAVI,0,0,0,0,2,0,1,UNIDIRECCIONAL,1,CONCRETO,1,BUENO,1,SECO,1,DESPEJADO,0,0,0,0,2,08:10:00
-8054150.33886628,-4506164.36110071,3174,-72.351664,-37.479564,1469922,2022,1,2022/08/25 00:00:00+00,8,REGION BIO BIO,8301,LOS ANGELES,32,COLISION LATERAL,30,COLISION,1,URBANA,1,TRAMO DE VIA RECTA,27,CONDUCCION NO ATENTO CONDICIONES TRANSITO MOMENTO,1,IMPRUDENCIA DEL CONDUCTOR,0,ELEUTERIO RAMIREZ,0,O'HIGGINS,ELEUTERIO RAMIREZ - O'HIGGINS,0,0,0,0,1,0,1,UNIDIRECCIONAL,1,CONCRETO,2,REGULAR,1,SECO,1,DESPEJADO,0,1,0,0,1,12:00:00
-8161206.67164844,-4473298.16594382,3175,-73.313367,-37.244902,1447431,2022,1,2022/05/26 00:00:00+00,8,REGION BIO BIO,8202,ARAUCO,32,COLISION LATERAL,30,COLISION,1,URBANA,1,TRAMO DE VIA RECTA,93,CONDUCIR VEHICULO EN RETROCESO,1,IMPRUDENCIA DEL CONDUCTOR,0,CARLOS CONDELL,0,0,- CARLOS CONDELL,136,0,0,0,2,0,1,UNIDIRECCIONAL,1,CONCRETO,1,BUENO,1,SECO,1,DESPEJADO,0,0,0,0,2,10:50:00
-8128389.96406131,-4430829.85320274,3176,-73.018569,-36.940596,1447436,2022,1,2022/05/21 00:00:00+00,8,REGION BIO BIO,8103,CHIGUAYANTE,63,CHOQUE FRENTE/POSTERIOR,40,CHOQUE,1,URBANA,11,CRUCE CON SEMAFORO FUNCIONANDO,24,CONDUCCION EN ESTADO DE EBRIEDAD,4,ALCOHOL EN CONDUCTOR,0,MANUEL RODRIGUEZ,0,MANQUIMAVIDA,MANQUIMAVIDA - MANUEL RODRIGUEZ,0,0,0,0,2,2,3,BIDIRECCIONAL CON BANDEJON,1,CONCRETO,1,BUENO,2,HUMEDO,2,NUBLADO,0,0,0,0,2,00:30:00
-8129833.6665374,-4425351.41555196,3177,-73.031538,-36.901251,1469927,2022,1,2022/08/23 00:00:00+00,8,REGION BIO BIO,8103,CHIGUAYANTE,63,CHOQUE FRENTE/POSTERIOR,40,CHOQUE,1,URBANA,11,CRUCE CON SEMAFORO FUNCIONANDO,97,CAUSAS NO DETERMINADAS,13,CAUSAS NO DETERMINADAS,0,8 ORIENTE,0,LAS VIOLETAS,8 ORIENTE - LAS VIOLETAS,0,0,0,0,2,2,3,BIDIRECCIONAL CON BANDEJON,1,CONCRETO,1,BUENO,1,SECO,2,NUBLADO,0,0,0,1,1,19:15:00
-8129386.45161509,-4412765.92717035,3178,-73.027521,-36.810789,1447454,2022,1,2022/05/25 00:00:00+00,8,REGION BIO BIO,8101,CONCEPCION,32,COLISION LATERAL,30,COLISION,1,URBANA,24,ROTONDA,29,CONDUCCION CAMBIAR SORPRESIVAMENTE PISTA CIRCULACION,1,IMPRUDENCIA DEL CONDUCTOR,0,GENERAL BONILLA,0,JUAN BOSCO,GENERAL BONILLA - JUAN BOSCO,0,0,0,0,2,0,1,UNIDIRECCIONAL,1,CONCRETO,1,BUENO,1,SECO,1,DESPEJADO,0,0,0,0,2,09:00:00
-8165076.98317654,-4506373.65612369,3179,-73.348135,-37.481056,1469929,2022,1,2022/08/26 00:00:00+00,8,REGION BIO BIO,8205,CURANILAHUE,52,CHOQUE LATERAL,40,CHOQUE,1,URBANA,1,TRAMO DE VIA RECTA,27,CONDUCCION NO ATENTO CONDICIONES TRANSITO MOMENTO,1,IMPRUDENCIA DEL CONDUCTOR,0,ERNESTO RIQUELME,0,0,- ERNESTO RIQUELME,781,0,0,0,2,0,1,UNIDIRECCIONAL,1,CONCRETO,1,BUENO,1,SECO,1,DESPEJADO,0,0,0,0,2,13:00:00
-8051424.67000225,-4500771.138859,3180,-72.327178,-37.441108,1469943,2022,1,2022/08/25 00:00:00+00,8,REGION BIO BIO,8301,LOS ANGELES,67,CHOQUE POSTERIOR/FRENTE,40,CHOQUE,1,URBANA,11,CRUCE CON SEMAFORO FUNCIONANDO,24,CONDUCCION EN ESTADO DE EBRIEDAD,4,ALCOHOL EN CONDUCTOR,0,SOR VICENTA,0,LAS INDUSTRIAS,LAS INDUSTRIAS - SOR VICENTA,0,0,0,0,2,0,1,UNIDIRECCIONAL,1,CONCRETO,1,BUENO,1,SECO,1,DESPEJADO,0,0,0,2,0,00:20:00
-8132496.69592396,-4415612.16081486,3181,-73.055461,-36.831257,1447467,2022,1,2022/05/25 00:00:00+00,8,REGION BIO BIO,8101,CONCEPCION,30,COLISION,30,COLISION,1,URBANA,11,CRUCE CON SEMAFORO FUNCIONANDO,23,CONDUCCION CONTRA SENTIDO DEL TRANSITO,1,IMPRUDENCIA DEL CONDUCTOR,0,SAN MARTIN,0,SALAS,SALAS - SAN MARTIN,0,0,0,0,2,0,1,UNIDIRECCIONAL,1,CONCRETO,1,BUENO,1,SECO,1,DESPEJADO,0,0,0,1,1,19:20:00
-8128550.87638525,-4430306.44409362,3182,-73.020015,-36.936838,1469946,2022,1,2022/08/24 00:00:00+00,8,REGION BIO BIO,8103,CHIGUAYANTE,32,COLISION LATERAL,30,COLISION,1,URBANA,1,TRAMO DE VIA RECTA,97,CAUSAS NO DETERMINADAS,13,CAUSAS NO DETERMINADAS,0,MANUEL RODRIGUEZ,0,BIO BIO,BIO BIO - MANUEL RODRIGUEZ,0,0,0,0,2,2,3,BIDIRECCIONAL CON BANDEJON,1,CONCRETO,1,BUENO,1,SECO,1,DESPEJADO,0,0,0,0,2,17:30:00
-8131591.72412355,-4415476.6569617,3183,-73.047331,-36.830282,1447482,2022,1,2022/05/26 00:00:00+00,8,REGION BIO BIO,8101,CONCEPCION,53,CHOQUE POSTERIOR,40,CHOQUE,1,URBANA,11,CRUCE CON SEMAFORO FUNCIONANDO,28,CONDUCCION SIN MANTENER DISTANCIA RAZONABLE NI PRUDENTE,1,IMPRUDENCIA DEL CONDUCTOR,0,CHACABUCO,0,ANIBAL PINTO,ANIBAL PINTO - CHACABUCO,0,0,0,0,3,3,3,BIDIRECCIONAL CON BANDEJON,1,CONCRETO,1,BUENO,3,MOJADO,1,DESPEJADO,0,0,0,2,2,08:20:00
-8136645.53994997,-4404614.15951074,3184,-73.092731,-36.752138,1469958,2022,1,2022/08/17 00:00:00+00,8,REGION BIO BIO,8110,TALCAHUANO,32,COLISION LATERAL,30,COLISION,1,URBANA,11,CRUCE CON SEMAFORO FUNCIONANDO,62,SEÑALIZACION DESOBEDECER LUZ ROJA DE SEMAFORO,10,DESOBEDIENCIA A SEÑALIZACION,0,CRISTOBAL COLON,0,0,- CRISTOBAL COLON,2400,0,0,0,1,1,3,BIDIRECCIONAL CON BANDEJON,1,CONCRETO,1,BUENO,1,SECO,1,DESPEJADO,0,0,0,0,2,10:30:00
-8130892.69338112,-4415128.26018069,3185,-73.041052,-36.827777,1447501,2022,1,2022/05/26 00:00:00+00,8,REGION BIO BIO,8101,CONCEPCION,10,ATROPELLO,10,ATROPELLO,1,URBANA,11,CRUCE CON SEMAFORO FUNCIONANDO,31,NO RESPETAR DERECHO PREFERENTE DE PASO A PEATON,1,IMPRUDENCIA DEL CONDUCTOR,0,ONGOLMO,0,CHACABUCO,CHACABUCO - ONGOLMO,0,0,0,0,3,3,3,BIDIRECCIONAL CON BANDEJON,1,CONCRETO,1,BUENO,1,SECO,2,NUBLADO,0,1,0,0,1,15:30:00
-8121352.76886742,-4384425.05992145,3186,-72.955353,-36.606688,1469979,2022,1,2022/08/27 00:00:00+00,8,REGION BIO BIO,8111,TOME,33,COLISION POR ALCANCE,30,COLISION,1,URBANA,3,TRAMO DE VIA CURVA VERTICAL,28,CONDUCCION SIN MANTENER DISTANCIA RAZONABLE NI PRUDENTE,1,IMPRUDENCIA DEL CONDUCTOR,0,VICENTE PALACIOS,0,0,- VICENTE PALACIOS,2236,0,0,0,1,1,2,BIDIRECCIONAL,1,CONCRETO,2,REGULAR,1,SECO,1,DESPEJADO,0,0,0,3,1,12:25:00
-8132289.85317811,-4415838.6256381,3187,-73.053603,-36.832885,1447504,2022,1,2022/05/21 00:00:00+00,8,REGION BIO BIO,8101,CONCEPCION,10,ATROPELLO,10,ATROPELLO,1,URBANA,11,CRUCE CON SEMAFORO FUNCIONANDO,31,NO RESPETAR DERECHO PREFERENTE DE PASO A PEATON,1,IMPRUDENCIA DEL CONDUCTOR,0,SALAS,0,CHACABUCO,CHACABUCO - SALAS,0,0,0,0,2,0,1,UNIDIRECCIONAL,1,CONCRETO,1,BUENO,1,SECO,2,NUBLADO,0,1,0,0,1,18:20:00
-8129314.99563395,-4429332.34039841,3188,-73.026879,-36.929843,1469986,2022,1,2022/08/24 00:00:00+00,8,REGION BIO BIO,8103,CHIGUAYANTE,34,COLISION PERPENDICULAR,30,COLISION,1,URBANA,15,CRUCE CON SEÑAL CEDA EL PASO,27,CONDUCCION NO ATENTO CONDICIONES TRANSITO MOMENTO,1,IMPRUDENCIA DEL CONDUCTOR,0,LOS HEROES,0,LA MARINA,LA MARINA - LOS HEROES,0,0,0,0,1,1,2,BIDIRECCIONAL,1,CONCRETO,1,BUENO,1,SECO,1,DESPEJADO,0,1,0,0,1,19:25:00
-8137280.36161012,-4417388.43197644,3189,-73.098433,-36.844027,1447623,2022,1,2022/05/26 00:00:00+00,8,REGION BIO BIO,8108,SAN PEDRO DE LA PAZ,32,COLISION LATERAL,30,COLISION,1,URBANA,1,TRAMO DE VIA RECTA,97,CAUSAS NO DETERMINADAS,13,CAUSAS NO DETERMINADAS,0,LOS CANELOS,0,MICHIMALONCO,LOS CANELOS - MICHIMALONCO,0,0,0,0,2,0,1,UNIDIRECCIONAL,2,ASFALTO,1,BUENO,1,SECO,1,DESPEJADO,0,0,0,1,1,09:45:00
-8053176.90557903,-4507305.23800866,3190,-72.342919,-37.487697,1470015,2022,1,2022/08/25 00:00:00+00,8,REGION BIO BIO,8301,LOS ANGELES,32,COLISION LATERAL,30,COLISION,1,URBANA,1,TRAMO DE VIA RECTA,27,CONDUCCION NO ATENTO CONDICIONES TRANSITO MOMENTO,1,IMPRUDENCIA DEL CONDUCTOR,0,FRANCISCO ENCINA,0,LOS CARRERA,FRANCISCO ENCINA - LOS CARRERA,0,0,0,0,2,0,1,UNIDIRECCIONAL,2,ASFALTO,1,BUENO,1,SECO,1,DESPEJADO,0,0,0,0,2,08:10:00
-8138554.68034903,-4419331.88217628,3191,-73.109881,-36.857997,1447624,2022,1,2022/05/26 00:00:00+00,8,REGION BIO BIO,8108,SAN PEDRO DE LA PAZ,30,COLISION,30,COLISION,1,URBANA,1,TRAMO DE VIA RECTA,97,CAUSAS NO DETERMINADAS,13,CAUSAS NO DETERMINADAS,0,PEDRO AGUIRRE CERDA,0,LAGUNA GRANDE,LAGUNA GRANDE - PEDRO AGUIRRE CERDA,0,0,0,0,1,0,1,UNIDIRECCIONAL,1,CONCRETO,1,BUENO,1,SECO,1,DESPEJADO,0,0,0,0,2,13:00:00
-8052735.23436736,-4508095.32238648,3192,-72.338951,-37.493328,1470018,2022,1,2022/08/25 00:00:00+00,8,REGION BIO BIO,8301,LOS ANGELES,33,COLISION POR ALCANCE,30,COLISION,1,URBANA,1,TRAMO DE VIA RECTA,27,CONDUCCION NO ATENTO CONDICIONES TRANSITO MOMENTO,1,IMPRUDENCIA DEL CONDUCTOR,0,LOS CARRERA,0,LAUQUEN,LAUQUEN - LOS CARRERA,0,0,0,0,2,0,1,UNIDIRECCIONAL,2,ASFALTO,1,BUENO,1,SECO,1,DESPEJADO,0,0,0,0,2,13:05:00
-8139586.61202868,-4416551.11098848,3193,-73.119151,-36.838008,1447628,2022,1,2022/05/28 00:00:00+00,8,REGION BIO BIO,8108,SAN PEDRO DE LA PAZ,30,COLISION,30,COLISION,1,URBANA,1,TRAMO DE VIA RECTA,97,CAUSAS NO DETERMINADAS,13,CAUSAS NO DETERMINADAS,0,PEDRO AGUIRRE CERDA,0,0,- PEDRO AGUIRRE CERDA,2155,0,0,0,3,0,1,UNIDIRECCIONAL,1,CONCRETO,1,BUENO,1,SECO,1,DESPEJADO,0,0,0,0,1,12:30:00
-8055214.73130944,-4503829.22346742,3194,-72.361225,-37.462916,1470029,2022,1,2022/08/25 00:00:00+00,8,REGION BIO BIO,8301,LOS ANGELES,52,CHOQUE LATERAL,40,CHOQUE,1,URBANA,1,TRAMO DE VIA RECTA,24,CONDUCCION EN ESTADO DE EBRIEDAD,4,ALCOHOL EN CONDUCTOR,0,PUERTO PIRQUE,0,LIMA,LIMA - PUERTO PIRQUE,0,0,0,0,2,0,1,UNIDIRECCIONAL,2,ASFALTO,2,REGULAR,1,SECO,1,DESPEJADO,0,0,0,0,2,23:10:00
-8041236.59888536,-4541173.45685065,3195,-72.235657,-37.728719,1447683,2022,1,2022/05/27 00:00:00+00,8,REGION BIO BIO,8305,MULCHEN,50,CHOQUE,40,CHOQUE,1,URBANA,1,TRAMO DE VIA RECTA,27,CONDUCCION NO ATENTO CONDICIONES TRANSITO MOMENTO,1,IMPRUDENCIA DEL CONDUCTOR,0,LOS LINGUES,0,0,- LOS LINGUES,623,0,0,0,2,0,1,UNIDIRECCIONAL,2,ASFALTO,1,BUENO,1,SECO,1,DESPEJADO,0,0,0,0,1,21:40:00
-8141727.21904494,-4399009.8077447,3196,-73.13838,-36.71179,1447687,2022,1,2022/05/06 00:00:00+00,8,REGION BIO BIO,8110,TALCAHUANO,20,CAIDA,20,CAIDA,1,URBANA,1,TRAMO DE VIA RECTA,27,CONDUCCION NO ATENTO CONDICIONES TRANSITO MOMENTO,1,IMPRUDENCIA DEL CONDUCTOR,0,SAN VICENTE,0,0,- SAN VICENTE,1338,0,0,0,1,1,2,BIDIRECCIONAL,1,CONCRETO,1,BUENO,1,SECO,1,DESPEJADO,0,1,0,0,1,15:00:00
-8128566.6280932,-4430397.05451466,3197,-73.020156,-36.937488,1470049,2022,1,2022/08/26 00:00:00+00,8,REGION BIO BIO,8103,CHIGUAYANTE,51,CHOQUE FRONTAL,40,CHOQUE,1,URBANA,2,TRAMO DE VIA CURVA HORIZONTAL,72,VELOCIDAD NO RAZONABLE NI PRUDENTE,7,VELOCIDAD IMPRUDENTE,0,MANUEL RODRIGUEZ,0,LIBERTAD,LIBERTAD - MANUEL RODRIGUEZ,0,0,0,0,2,2,3,BIDIRECCIONAL CON BANDEJON,1,CONCRETO,1,BUENO,1,SECO,1,DESPEJADO,0,1,0,0,0,21:55:00
-8140297.63188028,-4404534.73038538,3198,-73.125538,-36.751567,1447708,2022,1,2022/05/28 00:00:00+00,8,REGION BIO BIO,8110,TALCAHUANO,52,CHOQUE LATERAL,40,CHOQUE,1,URBANA,1,TRAMO DE VIA RECTA,72,VELOCIDAD NO RAZONABLE NI PRUDENTE,7,VELOCIDAD IMPRUDENTE,0,GRAN BRETAÑA,0,0,- GRAN BRETAÑA,2910,0,0,0,1,1,3,BIDIRECCIONAL CON BANDEJON,1,CONCRETO,1,BUENO,1,SECO,1,DESPEJADO,0,1,0,1,1,11:00:00
-8053704.19261108,-4505212.93503654,3199,-72.347656,-37.472782,1470051,2022,1,2022/08/26 00:00:00+00,8,REGION BIO BIO,8301,LOS ANGELES,31,COLISION FRONTAL,30,COLISION,1,URBANA,14,CRUCE CON SEÑAL PARE,27,CONDUCCION NO ATENTO CONDICIONES TRANSITO MOMENTO,1,IMPRUDENCIA DEL CONDUCTOR,0,RICARDO VICUÑA,0,PONIENTE,PONIENTE - RICARDO VICUÑA,0,0,0,0,2,0,1,UNIDIRECCIONAL,1,CONCRETO,2,REGULAR,1,SECO,1,DESPEJADO,0,1,0,0,1,19:40:00
-8055834.41351884,-4504015.93399644,3200,-72.366792,-37.464247,1470059,2022,1,2022/08/26 00:00:00+00,8,REGION BIO BIO,8301,LOS ANGELES,68,CHOQUE POSTERIOR/LADO,40,CHOQUE,1,URBANA,1,TRAMO DE VIA RECTA,24,CONDUCCION EN ESTADO DE EBRIEDAD,4,ALCOHOL EN CONDUCTOR,0,LAS AZALEAS,0,0,- LAS AZALEAS,769,0,0,0,1,1,2,BIDIRECCIONAL,1,CONCRETO,1,BUENO,1,SECO,1,DESPEJADO,0,0,0,1,1,23:55:00
-8121921.11052767,-4386019.9327022,3201,-72.960459,-36.618188,1447710,2022,1,2022/05/27 00:00:00+00,8,REGION BIO BIO,8111,TOME,50,CHOQUE,40,CHOQUE,1,URBANA,11,CRUCE CON SEMAFORO FUNCIONANDO,27,CONDUCCION NO ATENTO CONDICIONES TRANSITO MOMENTO,1,IMPRUDENCIA DEL CONDUCTOR,0,SOTOMAYOR,0,IGNACIO SERRANO,IGNACIO SERRANO - SOTOMAYOR,0,0,0,0,2,0,1,UNIDIRECCIONAL,1,CONCRETO,1,BUENO,1,SECO,1,DESPEJADO,0,0,0,0,1,02:24:00
-8041222.70621291,-4539146.42706833,3202,-72.235533,-37.714316,1470064,2022,1,2022/08/26 00:00:00+00,8,REGION BIO BIO,8305,MULCHEN,30,COLISION,30,COLISION,1,URBANA,16,CRUCE SIN SEÑALIZACION,97,CAUSAS NO DETERMINADAS,13,CAUSAS NO DETERMINADAS,0,ERCILLA,0,SALVO,ERCILLA - SALVO,0,0,0,0,2,0,1,UNIDIRECCIONAL,1,CONCRETO,1,BUENO,1,SECO,1,DESPEJADO,0,1,1,0,1,08:34:00
-8051273.88775198,-4504783.20289598,3203,-72.325824,-37.469718,1447722,2022,1,2022/05/25 00:00:00+00,8,REGION BIO BIO,8301,LOS ANGELES,51,CHOQUE FRONTAL,40,CHOQUE,1,URBANA,1,TRAMO DE VIA RECTA,27,CONDUCCION NO ATENTO CONDICIONES TRANSITO MOMENTO,1,IMPRUDENCIA DEL CONDUCTOR,0,LAS INDUSTRIAS,0,0,- LAS INDUSTRIAS,506,0,0,0,1,1,2,BIDIRECCIONAL,1,CONCRETO,1,BUENO,1,SECO,1,DESPEJADO,0,0,0,0,1,13:15:00
-8130512.72656319,-4413702.3179316,3204,-73.037638,-36.817523,1470069,2022,1,2022/08/25 00:00:00+00,8,REGION BIO BIO,8101,CONCEPCION,30,COLISION,30,COLISION,1,URBANA,1,TRAMO DE VIA RECTA,27,CONDUCCION NO ATENTO CONDICIONES TRANSITO MOMENTO,1,IMPRUDENCIA DEL CONDUCTOR,0,LOS CARRERA,0,0,- LOS CARRERA,1820,0,0,0,3,3,3,BIDIRECCIONAL CON BANDEJON,1,CONCRETO,1,BUENO,1,SECO,1,DESPEJADO,0,0,0,0,2,15:30:00
-8053242.76218979,-4503654.04424601,3205,-72.343511,-37.461667,1447726,2022,1,2022/05/26 00:00:00+00,8,REGION BIO BIO,8301,LOS ANGELES,10,ATROPELLO,10,ATROPELLO,1,URBANA,26,OTROS NO CONSIDERADOS,27,CONDUCCION NO ATENTO CONDICIONES TRANSITO MOMENTO,1,IMPRUDENCIA DEL CONDUCTOR,0,ALEMANIA,0,0,- ALEMANIA,850,0,0,0,2,0,1,UNIDIRECCIONAL,1,CONCRETO,1,BUENO,1,SECO,1,DESPEJADO,0,0,0,1,1,14:00:00
-8164016.17522097,-4505191.03984367,3206,-73.338605,-37.472625,1470084,2022,1,2022/08/28 00:00:00+00,8,REGION BIO BIO,8205,CURANILAHUE,53,CHOQUE POSTERIOR,40,CHOQUE,1,URBANA,1,TRAMO DE VIA RECTA,98,OTRAS CAUSAS,14,OTRAS CAUSAS,0,CAMILO HENRIQUEZ,0,0,- CAMILO HENRIQUEZ,328,0,0,0,1,1,2,BIDIRECCIONAL,1,CONCRETO,1,BUENO,1,SECO,1,DESPEJADO,0,0,0,0,2,07:25:00
-8053981.16663612,-4505277.93359147,3207,-72.350144,-37.473245,1447727,2022,1,2022/05/26 00:00:00+00,8,REGION BIO BIO,8301,LOS ANGELES,32,COLISION LATERAL,30,COLISION,1,URBANA,1,TRAMO DE VIA RECTA,27,CONDUCCION NO ATENTO CONDICIONES TRANSITO MOMENTO,1,IMPRUDENCIA DEL CONDUCTOR,0,RICARDO VICUÑA,0,0,- RICARDO VICUÑA,326,0,0,0,2,0,1,UNIDIRECCIONAL,1,CONCRETO,1,BUENO,1,SECO,2,NUBLADO,0,0,0,0,2,08:00:00
-8053524.91257115,-4505256.45905669,3208,-72.346045,-37.473092,1470151,2022,1,2022/08/27 00:00:00+00,8,REGION BIO BIO,8301,LOS ANGELES,51,CHOQUE FRONTAL,40,CHOQUE,1,URBANA,1,TRAMO DE VIA RECTA,97,CAUSAS NO DETERMINADAS,13,CAUSAS NO DETERMINADAS,0,CATIRAI,0,RICARDO VICUÑA,CATIRAI - RICARDO VICUÑA,0,0,0,0,1,0,1,UNIDIRECCIONAL,1,CONCRETO,1,BUENO,1,SECO,1,DESPEJADO,0,0,0,0,2,00:00:00
-8136645.53994997,-4404614.15951074,3209,-73.092731,-36.752138,1447730,2022,1,2022/05/26 00:00:00+00,8,REGION BIO BIO,8110,TALCAHUANO,10,ATROPELLO,10,ATROPELLO,1,URBANA,11,CRUCE CON SEMAFORO FUNCIONANDO,53,IMPRUDENCIA DEL PEATON,2,IMPRUDENCIA DEL PEATON,0,CRISTOBAL COLON,0,0,- CRISTOBAL COLON,2910,0,0,0,1,0,1,UNIDIRECCIONAL,1,CONCRETO,1,BUENO,1,SECO,1,DESPEJADO,0,0,0,0,2,20:15:00
-8162341.22876665,-4474162.51700775,3210,-73.323559,-37.251083,1470192,2022,1,2022/08/21 00:00:00+00,8,REGION BIO BIO,8202,ARAUCO,50,CHOQUE,40,CHOQUE,1,URBANA,1,TRAMO DE VIA RECTA,21,CONDUCCION BAJO LA INFLUENCIA DEL ALCOHOL,4,ALCOHOL EN CONDUCTOR,0,HUMBERTO AGUIRRE DOOLAN,0,0,- HUMBERTO AGUIRRE DOOLAN,55,0,0,0,1,1,2,BIDIRECCIONAL,1,CONCRETO,1,BUENO,1,SECO,1,DESPEJADO,0,2,0,0,0,04:50:00
-8131682.09328618,-4413217.29441484,3211,-73.048143,-36.814035,1447757,2022,1,2022/05/09 00:00:00+00,8,REGION BIO BIO,8101,CONCEPCION,32,COLISION LATERAL,30,COLISION,1,URBANA,11,CRUCE CON SEMAFORO FUNCIONANDO,62,SEÑALIZACION DESOBEDECER LUZ ROJA DE SEMAFORO,10,DESOBEDIENCIA A SEÑALIZACION,0,PAICAVI,0,MANUEL RODRIGUEZ,MANUEL RODRIGUEZ - PAICAVI,0,0,0,0,2,2,2,BIDIRECCIONAL,1,CONCRETO,1,BUENO,1,SECO,1,DESPEJADO,0,0,0,0,2,11:00:00
-8121519.03565887,-4383751.98987938,3212,-72.956847,-36.601834,1470235,2022,1,2022/08/29 00:00:00+00,8,REGION BIO BIO,8111,TOME,10,ATROPELLO,10,ATROPELLO,1,URBANA,15,CRUCE CON SEÑAL CEDA EL PASO,31,NO RESPETAR DERECHO PREFERENTE DE PASO A PEATON,1,IMPRUDENCIA DEL CONDUCTOR,0,ENRIQUE MOLINA,0,MADROÑAL,ENRIQUE MOLINA - MADROÑAL,0,0,0,0,1,1,2,BIDIRECCIONAL,1,CONCRETO,1,BUENO,1,SECO,1,DESPEJADO,0,0,0,1,1,09:00:00
-8164684.82687437,-4505830.85839713,3213,-73.344612,-37.477187,1447765,2022,1,2022/05/26 00:00:00+00,8,REGION BIO BIO,8205,CURANILAHUE,30,COLISION,30,COLISION,1,URBANA,11,CRUCE CON SEMAFORO FUNCIONANDO,11,ADELANTAMIENTO SIN EL ESPACIO O TIEMPO SUFICIENTE,1,IMPRUDENCIA DEL CONDUCTOR,0,ARTURO PRAT,0,COLO COLO,ARTURO PRAT - COLO COLO,0,0,0,0,2,2,3,BIDIRECCIONAL CON BANDEJON,1,CONCRETO,1,BUENO,1,SECO,1,DESPEJADO,0,0,0,0,2,13:30:00