X,Y,FID,POINT_X,POINT_Y,Idaccident,Año,Claseaccid,Fecha,Cód_Regi,Región,Cód_Comun,Comuna,Cód_Tipo,Tipo_Accid,Cód_Tip_1,Tipo__CONA,Cód_Zona,Zona,Cód_Ubica,Ubicación,Cód_Causa,Causa,Cód_Cau_1,Causa__CON,Cód_Calle,Calle_Uno,Cód_Cal_1,Calle_Dos,Intersecci,Número,Ruta,Cód_Ruta,Ubicaci_1,Pistas_de,Pistas_d_1,Cód_Calza,Calzada,Cód__Tipo,Tipo_Calza,Cód_Estad,Estado_Cal,Cód_Condi,Condición,Cód_Est_1,Estado_Atm,Fallecidos,Graves,Menos_Grav,Leves,Ilesos,Hora_1
-8054033.83188721,-4504137.26326197,3305,-72.350617,-37.465112,1470789,2022,1,2022/08/29 00:00:00+00,8,REGION BIO BIO,8301,LOS ANGELES,32,COLISION LATERAL,30,COLISION,1,URBANA,11,CRUCE CON SEMAFORO FUNCIONANDO,27,CONDUCCION NO ATENTO CONDICIONES TRANSITO MOMENTO,1,IMPRUDENCIA DEL CONDUCTOR,0,LIENTUR,0,COLON,COLON - LIENTUR,0,0,0,0,2,0,1,UNIDIRECCIONAL,1,CONCRETO,1,BUENO,1,SECO,1,DESPEJADO,0,0,0,1,1,10:00:00
-8132644.01613807,-4415507.9911182,3306,-73.056784,-36.830508,1448314,2022,1,2022/05/30 00:00:00+00,8,REGION BIO BIO,8101,CONCEPCION,53,CHOQUE POSTERIOR,40,CHOQUE,1,URBANA,1,TRAMO DE VIA RECTA,28,CONDUCCION SIN MANTENER DISTANCIA RAZONABLE NI PRUDENTE,1,IMPRUDENCIA DEL CONDUCTOR,0,BERNARDO O'HIGGINS,0,SERRANO,BERNARDO O'HIGGINS - SERRANO,0,0,0,0,3,0,1,UNIDIRECCIONAL,1,CONCRETO,1,BUENO,2,HUMEDO,1,DESPEJADO,0,0,0,0,2,08:00:00
-8143109.718065,-4441780.3043025,3307,-73.150799,-37.019178,1470794,2022,1,2022/08/18 00:00:00+00,8,REGION BIO BIO,8102,CORONEL,30,COLISION,30,COLISION,1,URBANA,16,CRUCE SIN SEÑALIZACION,27,CONDUCCION NO ATENTO CONDICIONES TRANSITO MOMENTO,1,IMPRUDENCIA DEL CONDUCTOR,0,CARLOS BARRIENTOS,0,HEROES DE LA CONCEPCION,CARLOS BARRIENTOS - HEROES DE LA CONCEPCION,0,0,0,0,1,1,2,BIDIRECCIONAL,1,CONCRETO,1,BUENO,1,SECO,1,DESPEJADO,0,0,0,1,1,17:35:00
-8141465.16183167,-4418205.18841281,3308,-73.136026,-36.849899,1448318,2022,1,2022/05/30 00:00:00+00,8,REGION BIO BIO,8108,SAN PEDRO DE LA PAZ,34,COLISION PERPENDICULAR,30,COLISION,1,URBANA,1,TRAMO DE VIA RECTA,27,CONDUCCION NO ATENTO CONDICIONES TRANSITO MOMENTO,1,IMPRUDENCIA DEL CONDUCTOR,0,LAS MAGNOLIAS,0,0,- LAS MAGNOLIAS,1616,0,0,0,2,0,1,UNIDIRECCIONAL,1,CONCRETO,1,BUENO,1,SECO,1,DESPEJADO,0,0,0,1,1,08:45:00
-8134156.3136844,-4414732.27187859,3309,-73.070369,-36.82493,1448327,2022,1,2022/05/30 00:00:00+00,8,REGION BIO BIO,8101,CONCEPCION,34,COLISION PERPENDICULAR,30,COLISION,1,URBANA,15,CRUCE CON SEÑAL CEDA EL PASO,64,SEÑALIZACION DESOBEDECER SEÑAL CEDA EL PASO,10,DESOBEDIENCIA A SEÑALIZACION,0,ZAÑARTU,0,CALETERA LOS CARRERA,CALETERA LOS CARRERA - ZAÑARTU,0,0,0,0,2,0,1,UNIDIRECCIONAL,1,CONCRETO,1,BUENO,1,SECO,1,DESPEJADO,0,0,1,1,2,16:20:00
-8140381.53338049,-4400484.30999428,3310,-73.126291,-36.722408,1470808,2022,1,2022/08/08 00:00:00+00,8,REGION BIO BIO,8110,TALCAHUANO,32,COLISION LATERAL,30,COLISION,1,URBANA,1,TRAMO DE VIA RECTA,27,CONDUCCION NO ATENTO CONDICIONES TRANSITO MOMENTO,1,IMPRUDENCIA DEL CONDUCTOR,0,PEDRO MONTT,0,0,- PEDRO MONTT,87,0,0,0,2,0,1,UNIDIRECCIONAL,2,ASFALTO,1,BUENO,1,SECO,1,DESPEJADO,0,0,0,0,1,07:18:00
-8091016.86066042,-4509282.43391423,3311,-72.682841,-37.501789,1448408,2022,1,2022/04/29 00:00:00+00,8,REGION BIO BIO,8306,NACIMIENTO,33,COLISION POR ALCANCE,30,COLISION,1,URBANA,1,TRAMO DE VIA RECTA,27,CONDUCCION NO ATENTO CONDICIONES TRANSITO MOMENTO,1,IMPRUDENCIA DEL CONDUCTOR,0,MAURICIO GLEISNER,0,0,- MAURICIO GLEISNER,1163,0,0,0,1,1,2,BIDIRECCIONAL,1,CONCRETO,1,BUENO,1,SECO,1,DESPEJADO,0,0,0,0,2,16:20:00
-8145078.50344722,-4437632.2300228,3312,-73.168485,-36.98942,1470813,2022,1,2022/08/21 00:00:00+00,8,REGION BIO BIO,8102,CORONEL,10,ATROPELLO,10,ATROPELLO,1,URBANA,1,TRAMO DE VIA RECTA,52,PEATON CRUZA CALZADA FORMA SORPRESIVA O DESCUIDADA,2,IMPRUDENCIA DEL PEATON,0,LOS DIAGUITAS,0,0,- LOS DIAGUITAS,2212,0,0,0,1,1,2,BIDIRECCIONAL,2,ASFALTO,1,BUENO,1,SECO,1,DESPEJADO,0,0,0,1,1,15:00:00
-8091051.91516806,-4509194.15991183,3313,-72.683156,-37.50116,1448415,2022,1,2022/05/26 00:00:00+00,8,REGION BIO BIO,8306,NACIMIENTO,31,COLISION FRONTAL,30,COLISION,1,URBANA,1,TRAMO DE VIA RECTA,11,ADELANTAMIENTO SIN EL ESPACIO O TIEMPO SUFICIENTE,1,IMPRUDENCIA DEL CONDUCTOR,0,CIPRIANO MEDINA,0,0,- CIPRIANO MEDINA,1171,0,0,0,1,1,2,BIDIRECCIONAL,1,CONCRETO,1,BUENO,1,SECO,2,NUBLADO,0,0,0,0,2,07:55:00
-8138368.14227831,-4410303.25238165,3314,-73.108205,-36.793075,1470819,2022,1,2022/08/29 00:00:00+00,8,REGION BIO BIO,8112,HUALPEN,30,COLISION,30,COLISION,1,URBANA,1,TRAMO DE VIA RECTA,32,NO RESPETAR DERECHO PREFERENTE DE PASO A VEHICULO,1,IMPRUDENCIA DEL CONDUCTOR,0,GRAN BRETAÑA,0,0,- GRAN BRETAÑA,3994,0,0,0,1,1,2,BIDIRECCIONAL,1,CONCRETO,1,BUENO,1,SECO,1,DESPEJADO,0,1,0,0,1,17:45:00
-8139091.01765567,-4416897.82957855,3315,-73.114699,-36.8405,1448442,2022,1,2022/05/30 00:00:00+00,8,REGION BIO BIO,8108,SAN PEDRO DE LA PAZ,30,COLISION,30,COLISION,1,URBANA,1,TRAMO DE VIA RECTA,27,CONDUCCION NO ATENTO CONDICIONES TRANSITO MOMENTO,1,IMPRUDENCIA DEL CONDUCTOR,0,LOS AVELLANOS,0,0,- LOS AVELLANOS,44,0,0,0,2,0,1,UNIDIRECCIONAL,2,ASFALTO,2,REGULAR,1,SECO,1,DESPEJADO,0,0,0,0,2,13:40:00
-8136816.21499326,-4410848.05923242,3316,-73.094264,-36.796994,1470821,2022,1,2022/08/30 00:00:00+00,8,REGION BIO BIO,8112,HUALPEN,50,CHOQUE,40,CHOQUE,1,URBANA,1,TRAMO DE VIA RECTA,93,CONDUCIR VEHICULO EN RETROCESO,1,IMPRUDENCIA DEL CONDUCTOR,0,QUIRIHUE,0,0,- QUIRIHUE,8780,0,0,0,1,1,2,BIDIRECCIONAL,1,CONCRETO,1,BUENO,1,SECO,1,DESPEJADO,0,0,0,0,2,13:30:00
-8137865.98005534,-4417785.45117942,3317,-73.103694,-36.846881,1448444,2022,1,2022/05/31 00:00:00+00,8,REGION BIO BIO,8108,SAN PEDRO DE LA PAZ,30,COLISION,30,COLISION,1,URBANA,5,PUENTE,27,CONDUCCION NO ATENTO CONDICIONES TRANSITO MOMENTO,1,IMPRUDENCIA DEL CONDUCTOR,0,LOS FRESNOS,0,NOGALES,LOS FRESNOS - NOGALES,0,0,0,0,2,0,1,UNIDIRECCIONAL,2,ASFALTO,2,REGULAR,1,SECO,1,DESPEJADO,0,0,0,0,2,10:35:00
-8139540.68160678,-4409431.85012577,3318,-73.118738,-36.786806,1470828,2022,1,2022/08/30 00:00:00+00,8,REGION BIO BIO,8112,HUALPEN,50,CHOQUE,40,CHOQUE,1,URBANA,14,CRUCE CON SEÑAL PARE,91,VIRAJES INDEBIDOS,1,IMPRUDENCIA DEL CONDUCTOR,0,COSTANERA,0,FINLANDIA,COSTANERA - FINLANDIA,0,0,0,0,1,1,2,BIDIRECCIONAL,1,CONCRETO,1,BUENO,2,HUMEDO,4,LLOVIZNA,0,0,0,0,2,12:45:00
-8053066.62135951,-4506979.653311,3319,-72.341928,-37.485376,1470833,2022,1,2022/08/29 00:00:00+00,8,REGION BIO BIO,8301,LOS ANGELES,32,COLISION LATERAL,30,COLISION,1,URBANA,1,TRAMO DE VIA RECTA,27,CONDUCCION NO ATENTO CONDICIONES TRANSITO MOMENTO,1,IMPRUDENCIA DEL CONDUCTOR,0,RENE SEPULVEDA,0,TENIENTE MERINO,RENE SEPULVEDA - TENIENTE MERINO,0,0,0,0,1,0,1,UNIDIRECCIONAL,1,CONCRETO,1,BUENO,1,SECO,1,DESPEJADO,0,0,0,0,2,08:00:00
-8139318.29866002,-4416604.00754999,3320,-73.11674,-36.838388,1448445,2022,1,2022/05/31 00:00:00+00,8,REGION BIO BIO,8108,SAN PEDRO DE LA PAZ,10,ATROPELLO,10,ATROPELLO,1,URBANA,11,CRUCE CON SEMAFORO FUNCIONANDO,55,PEATON CRUZA CALZADA FUERA PASO PEATONES,2,IMPRUDENCIA DEL PEATON,0,LOS NARANJOS,0,0,- LOS NARANJOS,450,0,0,0,2,0,1,UNIDIRECCIONAL,2,ASFALTO,1,BUENO,1,SECO,1,DESPEJADO,0,0,0,1,1,10:00:00
-8139085.1733824,-4407329.95802522,3321,-73.114646,-36.771683,1470835,2022,1,2022/08/30 00:00:00+00,8,REGION BIO BIO,8112,HUALPEN,50,CHOQUE,40,CHOQUE,1,URBANA,14,CRUCE CON SEÑAL PARE,27,CONDUCCION NO ATENTO CONDICIONES TRANSITO MOMENTO,1,IMPRUDENCIA DEL CONDUCTOR,0,COSTANERA,0,GRAN BRETAÑA,COSTANERA - GRAN BRETAÑA,0,0,0,0,2,2,3,BIDIRECCIONAL CON BANDEJON,1,CONCRETO,1,BUENO,2,HUMEDO,2,NUBLADO,0,0,0,0,2,18:50:00
-8130180.41561928,-4411381.5496127,3322,-73.034653,-36.800832,1448476,2022,1,2022/05/13 00:00:00+00,8,REGION BIO BIO,8101,CONCEPCION,70,VOLCADURA,70,VOLCADURA,1,URBANA,1,TRAMO DE VIA RECTA,72,VELOCIDAD NO RAZONABLE NI PRUDENTE,7,VELOCIDAD IMPRUDENTE,0,PRINCIPAL,0,PASAJE TRECE,PASAJE TRECE - PRINCIPAL,0,0,0,0,1,1,2,BIDIRECCIONAL,1,CONCRETO,1,BUENO,1,SECO,1,DESPEJADO,0,1,0,0,0,08:30:00
-8054541.60461252,-4504718.82454081,3323,-72.355178,-37.469259,1470842,2022,1,2022/08/30 00:00:00+00,8,REGION BIO BIO,8301,LOS ANGELES,32,COLISION LATERAL,30,COLISION,1,URBANA,11,CRUCE CON SEMAFORO FUNCIONANDO,27,CONDUCCION NO ATENTO CONDICIONES TRANSITO MOMENTO,1,IMPRUDENCIA DEL CONDUCTOR,0,ERCILLA,0,LIENTUR,ERCILLA - LIENTUR,0,0,0,0,2,0,1,UNIDIRECCIONAL,1,CONCRETO,1,BUENO,1,SECO,1,DESPEJADO,0,0,0,0,2,17:50:00
-8132924.99766478,-4414946.20163702,3324,-73.059308,-36.826468,1448508,2022,1,2022/05/14 00:00:00+00,8,REGION BIO BIO,8101,CONCEPCION,33,COLISION POR ALCANCE,30,COLISION,1,URBANA,11,CRUCE CON SEMAFORO FUNCIONANDO,62,SEÑALIZACION DESOBEDECER LUZ ROJA DE SEMAFORO,10,DESOBEDIENCIA A SEÑALIZACION,0,LOS CARRERA,0,SERRANO,LOS CARRERA - SERRANO,0,0,0,0,2,2,3,BIDIRECCIONAL CON BANDEJON,1,CONCRETO,1,BUENO,1,SECO,1,DESPEJADO,0,0,0,1,1,15:15:00
-8137076.36864324,-4409129.74154804,3325,-73.096601,-36.784633,1470843,2022,1,2022/08/30 00:00:00+00,8,REGION BIO BIO,8112,HUALPEN,30,COLISION,30,COLISION,1,URBANA,15,CRUCE CON SEÑAL CEDA EL PASO,26,CONDUCCION POR IZQUIERDA EJE CALZADA,1,IMPRUDENCIA DEL CONDUCTOR,0,FINLANDIA,0,SUECIA,FINLANDIA - SUECIA,0,0,0,0,1,1,3,BIDIRECCIONAL CON BANDEJON,1,CONCRETO,1,BUENO,1,SECO,1,DESPEJADO,0,0,0,0,2,14:48:00
-8130263.31524407,-4413555.46392124,3326,-73.035398,-36.816467,1448533,2022,1,2022/05/14 00:00:00+00,8,REGION BIO BIO,8101,CONCEPCION,33,COLISION POR ALCANCE,30,COLISION,1,URBANA,1,TRAMO DE VIA RECTA,28,CONDUCCION SIN MANTENER DISTANCIA RAZONABLE NI PRUDENTE,1,IMPRUDENCIA DEL CONDUCTOR,0,LOS CARRERA,0,VILUMILLA,LOS CARRERA - VILUMILLA,0,0,0,0,2,2,3,BIDIRECCIONAL CON BANDEJON,2,ASFALTO,1,BUENO,1,SECO,1,DESPEJADO,0,0,1,3,0,07:20:00
-8130001.54746147,-4412375.44918203,3327,-73.033046,-36.807981,1470853,2022,1,2022/08/23 00:00:00+00,8,REGION BIO BIO,8101,CONCEPCION,32,COLISION LATERAL,30,COLISION,1,URBANA,11,CRUCE CON SEMAFORO FUNCIONANDO,27,CONDUCCION NO ATENTO CONDICIONES TRANSITO MOMENTO,1,IMPRUDENCIA DEL CONDUCTOR,0,CAMILO HENRIQUEZ,0,JOSE MIGUEL GARCIA,CAMILO HENRIQUEZ - JOSE MIGUEL GARCIA,0,0,0,0,2,2,2,BIDIRECCIONAL,1,CONCRETO,1,BUENO,1,SECO,2,NUBLADO,0,0,0,2,1,12:41:00
-8132652.34283599,-4414788.71954577,3328,-73.056859,-36.825336,1448633,2022,1,2022/05/19 00:00:00+00,8,REGION BIO BIO,8101,CONCEPCION,31,COLISION FRONTAL,30,COLISION,1,URBANA,26,OTROS NO CONSIDERADOS,66,SEÑALIZACION DESOBEDECER OTRA,10,DESOBEDIENCIA A SEÑALIZACION,0,LOS CARRERA,0,ANGOL,ANGOL - LOS CARRERA,0,0,0,0,2,2,3,BIDIRECCIONAL CON BANDEJON,1,CONCRETO,1,BUENO,1,SECO,1,DESPEJADO,0,0,0,0,3,00:44:00
-8132844.68065218,-4413238.86074312,3329,-73.058587,-36.81419,1448640,2022,1,2022/05/17 00:00:00+00,8,REGION BIO BIO,8101,CONCEPCION,33,COLISION POR ALCANCE,30,COLISION,1,URBANA,1,TRAMO DE VIA RECTA,28,CONDUCCION SIN MANTENER DISTANCIA RAZONABLE NI PRUDENTE,1,IMPRUDENCIA DEL CONDUCTOR,0,LUIS DURAN,0,ALONSO DE RIBERA,ALONSO DE RIBERA - LUIS DURAN,0,0,0,0,1,1,2,BIDIRECCIONAL,1,CONCRETO,1,BUENO,1,SECO,1,DESPEJADO,0,0,0,0,2,21:10:00
-8127945.43193872,-4431316.07117807,3330,-73.014576,-36.944087,1470856,2022,1,2022/08/22 00:00:00+00,8,REGION BIO BIO,8103,CHIGUAYANTE,51,CHOQUE FRONTAL,40,CHOQUE,1,URBANA,1,TRAMO DE VIA RECTA,97,CAUSAS NO DETERMINADAS,13,CAUSAS NO DETERMINADAS,0,MIRAFLORES,0,CALLE UNO,CALLE UNO - MIRAFLORES,0,0,0,0,2,0,1,UNIDIRECCIONAL,1,CONCRETO,1,BUENO,1,SECO,1,DESPEJADO,0,0,0,0,1,00:34:00
-8128780.51736281,-4429157.90636644,3331,-73.022078,-36.928591,1448641,2022,1,2022/05/21 00:00:00+00,8,REGION BIO BIO,8103,CHIGUAYANTE,33,COLISION POR ALCANCE,30,COLISION,1,URBANA,11,CRUCE CON SEMAFORO FUNCIONANDO,28,CONDUCCION SIN MANTENER DISTANCIA RAZONABLE NI PRUDENTE,1,IMPRUDENCIA DEL CONDUCTOR,0,21 DE MAYO,0,NENCIA DE LOS NIDOS,21 DE MAYO - NENCIA DE LOS NIDOS,0,0,0,0,2,2,3,BIDIRECCIONAL CON BANDEJON,1,CONCRETO,1,BUENO,1,SECO,1,DESPEJADO,0,0,0,0,2,13:10:00
-8142957.71130033,-4442483.00194891,3332,-73.149434,-37.024218,1470869,2022,1,2022/08/22 00:00:00+00,8,REGION BIO BIO,8102,CORONEL,33,COLISION POR ALCANCE,30,COLISION,1,URBANA,2,TRAMO DE VIA CURVA HORIZONTAL,27,CONDUCCION NO ATENTO CONDICIONES TRANSITO MOMENTO,1,IMPRUDENCIA DEL CONDUCTOR,0,SARGENTO ALDEA,0,0,- SARGENTO ALDEA,201,0,0,0,2,0,1,UNIDIRECCIONAL,2,ASFALTO,1,BUENO,1,SECO,1,DESPEJADO,0,0,0,1,2,12:30:00
-8132799.03966095,-4410963.06846205,3333,-73.058177,-36.797822,1448645,2022,1,2022/05/18 00:00:00+00,8,REGION BIO BIO,8101,CONCEPCION,30,COLISION,30,COLISION,1,URBANA,1,TRAMO DE VIA RECTA,29,CONDUCCION CAMBIAR SORPRESIVAMENTE PISTA CIRCULACION,1,IMPRUDENCIA DEL CONDUCTOR,0,ALONSO DE RIBERA,0,0,- ALONSO DE RIBERA,2850,0,0,0,1,1,2,BIDIRECCIONAL,1,CONCRETO,1,BUENO,1,SECO,2,NUBLADO,0,0,0,2,0,09:50:00
-8127884.12829514,-4433072.08174497,3334,-73.014025,-36.956693,1448650,2022,1,2022/05/22 00:00:00+00,8,REGION BIO BIO,8103,CHIGUAYANTE,51,CHOQUE FRONTAL,40,CHOQUE,1,URBANA,11,CRUCE CON SEMAFORO FUNCIONANDO,27,CONDUCCION NO ATENTO CONDICIONES TRANSITO MOMENTO,1,IMPRUDENCIA DEL CONDUCTOR,0,21 DE MAYO,0,0,- 21 DE MAYO,3225,0,0,0,2,2,3,BIDIRECCIONAL CON BANDEJON,1,CONCRETO,1,BUENO,3,MOJADO,3,LLUVIA,0,0,0,0,2,12:00:00
-8133000.9175575,-4408103.52594944,3335,-73.05999,-36.777249,1470936,2022,1,2022/08/27 00:00:00+00,8,REGION BIO BIO,8110,TALCAHUANO,70,VOLCADURA,70,VOLCADURA,1,URBANA,24,ROTONDA,95,PERDIDA CONTROL VEHICULO,9,PERDIDA CONTROL VEHICULO,0,PRESIDENTE JORGE ALESSANDRI RODRIGUEZ,0,0,- PRESIDENTE JORGE ALESSANDRI RODRIGUEZ,5001,0,0,0,1,0,1,UNIDIRECCIONAL,1,CONCRETO,1,BUENO,1,SECO,1,DESPEJADO,0,0,0,0,1,12:30:00
-8126366.50967716,-4404198.86162539,3336,-73.000392,-36.749149,1471017,2022,1,2022/08/15 00:00:00+00,8,REGION BIO BIO,8107,PENCO,52,CHOQUE LATERAL,40,CHOQUE,1,URBANA,1,TRAMO DE VIA RECTA,27,CONDUCCION NO ATENTO CONDICIONES TRANSITO MOMENTO,1,IMPRUDENCIA DEL CONDUCTOR,0,VILLA CONCEPCION,0,0,- VILLA CONCEPCION,150,0,0,0,2,0,1,UNIDIRECCIONAL,2,ASFALTO,1,BUENO,1,SECO,1,DESPEJADO,0,0,0,0,1,23:20:00
-8053353.80338185,-4503756.31007272,3337,-72.344508,-37.462396,1448713,2022,1,2022/05/30 00:00:00+00,8,REGION BIO BIO,8301,LOS ANGELES,63,CHOQUE FRENTE/POSTERIOR,40,CHOQUE,1,URBANA,1,TRAMO DE VIA RECTA,24,CONDUCCION EN ESTADO DE EBRIEDAD,4,ALCOHOL EN CONDUCTOR,0,ESPAÑA,0,0,- ESPAÑA,133,0,0,0,1,0,1,UNIDIRECCIONAL,1,CONCRETO,1,BUENO,1,SECO,1,DESPEJADO,0,0,0,0,3,20:05:00
-8136537.77155094,-4408663.35610359,3338,-73.091762,-36.781277,1471020,2022,1,2022/08/29 00:00:00+00,8,REGION BIO BIO,8110,TALCAHUANO,32,COLISION LATERAL,30,COLISION,1,URBANA,16,CRUCE SIN SEÑALIZACION,32,NO RESPETAR DERECHO PREFERENTE DE PASO A VEHICULO,1,IMPRUDENCIA DEL CONDUCTOR,0,CHIMBARONGO,0,LAS GOLONDRINAS,CHIMBARONGO - LAS GOLONDRINAS,0,0,0,0,1,1,3,BIDIRECCIONAL CON BANDEJON,1,CONCRETO,1,BUENO,1,SECO,1,DESPEJADO,0,0,0,0,2,07:50:00
-8163304.47632049,-4505938.98084525,3339,-73.332212,-37.477958,1448724,2022,1,2022/05/26 00:00:00+00,8,REGION BIO BIO,8205,CURANILAHUE,30,COLISION,30,COLISION,1,URBANA,16,CRUCE SIN SEÑALIZACION,27,CONDUCCION NO ATENTO CONDICIONES TRANSITO MOMENTO,1,IMPRUDENCIA DEL CONDUCTOR,0,PASAJE NUEVE,0,ALAMEDA,ALAMEDA - PASAJE NUEVE,0,0,0,0,1,1,2,BIDIRECCIONAL,1,CONCRETO,1,BUENO,1,SECO,1,DESPEJADO,0,0,0,0,2,08:15:00
-8134146.96284717,-4413001.35544539,3340,-73.070285,-36.812482,1471021,2022,1,2022/08/16 00:00:00+00,8,REGION BIO BIO,8101,CONCEPCION,34,COLISION PERPENDICULAR,30,COLISION,1,URBANA,15,CRUCE CON SEÑAL CEDA EL PASO,64,SEÑALIZACION DESOBEDECER SEÑAL CEDA EL PASO,10,DESOBEDIENCIA A SEÑALIZACION,0,VALENZUELA,0,21 DE MAYO,21 DE MAYO - VALENZUELA,0,0,0,0,2,2,2,BIDIRECCIONAL,1,CONCRETO,1,BUENO,1,SECO,3,LLUVIA,0,0,0,1,1,07:40:00
-8135573.9340038,-4407379.30670724,3341,-73.083104,-36.772038,1448738,2022,1,2022/05/25 00:00:00+00,8,REGION BIO BIO,8110,TALCAHUANO,33,COLISION POR ALCANCE,30,COLISION,1,URBANA,1,TRAMO DE VIA RECTA,91,VIRAJES INDEBIDOS,1,IMPRUDENCIA DEL CONDUCTOR,0,SANTA MARIA,0,0,- SANTA MARIA,3177,0,0,0,1,1,2,BIDIRECCIONAL,1,CONCRETO,1,BUENO,1,SECO,1,DESPEJADO,0,0,0,0,2,11:50:00
-8124726.20584837,-4400749.66065842,3342,-72.985657,-36.724318,1471037,2022,1,2022/08/15 00:00:00+00,8,REGION BIO BIO,8107,PENCO,10,ATROPELLO,10,ATROPELLO,1,URBANA,1,TRAMO DE VIA RECTA,27,CONDUCCION NO ATENTO CONDICIONES TRANSITO MOMENTO,1,IMPRUDENCIA DEL CONDUCTOR,0,ELEUTERIO RAMIREZ,0,0,- ELEUTERIO RAMIREZ,65,0,0,0,2,0,1,UNIDIRECCIONAL,2,ASFALTO,1,BUENO,1,SECO,1,DESPEJADO,0,1,0,0,1,04:50:00
-8051264.72615788,-4508289.50300145,3343,-72.325742,-37.494712,1448754,2022,1,2022/05/31 00:00:00+00,8,REGION BIO BIO,8301,LOS ANGELES,34,COLISION PERPENDICULAR,30,COLISION,1,URBANA,1,TRAMO DE VIA RECTA,91,VIRAJES INDEBIDOS,1,IMPRUDENCIA DEL CONDUCTOR,0,LAS INDUSTRIAS,0,LA FRONTERA,LA FRONTERA - LAS INDUSTRIAS,0,0,0,0,1,1,2,BIDIRECCIONAL,2,ASFALTO,1,BUENO,1,SECO,1,DESPEJADO,0,0,0,0,2,17:00:00
-8124426.73415424,-4401723.16497888,3344,-72.982967,-36.731327,1471042,2022,1,2022/08/15 00:00:00+00,8,REGION BIO BIO,8107,PENCO,10,ATROPELLO,10,ATROPELLO,1,URBANA,1,TRAMO DE VIA RECTA,98,OTRAS CAUSAS,14,OTRAS CAUSAS,0,PENCO,0,0,- PENCO,65,0,0,0,2,0,1,UNIDIRECCIONAL,2,ASFALTO,1,BUENO,1,SECO,3,LLUVIA,0,0,0,1,1,18:30:00
-8142957.343946,-4449390.88011314,3345,-73.14943,-37.073745,1448769,2022,1,2022/05/13 00:00:00+00,8,REGION BIO BIO,8106,LOTA,63,CHOQUE FRENTE/POSTERIOR,40,CHOQUE,1,URBANA,26,OTROS NO CONSIDERADOS,27,CONDUCCION NO ATENTO CONDICIONES TRANSITO MOMENTO,1,IMPRUDENCIA DEL CONDUCTOR,0,PLAYA BLANCA,0,0,- PLAYA BLANCA,10,0,0,0,1,1,2,BIDIRECCIONAL,2,ASFALTO,1,BUENO,1,SECO,1,DESPEJADO,0,1,0,0,1,21:30:00
-8132356.95656716,-4415709.711306,3346,-73.054205,-36.831958,1471050,2022,1,2022/08/29 00:00:00+00,8,REGION BIO BIO,8101,CONCEPCION,32,COLISION LATERAL,30,COLISION,1,URBANA,11,CRUCE CON SEMAFORO FUNCIONANDO,28,CONDUCCION SIN MANTENER DISTANCIA RAZONABLE NI PRUDENTE,1,IMPRUDENCIA DEL CONDUCTOR,0,SALAS,0,COCHRANE,COCHRANE - SALAS,0,0,0,0,2,0,1,UNIDIRECCIONAL,1,CONCRETO,1,BUENO,1,SECO,1,DESPEJADO,0,0,0,0,2,16:35:00
-8143659.28012715,-4449868.90909182,3347,-73.155736,-37.077171,1448774,2022,1,2022/05/14 00:00:00+00,8,REGION BIO BIO,8106,LOTA,31,COLISION FRONTAL,30,COLISION,1,URBANA,2,TRAMO DE VIA CURVA HORIZONTAL,27,CONDUCCION NO ATENTO CONDICIONES TRANSITO MOMENTO,1,IMPRUDENCIA DEL CONDUCTOR,0,EL MORRO,0,DEFENSA DEL NIÑO,DEFENSA DEL NIÑO - EL MORRO,0,0,0,0,1,1,2,BIDIRECCIONAL,1,CONCRETO,1,BUENO,1,SECO,1,DESPEJADO,0,0,0,0,2,13:00:00
-8133126.10745685,-4415065.7610827,3348,-73.061115,-36.827328,1471063,2022,1,2022/08/26 00:00:00+00,8,REGION BIO BIO,8101,CONCEPCION,33,COLISION POR ALCANCE,30,COLISION,1,URBANA,11,CRUCE CON SEMAFORO FUNCIONANDO,28,CONDUCCION SIN MANTENER DISTANCIA RAZONABLE NI PRUDENTE,1,IMPRUDENCIA DEL CONDUCTOR,0,LOS CARRERA PONIENTE,0,ARTURO PRAT,ARTURO PRAT - LOS CARRERA PONIENTE,0,0,0,0,3,3,3,BIDIRECCIONAL CON BANDEJON,1,CONCRETO,1,BUENO,1,SECO,1,DESPEJADO,0,0,0,0,2,15:00:00
-8143737.67131257,-4451590.38862345,3349,-73.15644,-37.089508,1448792,2022,1,2022/05/10 00:00:00+00,8,REGION BIO BIO,8106,LOTA,32,COLISION LATERAL,30,COLISION,1,URBANA,15,CRUCE CON SEÑAL CEDA EL PASO,64,SEÑALIZACION DESOBEDECER SEÑAL CEDA EL PASO,10,DESOBEDIENCIA A SEÑALIZACION,0,SQUELLA,0,CARRERA,CARRERA - SQUELLA,0,0,0,0,2,0,1,UNIDIRECCIONAL,1,CONCRETO,1,BUENO,4,CON BARRO,1,DESPEJADO,0,0,0,0,2,19:00:00