X,Y,FID,POINT_X,POINT_Y,Idaccident,Año,Claseaccid,Fecha,Cód_Regi,Región,Cód_Comun,Comuna,Cód_Tipo,Tipo_Accid,Cód_Tip_1,Tipo__CONA,Cód_Zona,Zona,Cód_Ubica,Ubicación,Cód_Causa,Causa,Cód_Cau_1,Causa__CON,Cód_Calle,Calle_Uno,Cód_Cal_1,Calle_Dos,Intersecci,Número,Ruta,Cód_Ruta,Ubicaci_1,Pistas_de,Pistas_d_1,Cód_Calza,Calzada,Cód__Tipo,Tipo_Calza,Cód_Estad,Estado_Cal,Cód_Condi,Condición,Cód_Est_1,Estado_Atm,Fallecidos,Graves,Menos_Grav,Leves,Ilesos,Hora_1
-8090924.59906645,-4508738.43317642,3350,-72.682012,-37.497912,1448798,2022,1,2022/05/26 00:00:00+00,8,REGION BIO BIO,8306,NACIMIENTO,30,COLISION,30,COLISION,1,URBANA,1,TRAMO DE VIA RECTA,24,CONDUCCION EN ESTADO DE EBRIEDAD,4,ALCOHOL EN CONDUCTOR,0,PADRE ENRIQUE,0,SANTA TERESA,PADRE ENRIQUE - SANTA TERESA,0,0,0,0,1,1,2,BIDIRECCIONAL,2,ASFALTO,1,BUENO,1,SECO,1,DESPEJADO,0,0,0,0,2,18:07:00
-8127447.96739827,-4415214.15184082,3351,-73.010107,-36.828395,1471069,2022,1,2022/08/30 00:00:00+00,8,REGION BIO BIO,8101,CONCEPCION,30,COLISION,30,COLISION,1,URBANA,1,TRAMO DE VIA RECTA,27,CONDUCCION NO ATENTO CONDICIONES TRANSITO MOMENTO,1,IMPRUDENCIA DEL CONDUCTOR,0,CALLE SEIS,0,CAMINO NONGUEN,CALLE SEIS - CAMINO NONGUEN,0,0,0,0,1,1,2,BIDIRECCIONAL,1,CONCRETO,1,BUENO,1,SECO,1,DESPEJADO,0,0,0,0,2,07:45:00
-8131319.29193373,-4414635.87069145,3352,-73.044884,-36.824237,1448801,2022,1,2022/05/30 00:00:00+00,8,REGION BIO BIO,8101,CONCEPCION,10,ATROPELLO,10,ATROPELLO,1,URBANA,26,OTROS NO CONSIDERADOS,51,PEATON PERMANECE SOBRE LA CALZADA,2,IMPRUDENCIA DEL PEATON,0,OROMPELLO,0,BARROS ARANA,BARROS ARANA - OROMPELLO,0,0,0,0,2,0,1,UNIDIRECCIONAL,1,CONCRETO,1,BUENO,1,SECO,1,DESPEJADO,0,0,1,0,1,18:40:00
-8140883.2280616,-4443201.54486802,3353,-73.130798,-37.029371,1471135,2022,1,2022/08/26 00:00:00+00,8,REGION BIO BIO,8102,CORONEL,10,ATROPELLO,10,ATROPELLO,1,URBANA,15,CRUCE CON SEÑAL CEDA EL PASO,31,NO RESPETAR DERECHO PREFERENTE DE PASO A PEATON,1,IMPRUDENCIA DEL CONDUCTOR,0,CANTARRANA,0,CORCOVADO,CANTARRANA - CORCOVADO,0,0,0,0,1,1,2,BIDIRECCIONAL,2,ASFALTO,1,BUENO,1,SECO,1,DESPEJADO,0,0,1,1,0,12:15:00
-8144724.93048056,-4451687.07038285,3354,-73.165309,-37.090201,1448803,2022,1,2022/05/19 00:00:00+00,8,REGION BIO BIO,8106,LOTA,51,CHOQUE FRONTAL,40,CHOQUE,1,URBANA,14,CRUCE CON SEÑAL PARE,95,PERDIDA CONTROL VEHICULO,9,PERDIDA CONTROL VEHICULO,0,CONDELL,0,CARLOS COUSIÑO,CARLOS COUSIÑO - CONDELL,0,0,0,0,2,0,1,UNIDIRECCIONAL,1,CONCRETO,1,BUENO,2,HUMEDO,2,NUBLADO,0,0,0,0,3,12:00:00
-8145230.78851063,-4438785.88117973,3355,-73.169853,-36.997698,1471148,2022,1,2022/08/26 00:00:00+00,8,REGION BIO BIO,8102,CORONEL,70,VOLCADURA,70,VOLCADURA,1,URBANA,1,TRAMO DE VIA RECTA,27,CONDUCCION NO ATENTO CONDICIONES TRANSITO MOMENTO,1,IMPRUDENCIA DEL CONDUCTOR,0,LOS PEHUENCHES,0,0,- LOS PEHUENCHES,316,0,0,0,1,1,2,BIDIRECCIONAL,2,ASFALTO,1,BUENO,1,SECO,1,DESPEJADO,0,0,1,0,0,17:30:00
-8144314.49551801,-4438941.80995851,3356,-73.161622,-36.998816,1471156,2022,1,2022/08/27 00:00:00+00,8,REGION BIO BIO,8102,CORONEL,32,COLISION LATERAL,30,COLISION,1,URBANA,11,CRUCE CON SEMAFORO FUNCIONANDO,62,SEÑALIZACION DESOBEDECER LUZ ROJA DE SEMAFORO,10,DESOBEDIENCIA A SEÑALIZACION,0,MANUEL MONTT,0,LOS MOLINEROS,LOS MOLINEROS - MANUEL MONTT,0,0,0,0,2,2,2,BIDIRECCIONAL,1,CONCRETO,1,BUENO,1,SECO,1,DESPEJADO,0,0,0,4,2,15:50:00
-8130397.46636242,-4413972.58689073,3357,-73.036603,-36.819467,1448809,2022,1,2022/05/31 00:00:00+00,8,REGION BIO BIO,8101,CONCEPCION,53,CHOQUE POSTERIOR,40,CHOQUE,1,URBANA,11,CRUCE CON SEMAFORO FUNCIONANDO,27,CONDUCCION NO ATENTO CONDICIONES TRANSITO MOMENTO,1,IMPRUDENCIA DEL CONDUCTOR,0,LIENTUR,0,FREIRE,FREIRE - LIENTUR,0,0,0,0,3,0,1,UNIDIRECCIONAL,1,CONCRETO,1,BUENO,1,SECO,1,DESPEJADO,0,0,0,0,2,08:00:00
-8141905.00740369,-4417163.63117081,3358,-73.139977,-36.842411,1471166,2022,1,2022/08/31 00:00:00+00,8,REGION BIO BIO,8108,SAN PEDRO DE LA PAZ,70,VOLCADURA,70,VOLCADURA,1,URBANA,2,TRAMO DE VIA CURVA HORIZONTAL,27,CONDUCCION NO ATENTO CONDICIONES TRANSITO MOMENTO,1,IMPRUDENCIA DEL CONDUCTOR,0,MANUEL RODRIGUEZ,0,LOS NARANJOS,LOS NARANJOS - MANUEL RODRIGUEZ,0,0,0,0,1,0,1,UNIDIRECCIONAL,1,CONCRETO,2,REGULAR,1,SECO,1,DESPEJADO,0,1,0,0,0,07:45:00
-8121737.14393718,-4386099.95928138,3359,-72.958806,-36.618765,1448816,2022,1,2022/05/30 00:00:00+00,8,REGION BIO BIO,8111,TOME,67,CHOQUE POSTERIOR/FRENTE,40,CHOQUE,1,URBANA,1,TRAMO DE VIA RECTA,93,CONDUCIR VEHICULO EN RETROCESO,1,IMPRUDENCIA DEL CONDUCTOR,0,MAIPU,0,0,- MAIPU,1038,0,0,0,1,1,2,BIDIRECCIONAL,1,CONCRETO,1,BUENO,1,SECO,1,DESPEJADO,0,0,0,0,2,11:00:00
-8053914.24135825,-4505854.24181598,3360,-72.349543,-37.477354,1471213,2022,1,2022/08/30 00:00:00+00,8,REGION BIO BIO,8301,LOS ANGELES,65,CHOQUE LADO/LADO,40,CHOQUE,1,URBANA,1,TRAMO DE VIA RECTA,27,CONDUCCION NO ATENTO CONDICIONES TRANSITO MOMENTO,1,IMPRUDENCIA DEL CONDUCTOR,0,FREIRE,0,0,- FREIRE,424,0,0,0,2,0,1,UNIDIRECCIONAL,1,CONCRETO,1,BUENO,1,SECO,1,DESPEJADO,0,0,0,0,2,16:15:00
-8144879.90947565,-4450376.30395441,3361,-73.166701,-37.080807,1448820,2022,1,2022/05/28 00:00:00+00,8,REGION BIO BIO,8106,LOTA,53,CHOQUE POSTERIOR,40,CHOQUE,1,URBANA,1,TRAMO DE VIA RECTA,97,CAUSAS NO DETERMINADAS,13,CAUSAS NO DETERMINADAS,0,CRUZADA ALTO NORTE,0,0,- CRUZADA ALTO NORTE,310,0,0,0,1,1,2,BIDIRECCIONAL,1,CONCRETO,1,BUENO,1,SECO,1,DESPEJADO,0,0,0,0,1,23:10:00
-8054144.80628758,-4503861.66230741,3362,-72.351614,-37.463147,1471224,2022,1,2022/08/30 00:00:00+00,8,REGION BIO BIO,8301,LOS ANGELES,10,ATROPELLO,10,ATROPELLO,1,URBANA,1,TRAMO DE VIA RECTA,27,CONDUCCION NO ATENTO CONDICIONES TRANSITO MOMENTO,1,IMPRUDENCIA DEL CONDUCTOR,0,VALDIVIA,0,0,- VALDIVIA,849,0,0,0,1,0,1,UNIDIRECCIONAL,1,CONCRETO,1,BUENO,1,SECO,1,DESPEJADO,0,0,0,1,1,17:00:00
-8142236.39439583,-4447938.34087817,3363,-73.142954,-37.063333,1448826,2022,1,2022/05/27 00:00:00+00,8,REGION BIO BIO,8106,LOTA,34,COLISION PERPENDICULAR,30,COLISION,1,URBANA,2,TRAMO DE VIA CURVA HORIZONTAL,27,CONDUCCION NO ATENTO CONDICIONES TRANSITO MOMENTO,1,IMPRUDENCIA DEL CONDUCTOR,0,PLAYA BLANCA,0,FERNANDO MAIRA,FERNANDO MAIRA - PLAYA BLANCA,0,0,0,0,2,0,1,UNIDIRECCIONAL,2,ASFALTO,1,BUENO,1,SECO,1,DESPEJADO,0,0,0,0,2,17:00:00
-8051453.36816698,-4501949.84940595,3364,-72.327436,-37.449514,1471241,2022,1,2022/08/30 00:00:00+00,8,REGION BIO BIO,8301,LOS ANGELES,63,CHOQUE FRENTE/POSTERIOR,40,CHOQUE,1,URBANA,1,TRAMO DE VIA RECTA,29,CONDUCCION CAMBIAR SORPRESIVAMENTE PISTA CIRCULACION,1,IMPRUDENCIA DEL CONDUCTOR,0,LAS INDUSTRIAS,0,0,- LAS INDUSTRIAS,7260,0,0,0,2,2,3,BIDIRECCIONAL CON BANDEJON,2,ASFALTO,1,BUENO,3,MOJADO,4,LLOVIZNA,0,0,0,1,3,08:00:00
-8091749.1536667,-4508192.27194026,3365,-72.689419,-37.49402,1448830,2022,1,2022/05/29 00:00:00+00,8,REGION BIO BIO,8306,NACIMIENTO,50,CHOQUE,40,CHOQUE,1,URBANA,1,TRAMO DE VIA RECTA,24,CONDUCCION EN ESTADO DE EBRIEDAD,4,ALCOHOL EN CONDUCTOR,0,LAS ROSAS,0,0,- LAS ROSAS,80,0,0,0,1,1,2,BIDIRECCIONAL,2,ASFALTO,1,BUENO,1,SECO,1,DESPEJADO,0,0,0,0,1,03:20:00
-8008605.3050421,-4472849.44679126,3366,-71.942526,-37.241693,1471257,2022,1,2022/08/30 00:00:00+00,8,REGION BIO BIO,8312,TUCAPEL,10,ATROPELLO,10,ATROPELLO,1,URBANA,1,TRAMO DE VIA RECTA,98,OTRAS CAUSAS,14,OTRAS CAUSAS,0,12 DE FEBRERO,0,0,- 12 DE FEBRERO,93,0,0,0,1,0,1,UNIDIRECCIONAL,2,ASFALTO,1,BUENO,1,SECO,1,DESPEJADO,0,0,1,0,1,17:15:00
-8131003.75683708,-4412828.91331774,3367,-73.04205,-36.811242,1448889,2022,1,2022/05/19 00:00:00+00,8,REGION BIO BIO,8101,CONCEPCION,31,COLISION FRONTAL,30,COLISION,1,URBANA,26,OTROS NO CONSIDERADOS,32,NO RESPETAR DERECHO PREFERENTE DE PASO A VEHICULO,1,IMPRUDENCIA DEL CONDUCTOR,0,LIENTUR,0,VILLARRICA,LIENTUR - VILLARRICA,0,0,0,0,1,1,2,BIDIRECCIONAL,1,CONCRETO,1,BUENO,3,MOJADO,3,LLUVIA,0,0,0,1,2,19:50:00
-8121458.62257122,-4386076.3673281,3368,-72.956304,-36.618595,1471258,2022,1,2022/08/31 00:00:00+00,8,REGION BIO BIO,8111,TOME,51,CHOQUE FRONTAL,40,CHOQUE,1,URBANA,11,CRUCE CON SEMAFORO FUNCIONANDO,95,PERDIDA CONTROL VEHICULO,9,PERDIDA CONTROL VEHICULO,0,MARIANO EGAÑA,0,MANUEL MONTT,MANUEL MONTT - MARIANO EGAÑA,0,0,0,0,2,0,1,UNIDIRECCIONAL,1,CONCRETO,1,BUENO,1,SECO,1,DESPEJADO,0,0,0,0,1,16:22:00
-8123384.3273105,-4398895.10793675,3369,-72.973603,-36.710964,1448912,2022,1,2022/05/14 00:00:00+00,8,REGION BIO BIO,8107,PENCO,52,CHOQUE LATERAL,40,CHOQUE,1,URBANA,1,TRAMO DE VIA RECTA,27,CONDUCCION NO ATENTO CONDICIONES TRANSITO MOMENTO,1,IMPRUDENCIA DEL CONDUCTOR,0,BALMACEDA,0,0,- BALMACEDA,327,0,0,0,2,0,1,UNIDIRECCIONAL,2,ASFALTO,1,BUENO,1,SECO,1,DESPEJADO,0,0,0,0,1,20:20:00
-8125960.77239712,-4402996.29510725,3370,-72.996748,-36.740493,1448917,2022,1,2022/05/20 00:00:00+00,8,REGION BIO BIO,8107,PENCO,52,CHOQUE LATERAL,40,CHOQUE,1,URBANA,1,TRAMO DE VIA RECTA,95,PERDIDA CONTROL VEHICULO,9,PERDIDA CONTROL VEHICULO,0,O'HIGGINS,0,0,- O'HIGGINS,110,0,0,0,2,0,1,UNIDIRECCIONAL,2,ASFALTO,1,BUENO,1,SECO,1,DESPEJADO,0,0,0,0,1,07:40:00
-8052620.76453498,-4502503.14563359,3371,-72.337923,-37.45346,1471271,2022,1,2022/08/30 00:00:00+00,8,REGION BIO BIO,8301,LOS ANGELES,30,COLISION,30,COLISION,2,RURAL,1,TRAMO DE VIA RECTA,27,CONDUCCION NO ATENTO CONDICIONES TRANSITO MOMENTO,1,IMPRUDENCIA DEL CONDUCTOR,0,ORIENTE,0,SEVILLA,ORIENTE - SEVILLA,0,0,0,0,2,2,3,BIDIRECCIONAL CON BANDEJON,2,ASFALTO,1,BUENO,1,SECO,1,DESPEJADO,0,0,0,0,2,12:10:00
-8056750.96254629,-4506261.44709942,3372,-72.375025,-37.480257,1448920,2022,1,2022/05/30 00:00:00+00,8,REGION BIO BIO,8301,LOS ANGELES,32,COLISION LATERAL,30,COLISION,1,URBANA,1,TRAMO DE VIA RECTA,27,CONDUCCION NO ATENTO CONDICIONES TRANSITO MOMENTO,1,IMPRUDENCIA DEL CONDUCTOR,0,DE LA CONSTITUCION,0,SEMINARIO,DE LA CONSTITUCION - SEMINARIO,0,0,0,0,1,0,1,UNIDIRECCIONAL,1,CONCRETO,1,BUENO,1,SECO,1,DESPEJADO,0,0,0,0,2,17:40:00
-8131805.01226791,-4415074.67559559,3373,-73.049247,-36.827392,1471323,2022,1,2022/08/22 00:00:00+00,8,REGION BIO BIO,8101,CONCEPCION,53,CHOQUE POSTERIOR,40,CHOQUE,1,URBANA,11,CRUCE CON SEMAFORO FUNCIONANDO,27,CONDUCCION NO ATENTO CONDICIONES TRANSITO MOMENTO,1,IMPRUDENCIA DEL CONDUCTOR,0,BERNARDO O'HIGGINS,0,ANIBAL PINTO,ANIBAL PINTO - BERNARDO O'HIGGINS,0,0,0,0,4,0,1,UNIDIRECCIONAL,1,CONCRETO,1,BUENO,1,SECO,1,DESPEJADO,0,0,0,0,2,20:00:00
-8139527.8019417,-4409274.14379227,3374,-73.118622,-36.785672,1448926,2022,1,2022/05/26 00:00:00+00,8,REGION BIO BIO,8112,HUALPEN,63,CHOQUE FRENTE/POSTERIOR,40,CHOQUE,1,URBANA,11,CRUCE CON SEMAFORO FUNCIONANDO,28,CONDUCCION SIN MANTENER DISTANCIA RAZONABLE NI PRUDENTE,1,IMPRUDENCIA DEL CONDUCTOR,0,COSTANERA,0,0,- COSTANERA,2001,0,0,0,1,1,2,BIDIRECCIONAL,1,CONCRETO,1,BUENO,1,SECO,1,DESPEJADO,0,0,0,0,2,13:00:00
-8132992.07878994,-4411063.80160847,3375,-73.059911,-36.798546,1471388,2022,1,2022/08/29 00:00:00+00,8,REGION BIO BIO,8101,CONCEPCION,33,COLISION POR ALCANCE,30,COLISION,1,URBANA,1,TRAMO DE VIA RECTA,28,CONDUCCION SIN MANTENER DISTANCIA RAZONABLE NI PRUDENTE,1,IMPRUDENCIA DEL CONDUCTOR,0,PAICAVI,0,ALONSO DE RIBERA,ALONSO DE RIBERA - PAICAVI,0,0,0,0,1,0,1,UNIDIRECCIONAL,1,CONCRETO,1,BUENO,1,SECO,1,DESPEJADO,0,0,0,1,1,18:30:00
-8132415.55514712,-4412839.23028954,3376,-73.054732,-36.811316,1471391,2022,1,2022/08/31 00:00:00+00,8,REGION BIO BIO,8101,CONCEPCION,33,COLISION POR ALCANCE,30,COLISION,1,URBANA,11,CRUCE CON SEMAFORO FUNCIONANDO,11,ADELANTAMIENTO SIN EL ESPACIO O TIEMPO SUFICIENTE,1,IMPRUDENCIA DEL CONDUCTOR,0,TUCAPEL,0,EJERCITO,EJERCITO - TUCAPEL,0,0,0,0,2,0,1,UNIDIRECCIONAL,1,CONCRETO,1,BUENO,1,SECO,1,DESPEJADO,0,0,0,0,2,07:40:00
-8053242.76218979,-4503654.04424601,3377,-72.343511,-37.461667,1448933,2022,1,2022/05/31 00:00:00+00,8,REGION BIO BIO,8301,LOS ANGELES,30,COLISION,30,COLISION,1,URBANA,1,TRAMO DE VIA RECTA,27,CONDUCCION NO ATENTO CONDICIONES TRANSITO MOMENTO,1,IMPRUDENCIA DEL CONDUCTOR,0,ALEMANIA,0,0,- ALEMANIA,1515,0,0,0,2,2,3,BIDIRECCIONAL CON BANDEJON,1,CONCRETO,1,BUENO,1,SECO,1,DESPEJADO,0,0,0,0,2,17:50:00
-8139270.42014703,-4399346.73514679,3378,-73.11631,-36.714216,1471405,2022,1,2022/08/31 00:00:00+00,8,REGION BIO BIO,8101,CONCEPCION,53,CHOQUE POSTERIOR,40,CHOQUE,1,URBANA,11,CRUCE CON SEMAFORO FUNCIONANDO,28,CONDUCCION SIN MANTENER DISTANCIA RAZONABLE NI PRUDENTE,1,IMPRUDENCIA DEL CONDUCTOR,0,SARGENTO ALDEA,0,PEDRO DE VALDIVIA,PEDRO DE VALDIVIA - SARGENTO ALDEA,0,0,0,0,2,0,1,UNIDIRECCIONAL,1,CONCRETO,1,BUENO,1,SECO,1,DESPEJADO,0,0,0,0,2,08:00:00
-8054308.06745278,-4504273.15202309,3379,-72.35308,-37.466081,1448936,2022,1,2022/05/31 00:00:00+00,8,REGION BIO BIO,8301,LOS ANGELES,32,COLISION LATERAL,30,COLISION,1,URBANA,14,CRUCE CON SEÑAL PARE,27,CONDUCCION NO ATENTO CONDICIONES TRANSITO MOMENTO,1,IMPRUDENCIA DEL CONDUCTOR,0,TUCAPEL,0,0,- TUCAPEL,451,0,0,0,2,0,1,UNIDIRECCIONAL,2,ASFALTO,1,BUENO,1,SECO,1,DESPEJADO,0,0,0,0,2,17:55:00
-8132628.66518029,-4415678.14011959,3380,-73.056646,-36.831731,1471416,2022,1,2022/08/31 00:00:00+00,8,REGION BIO BIO,8101,CONCEPCION,34,COLISION PERPENDICULAR,30,COLISION,1,URBANA,11,CRUCE CON SEMAFORO FUNCIONANDO,62,SEÑALIZACION DESOBEDECER LUZ ROJA DE SEMAFORO,10,DESOBEDIENCIA A SEÑALIZACION,0,SERRANO,0,SAN MARTIN,SAN MARTIN - SERRANO,0,0,0,0,2,0,1,UNIDIRECCIONAL,1,CONCRETO,1,BUENO,1,SECO,1,DESPEJADO,0,0,0,0,2,11:20:00
-8054521.37786104,-4503966.34241323,3381,-72.354997,-37.463894,1448938,2022,1,2022/05/31 00:00:00+00,8,REGION BIO BIO,8301,LOS ANGELES,51,CHOQUE FRONTAL,40,CHOQUE,1,URBANA,1,TRAMO DE VIA RECTA,27,CONDUCCION NO ATENTO CONDICIONES TRANSITO MOMENTO,1,IMPRUDENCIA DEL CONDUCTOR,0,ERCILLA,0,GALVARINO,ERCILLA - GALVARINO,0,0,0,0,2,0,1,UNIDIRECCIONAL,2,ASFALTO,1,BUENO,1,SECO,1,DESPEJADO,0,0,0,0,1,18:30:00
-8171934.83153881,-4552129.7998655,3382,-73.40974,-37.806522,1471425,2022,1,2022/08/22 00:00:00+00,8,REGION BIO BIO,8203,CAÑETE,50,CHOQUE,40,CHOQUE,1,URBANA,1,TRAMO DE VIA RECTA,27,CONDUCCION NO ATENTO CONDICIONES TRANSITO MOMENTO,1,IMPRUDENCIA DEL CONDUCTOR,0,JOSE MARIA URRUTIA,0,0,- JOSE MARIA URRUTIA,125,0,0,0,1,1,2,BIDIRECCIONAL,2,ASFALTO,1,BUENO,1,SECO,1,DESPEJADO,0,0,0,0,1,15:35:00
-8129386.76330967,-4427861.49427497,3383,-73.027524,-36.91928,1448967,2022,1,2022/05/27 00:00:00+00,8,REGION BIO BIO,8103,CHIGUAYANTE,34,COLISION PERPENDICULAR,30,COLISION,1,URBANA,11,CRUCE CON SEMAFORO FUNCIONANDO,98,OTRAS CAUSAS,14,OTRAS CAUSAS,0,MANUEL RODRIGUEZ,0,FERNANDO URRA,FERNANDO URRA - MANUEL RODRIGUEZ,0,0,0,0,2,2,3,BIDIRECCIONAL CON BANDEJON,1,CONCRETO,1,BUENO,2,HUMEDO,1,DESPEJADO,0,0,0,0,2,07:00:00
-8136645.53994997,-4404614.15951074,3384,-73.092731,-36.752138,1471469,2022,1,2022/08/28 00:00:00+00,8,REGION BIO BIO,8110,TALCAHUANO,32,COLISION LATERAL,30,COLISION,1,URBANA,1,TRAMO DE VIA RECTA,32,NO RESPETAR DERECHO PREFERENTE DE PASO A VEHICULO,1,IMPRUDENCIA DEL CONDUCTOR,0,CRISTOBAL COLON,0,0,- CRISTOBAL COLON,396,0,0,0,1,1,2,BIDIRECCIONAL,1,CONCRETO,1,BUENO,1,SECO,1,DESPEJADO,0,0,0,0,2,13:15:00
-8132079.43707662,-4415215.94589357,3385,-73.051712,-36.828408,1448998,2022,1,2022/05/31 00:00:00+00,8,REGION BIO BIO,8101,CONCEPCION,32,COLISION LATERAL,30,COLISION,1,URBANA,11,CRUCE CON SEMAFORO FUNCIONANDO,29,CONDUCCION CAMBIAR SORPRESIVAMENTE PISTA CIRCULACION,1,IMPRUDENCIA DEL CONDUCTOR,0,BERNARDO O'HIGGINS,0,RENGO,BERNARDO O'HIGGINS - RENGO,0,0,0,0,3,0,1,UNIDIRECCIONAL,1,CONCRETO,1,BUENO,1,SECO,1,DESPEJADO,0,0,0,0,2,14:15:00
-8089548.40072956,-4509354.90867502,3386,-72.66965,-37.502306,1471496,2022,1,2022/08/28 00:00:00+00,8,REGION BIO BIO,8306,NACIMIENTO,50,CHOQUE,40,CHOQUE,1,URBANA,1,TRAMO DE VIA RECTA,24,CONDUCCION EN ESTADO DE EBRIEDAD,4,ALCOHOL EN CONDUCTOR,0,JORGE MONTT,0,0,- JORGE MONTT,475,0,0,0,1,1,2,BIDIRECCIONAL,1,CONCRETO,1,BUENO,1,SECO,1,DESPEJADO,0,0,0,1,1,09:10:00
-8139080.65381108,-4398971.30124311,3387,-73.114605,-36.711513,1449000,2022,1,2022/05/24 00:00:00+00,8,REGION BIO BIO,8110,TALCAHUANO,33,COLISION POR ALCANCE,30,COLISION,1,URBANA,1,TRAMO DE VIA RECTA,28,CONDUCCION SIN MANTENER DISTANCIA RAZONABLE NI PRUDENTE,1,IMPRUDENCIA DEL CONDUCTOR,0,BLANCO ENCALADA,0,0,- BLANCO ENCALADA,85,0,0,0,1,1,2,BIDIRECCIONAL,1,CONCRETO,1,BUENO,1,SECO,1,DESPEJADO,0,0,0,0,2,13:30:00
-8129017.11580854,-4429061.56920826,3388,-73.024203,-36.927899,1449005,2022,1,2022/05/28 00:00:00+00,8,REGION BIO BIO,8103,CHIGUAYANTE,34,COLISION PERPENDICULAR,30,COLISION,1,URBANA,14,CRUCE CON SEÑAL PARE,27,CONDUCCION NO ATENTO CONDICIONES TRANSITO MOMENTO,1,IMPRUDENCIA DEL CONDUCTOR,0,MANUEL RODRIGUEZ,0,SANTO DOMINGO,MANUEL RODRIGUEZ - SANTO DOMINGO,0,0,0,0,1,0,1,UNIDIRECCIONAL,1,CONCRETO,1,BUENO,1,SECO,1,DESPEJADO,0,0,0,1,1,19:40:00
-8132585.29510668,-4415994.95496347,3389,-73.056257,-36.834009,1471506,2022,1,2022/08/31 00:00:00+00,8,REGION BIO BIO,8101,CONCEPCION,53,CHOQUE POSTERIOR,40,CHOQUE,1,URBANA,11,CRUCE CON SEMAFORO FUNCIONANDO,27,CONDUCCION NO ATENTO CONDICIONES TRANSITO MOMENTO,1,IMPRUDENCIA DEL CONDUCTOR,0,CHACABUCO,0,ARTURO PRAT,ARTURO PRAT - CHACABUCO,0,0,0,0,3,3,3,BIDIRECCIONAL CON BANDEJON,1,CONCRETO,1,BUENO,1,SECO,1,DESPEJADO,0,0,0,0,2,11:10:00
-8126946.3729047,-4414982.81892138,3390,-73.005601,-36.826731,1449016,2022,1,2022/05/27 00:00:00+00,8,REGION BIO BIO,8101,CONCEPCION,10,ATROPELLO,10,ATROPELLO,1,URBANA,26,OTROS NO CONSIDERADOS,31,NO RESPETAR DERECHO PREFERENTE DE PASO A PEATON,1,IMPRUDENCIA DEL CONDUCTOR,0,CAMINO NONGUEN,0,0,- CAMINO NONGUEN,547,0,0,0,1,1,2,BIDIRECCIONAL,1,CONCRETO,1,BUENO,1,SECO,1,DESPEJADO,0,0,0,0,2,18:20:00
-8129977.53584731,-4413408.52850693,3391,-73.032831,-36.81541,1471514,2022,1,2022/08/31 00:00:00+00,8,REGION BIO BIO,8101,CONCEPCION,34,COLISION PERPENDICULAR,30,COLISION,1,URBANA,11,CRUCE CON SEMAFORO FUNCIONANDO,27,CONDUCCION NO ATENTO CONDICIONES TRANSITO MOMENTO,1,IMPRUDENCIA DEL CONDUCTOR,0,LOS CARRERA,0,PADRE KORDA,LOS CARRERA - PADRE KORDA,0,0,0,0,3,3,3,BIDIRECCIONAL CON BANDEJON,1,CONCRETO,1,BUENO,1,SECO,1,DESPEJADO,0,0,0,1,1,15:10:00
-8144371.41317365,-4436445.87299056,3392,-73.162133,-36.980908,1449017,2022,1,2022/05/09 00:00:00+00,8,REGION BIO BIO,8102,CORONEL,32,COLISION LATERAL,30,COLISION,1,URBANA,11,CRUCE CON SEMAFORO FUNCIONANDO,68,SEÑALIZACION DESOBEDECER LUZ INTERMITENTE SEMAFORO,10,DESOBEDIENCIA A SEÑALIZACION,0,LOS ROBLES,0,LOS NOTROS,LOS NOTROS - LOS ROBLES,0,0,0,0,2,0,1,UNIDIRECCIONAL,1,CONCRETO,1,BUENO,1,SECO,1,DESPEJADO,0,0,0,1,1,07:40:00
-8132289.85317811,-4415838.6256381,3393,-73.053603,-36.832885,1471522,2022,1,2022/08/31 00:00:00+00,8,REGION BIO BIO,8101,CONCEPCION,10,ATROPELLO,10,ATROPELLO,1,URBANA,11,CRUCE CON SEMAFORO FUNCIONANDO,31,NO RESPETAR DERECHO PREFERENTE DE PASO A PEATON,1,IMPRUDENCIA DEL CONDUCTOR,0,CHACABUCO,0,SALAS,CHACABUCO - SALAS,0,0,0,0,3,3,3,BIDIRECCIONAL CON BANDEJON,1,CONCRETO,1,BUENO,1,SECO,1,DESPEJADO,0,0,0,1,1,10:15:00
-8134923.23818427,-4412774.58948154,3394,-73.077259,-36.810851,1449024,2022,1,2022/05/30 00:00:00+00,8,REGION BIO BIO,8103,CHIGUAYANTE,10,ATROPELLO,10,ATROPELLO,1,URBANA,1,TRAMO DE VIA RECTA,97,CAUSAS NO DETERMINADAS,13,CAUSAS NO DETERMINADAS,0,NUEVO AMANECER,0,CALLE DOS,CALLE DOS - NUEVO AMANECER,0,0,0,0,1,1,2,BIDIRECCIONAL,1,CONCRETO,1,BUENO,1,SECO,1,DESPEJADO,0,0,0,1,1,15:15:00
-8090061.02698467,-4510220.22448495,3395,-72.674255,-37.508472,1471531,2022,1,2022/08/30 00:00:00+00,8,REGION BIO BIO,8306,NACIMIENTO,53,CHOQUE POSTERIOR,40,CHOQUE,1,URBANA,1,TRAMO DE VIA RECTA,27,CONDUCCION NO ATENTO CONDICIONES TRANSITO MOMENTO,1,IMPRUDENCIA DEL CONDUCTOR,0,JULIO HEMMELMANN,0,ANIBAL PINTO,ANIBAL PINTO - JULIO HEMMELMANN,0,0,0,0,1,1,2,BIDIRECCIONAL,2,ASFALTO,1,BUENO,1,SECO,1,DESPEJADO,0,0,0,0,2,08:45:00