X,Y,FID,POINT_X,POINT_Y,Idaccident,Año,Claseaccid,Fecha,Cód_Regi,Región,Cód_Comun,Comuna,Cód_Tipo,Tipo_Accid,Cód_Tip_1,Tipo__CONA,Cód_Zona,Zona,Cód_Ubica,Ubicación,Cód_Causa,Causa,Cód_Cau_1,Causa__CON,Cód_Calle,Calle_Uno,Cód_Cal_1,Calle_Dos,Intersecci,Número,Ruta,Cód_Ruta,Ubicaci_1,Pistas_de,Pistas_d_1,Cód_Calza,Calzada,Cód__Tipo,Tipo_Calza,Cód_Estad,Estado_Cal,Cód_Condi,Condición,Cód_Est_1,Estado_Atm,Fallecidos,Graves,Menos_Grav,Leves,Ilesos,Hora_1
-8132101.40041215,-4417514.96015526,3396,-73.05191,-36.844937,1449937,2022,1,2022/06/03 00:00:00+00,8,REGION BIO BIO,8101,CONCEPCION,10,ATROPELLO,10,ATROPELLO,1,URBANA,11,CRUCE CON SEMAFORO FUNCIONANDO,31,NO RESPETAR DERECHO PREFERENTE DE PASO A PEATON,1,IMPRUDENCIA DEL CONDUCTOR,0,PEDRO DE VALDIVIA,0,SARGENTO ALDEA,PEDRO DE VALDIVIA - SARGENTO ALDEA,0,0,0,0,2,2,3,BIDIRECCIONAL CON BANDEJON,1,CONCRETO,1,BUENO,3,MOJADO,2,NUBLADO,0,1,0,0,1,06:50:00
-8199012.3291947,-4524591.66608336,3397,-73.652981,-37.610813,1449027,2022,1,2022/05/27 00:00:00+00,8,REGION BIO BIO,8201,LEBU,10,ATROPELLO,10,ATROPELLO,1,URBANA,11,CRUCE CON SEMAFORO FUNCIONANDO,52,PEATON CRUZA CALZADA FORMA SORPRESIVA O DESCUIDADA,2,IMPRUDENCIA DEL PEATON,0,LATORRE,0,FREIRE,FREIRE - LATORRE,0,0,0,0,2,0,1,UNIDIRECCIONAL,2,ASFALTO,1,BUENO,1,SECO,1,DESPEJADO,0,0,0,1,1,12:40:00
-8140024.00857191,-4415336.18983982,3398,-73.12308,-36.829272,1449943,2022,1,2022/06/03 00:00:00+00,8,REGION BIO BIO,8108,SAN PEDRO DE LA PAZ,34,COLISION PERPENDICULAR,30,COLISION,1,URBANA,16,CRUCE SIN SEÑALIZACION,24,CONDUCCION EN ESTADO DE EBRIEDAD,4,ALCOHOL EN CONDUCTOR,0,LAS TORRES,0,LA MARINA,LA MARINA - LAS TORRES,0,0,0,0,1,1,2,BIDIRECCIONAL,1,CONCRETO,2,REGULAR,3,MOJADO,1,DESPEJADO,0,0,0,1,3,22:30:00
-8089740.38232339,-4509370.62446858,3399,-72.671374,-37.502418,1471572,2022,1,2022/08/30 00:00:00+00,8,REGION BIO BIO,8306,NACIMIENTO,33,COLISION POR ALCANCE,30,COLISION,1,URBANA,1,TRAMO DE VIA RECTA,27,CONDUCCION NO ATENTO CONDICIONES TRANSITO MOMENTO,1,IMPRUDENCIA DEL CONDUCTOR,0,FREIRE,0,JORGE MONTT,FREIRE - JORGE MONTT,0,0,0,0,1,1,2,BIDIRECCIONAL,2,ASFALTO,1,BUENO,1,SECO,1,DESPEJADO,0,0,0,0,2,16:55:00
-8126339.97111055,-4402843.18474375,3400,-73.000154,-36.739391,1449092,2022,1,2022/05/23 00:00:00+00,8,REGION BIO BIO,8107,PENCO,10,ATROPELLO,10,ATROPELLO,1,URBANA,1,TRAMO DE VIA RECTA,31,NO RESPETAR DERECHO PREFERENTE DE PASO A PEATON,1,IMPRUDENCIA DEL CONDUCTOR,0,FREIRE,0,0,- FREIRE,100,0,0,0,2,0,1,UNIDIRECCIONAL,2,ASFALTO,1,BUENO,1,SECO,1,DESPEJADO,0,0,0,1,1,18:25:00
-8171057.65621526,-4551887.91320474,3401,-73.40186,-37.804805,1449959,2022,1,2022/05/29 00:00:00+00,8,REGION BIO BIO,8203,CAÑETE,30,COLISION,30,COLISION,1,URBANA,1,TRAMO DE VIA RECTA,27,CONDUCCION NO ATENTO CONDICIONES TRANSITO MOMENTO,1,IMPRUDENCIA DEL CONDUCTOR,0,VIDELA,0,LAUTARO,LAUTARO - VIDELA,0,0,0,0,1,1,2,BIDIRECCIONAL,1,CONCRETO,1,BUENO,1,SECO,1,DESPEJADO,0,0,0,1,1,14:00:00
-8131104.25607337,-4413996.26842982,3402,-73.042952,-36.819637,1471653,2022,1,2022/08/29 00:00:00+00,8,REGION BIO BIO,8101,CONCEPCION,53,CHOQUE POSTERIOR,40,CHOQUE,1,URBANA,11,CRUCE CON SEMAFORO FUNCIONANDO,27,CONDUCCION NO ATENTO CONDICIONES TRANSITO MOMENTO,1,IMPRUDENCIA DEL CONDUCTOR,0,LOS CARRERA,0,JANEQUEO,JANEQUEO - LOS CARRERA,0,0,0,0,3,3,3,BIDIRECCIONAL CON BANDEJON,1,CONCRETO,1,BUENO,1,SECO,1,DESPEJADO,0,0,0,0,2,19:00:00
-8126882.35306554,-4403353.60284845,3403,-73.005026,-36.743065,1449101,2022,1,2022/05/24 00:00:00+00,8,REGION BIO BIO,8107,PENCO,52,CHOQUE LATERAL,40,CHOQUE,1,URBANA,1,TRAMO DE VIA RECTA,27,CONDUCCION NO ATENTO CONDICIONES TRANSITO MOMENTO,1,IMPRUDENCIA DEL CONDUCTOR,0,RAMON CARNICER,0,0,- RAMON CARNICER,130,0,0,0,2,0,1,UNIDIRECCIONAL,2,ASFALTO,1,BUENO,1,SECO,1,DESPEJADO,0,0,0,1,1,21:00:00
-8139298.87340888,-4415824.6339973,3404,-73.116566,-36.832784,1449963,2022,1,2022/06/04 00:00:00+00,8,REGION BIO BIO,8108,SAN PEDRO DE LA PAZ,10,ATROPELLO,10,ATROPELLO,1,URBANA,1,TRAMO DE VIA RECTA,55,PEATON CRUZA CALZADA FUERA PASO PEATONES,2,IMPRUDENCIA DEL PEATON,0,LAS GARZAS,0,0,- LAS GARZAS,261,0,0,0,1,1,2,BIDIRECCIONAL,1,CONCRETO,1,BUENO,3,MOJADO,2,NUBLADO,0,2,0,0,0,18:35:00
-8139503.5565566,-4400165.26185108,3405,-73.118404,-36.72011,1471660,2022,1,2022/08/23 00:00:00+00,8,REGION BIO BIO,8110,TALCAHUANO,63,CHOQUE FRENTE/POSTERIOR,40,CHOQUE,1,URBANA,1,TRAMO DE VIA RECTA,28,CONDUCCION SIN MANTENER DISTANCIA RAZONABLE NI PRUDENTE,1,IMPRUDENCIA DEL CONDUCTOR,0,VALDIVIA,0,0,- VALDIVIA,900,0,0,0,1,1,2,BIDIRECCIONAL,1,CONCRETO,1,BUENO,1,SECO,1,DESPEJADO,0,0,0,0,3,08:55:00
-8139085.1733824,-4407329.95802522,3406,-73.114646,-36.771683,1449102,2022,1,2022/05/27 00:00:00+00,8,REGION BIO BIO,8112,HUALPEN,30,COLISION,30,COLISION,1,URBANA,24,ROTONDA,15,"ADELANTAMIENTO EN CRUCE, CURVA, CUESTA, PUENTE",1,IMPRUDENCIA DEL CONDUCTOR,0,COSTANERA,0,GRAN BRETAÑA,COSTANERA - GRAN BRETAÑA,0,0,0,0,2,2,2,BIDIRECCIONAL,1,CONCRETO,1,BUENO,1,SECO,1,DESPEJADO,0,0,0,1,1,22:25:00
-8128723.7221586,-4413906.451292,3407,-73.021568,-36.818991,1449965,2022,1,2022/06/04 00:00:00+00,8,REGION BIO BIO,8101,CONCEPCION,34,COLISION PERPENDICULAR,30,COLISION,1,URBANA,11,CRUCE CON SEMAFORO FUNCIONANDO,68,SEÑALIZACION DESOBEDECER LUZ INTERMITENTE SEMAFORO,10,DESOBEDIENCIA A SEÑALIZACION,0,LAGO VILLARRICA,0,GENERAL NOVOA,GENERAL NOVOA - LAGO VILLARRICA,0,0,0,0,2,0,1,UNIDIRECCIONAL,1,CONCRETO,1,BUENO,3,MOJADO,3,LLUVIA,0,0,0,1,1,08:35:00
-8137632.56534704,-4408573.41715554,3408,-73.101597,-36.78063,1449967,2022,1,2022/06/03 00:00:00+00,8,REGION BIO BIO,8112,HUALPEN,10,ATROPELLO,10,ATROPELLO,1,URBANA,1,TRAMO DE VIA RECTA,55,PEATON CRUZA CALZADA FUERA PASO PEATONES,2,IMPRUDENCIA DEL PEATON,0,LAS GOLONDRINAS,0,0,- LAS GOLONDRINAS,741,0,0,0,2,2,3,BIDIRECCIONAL CON BANDEJON,1,CONCRETO,1,BUENO,3,MOJADO,3,LLUVIA,0,0,1,0,1,06:25:00
-8143559.5823912,-4440459.77878558,3409,-73.15484,-37.009706,1449985,2022,1,2022/06/03 00:00:00+00,8,REGION BIO BIO,8102,CORONEL,30,COLISION,30,COLISION,1,URBANA,1,TRAMO DE VIA RECTA,97,CAUSAS NO DETERMINADAS,13,CAUSAS NO DETERMINADAS,0,PUCHOCO,0,0,- PUCHOCO,381,0,0,0,1,1,2,BIDIRECCIONAL,2,ASFALTO,1,BUENO,3,MOJADO,3,LLUVIA,1,0,0,0,1,22:10:00
-8055654.95536774,-4506235.60791182,3410,-72.36518,-37.480072,1449987,2022,1,2022/06/04 00:00:00+00,8,REGION BIO BIO,8301,LOS ANGELES,51,CHOQUE FRONTAL,40,CHOQUE,1,URBANA,1,TRAMO DE VIA RECTA,51,PEATON PERMANECE SOBRE LA CALZADA,2,IMPRUDENCIA DEL PEATON,0,VICUÑA MACKENNA,0,LOS CIRUELOS,LOS CIRUELOS - VICUÑA MACKENNA,0,0,0,0,1,1,2,BIDIRECCIONAL,1,CONCRETO,1,BUENO,3,MOJADO,3,LLUVIA,0,1,0,0,0,02:50:00
-8130833.22650914,-4413326.60041443,3411,-73.040518,-36.814821,1450000,2022,1,2022/06/05 00:00:00+00,8,REGION BIO BIO,8101,CONCEPCION,33,COLISION POR ALCANCE,30,COLISION,1,URBANA,26,OTROS NO CONSIDERADOS,98,OTRAS CAUSAS,14,OTRAS CAUSAS,0,MANUEL BULNES,0,0,- MANUEL BULNES,1750,0,0,0,1,0,1,UNIDIRECCIONAL,2,ASFALTO,2,REGULAR,3,MOJADO,3,LLUVIA,0,0,0,0,2,00:50:00
-8131305.92246289,-4408689.70831752,3412,-73.044764,-36.781467,1450002,2022,1,2022/06/05 00:00:00+00,8,REGION BIO BIO,8101,CONCEPCION,66,CHOQUE LADO/POSTERIOR,40,CHOQUE,1,URBANA,26,OTROS NO CONSIDERADOS,98,OTRAS CAUSAS,14,OTRAS CAUSAS,0,CANTO DEL VALLE,0,0,- CANTO DEL VALLE,1922,0,0,0,2,0,1,UNIDIRECCIONAL,1,CONCRETO,2,REGULAR,3,MOJADO,4,LLOVIZNA,0,0,0,0,2,02:53:00
-8129740.30288048,-4426987.32946918,3413,-73.0307,-36.913002,1450063,2022,1,2022/06/02 00:00:00+00,8,REGION BIO BIO,8103,CHIGUAYANTE,32,COLISION LATERAL,30,COLISION,1,URBANA,1,TRAMO DE VIA RECTA,97,CAUSAS NO DETERMINADAS,13,CAUSAS NO DETERMINADAS,0,8 ORIENTE,0,LAS ARAUCARIAS,8 ORIENTE - LAS ARAUCARIAS,0,0,0,0,2,2,3,BIDIRECCIONAL CON BANDEJON,1,CONCRETO,1,BUENO,2,HUMEDO,2,NUBLADO,0,0,0,0,2,10:40:00
-8129072.06310919,-4431082.92500565,3414,-73.024697,-36.942413,1450071,2022,1,2022/06/03 00:00:00+00,8,REGION BIO BIO,8103,CHIGUAYANTE,65,CHOQUE LADO/LADO,40,CHOQUE,1,URBANA,1,TRAMO DE VIA RECTA,97,CAUSAS NO DETERMINADAS,13,CAUSAS NO DETERMINADAS,0,CERRO TRONADOR,0,0,- CERRO TRONADOR,655,0,0,0,1,1,2,BIDIRECCIONAL,1,CONCRETO,1,BUENO,3,MOJADO,3,LLUVIA,0,0,0,0,2,11:00:00
-8138240.6925933,-4410647.27914381,3415,-73.10706,-36.79555,1450078,2022,1,2022/06/04 00:00:00+00,8,REGION BIO BIO,8112,HUALPEN,30,COLISION,30,COLISION,1,URBANA,1,TRAMO DE VIA RECTA,31,NO RESPETAR DERECHO PREFERENTE DE PASO A PEATON,1,IMPRUDENCIA DEL CONDUCTOR,0,GRAN BRETAÑA,0,0,- GRAN BRETAÑA,4000,0,0,0,1,1,2,BIDIRECCIONAL,1,CONCRETO,1,BUENO,3,MOJADO,3,LLUVIA,0,0,0,0,2,20:00:00
-8128930.08623064,-4429215.25231744,3416,-73.023421,-36.929002,1450117,2022,1,2022/06/03 00:00:00+00,8,REGION BIO BIO,8103,CHIGUAYANTE,10,ATROPELLO,10,ATROPELLO,1,URBANA,1,TRAMO DE VIA RECTA,98,OTRAS CAUSAS,14,OTRAS CAUSAS,0,MANUEL RODRIGUEZ,0,LOS HEROES,LOS HEROES - MANUEL RODRIGUEZ,0,0,0,0,2,2,3,BIDIRECCIONAL CON BANDEJON,1,CONCRETO,2,REGULAR,3,MOJADO,3,LLUVIA,0,0,0,1,1,18:50:00
-8135201.90426557,-4411225.00999017,3417,-73.079762,-36.799706,1450128,2022,1,2022/06/04 00:00:00+00,8,REGION BIO BIO,8112,HUALPEN,30,COLISION,30,COLISION,1,URBANA,15,CRUCE CON SEÑAL CEDA EL PASO,24,CONDUCCION EN ESTADO DE EBRIEDAD,4,ALCOHOL EN CONDUCTOR,0,ARTEAGA ALEMPARTE,0,O'HIGGINS,ARTEAGA ALEMPARTE - O'HIGGINS,0,0,0,0,2,2,3,BIDIRECCIONAL CON BANDEJON,1,CONCRETO,1,BUENO,3,MOJADO,3,LLUVIA,0,0,0,1,1,00:05:00
-8139650.65413174,-4399811.28276307,3418,-73.119726,-36.717562,1450153,2022,1,2022/05/31 00:00:00+00,8,REGION BIO BIO,8110,TALCAHUANO,33,COLISION POR ALCANCE,30,COLISION,1,URBANA,1,TRAMO DE VIA RECTA,29,CONDUCCION CAMBIAR SORPRESIVAMENTE PISTA CIRCULACION,1,IMPRUDENCIA DEL CONDUCTOR,0,LATORRE,0,0,- LATORRE,704,0,0,0,1,1,2,BIDIRECCIONAL,1,CONCRETO,1,BUENO,1,SECO,1,DESPEJADO,0,0,0,1,1,15:45:00
-8135467.64615399,-4409005.64808501,3419,-73.082149,-36.78374,1450160,2022,1,2022/06/05 00:00:00+00,8,REGION BIO BIO,8112,HUALPEN,30,COLISION,30,COLISION,1,URBANA,24,ROTONDA,27,CONDUCCION NO ATENTO CONDICIONES TRANSITO MOMENTO,1,IMPRUDENCIA DEL CONDUCTOR,0,O'HIGGINS,0,AUTOPISTA CONCEPCION TALCAHUANO,AUTOPISTA CONCEPCION TALCAHUANO - O'HIGGINS,0,0,0,0,2,2,3,BIDIRECCIONAL CON BANDEJON,1,CONCRETO,1,BUENO,2,HUMEDO,2,NUBLADO,0,0,0,1,2,12:00:00
-8133347.58871573,-4414965.79666641,3420,-73.063104,-36.826609,1450280,2022,1,2022/06/04 00:00:00+00,8,REGION BIO BIO,8101,CONCEPCION,10,ATROPELLO,10,ATROPELLO,1,URBANA,11,CRUCE CON SEMAFORO FUNCIONANDO,52,PEATON CRUZA CALZADA FORMA SORPRESIVA O DESCUIDADA,2,IMPRUDENCIA DEL PEATON,0,DESIDERIO SANHUEZA,0,PADRE HURTADO,DESIDERIO SANHUEZA - PADRE HURTADO,0,0,0,0,2,0,1,UNIDIRECCIONAL,1,CONCRETO,1,BUENO,3,MOJADO,3,LLUVIA,0,0,0,1,1,19:20:00
-8133085.62055805,-4415011.17549971,3421,-73.060751,-36.826935,1450301,2022,1,2022/06/06 00:00:00+00,8,REGION BIO BIO,8101,CONCEPCION,32,COLISION LATERAL,30,COLISION,1,URBANA,11,CRUCE CON SEMAFORO FUNCIONANDO,28,CONDUCCION SIN MANTENER DISTANCIA RAZONABLE NI PRUDENTE,1,IMPRUDENCIA DEL CONDUCTOR,0,LOS CARRERA,0,ARTURO PRAT,ARTURO PRAT - LOS CARRERA,0,0,0,0,3,3,3,BIDIRECCIONAL CON BANDEJON,1,CONCRETO,1,BUENO,1,SECO,2,NUBLADO,0,0,0,0,2,20:40:00
-8051284.36291606,-4506748.4337125,3422,-72.325918,-37.483728,1450354,2022,1,2022/06/04 00:00:00+00,8,REGION BIO BIO,8301,LOS ANGELES,52,CHOQUE LATERAL,40,CHOQUE,1,URBANA,1,TRAMO DE VIA RECTA,72,VELOCIDAD NO RAZONABLE NI PRUDENTE,7,VELOCIDAD IMPRUDENTE,0,LAS INDUSTRIAS,0,FRANCISCO ENCINA,FRANCISCO ENCINA - LAS INDUSTRIAS,0,0,0,0,2,2,3,BIDIRECCIONAL CON BANDEJON,2,ASFALTO,2,REGULAR,3,MOJADO,3,LLUVIA,0,0,0,0,1,09:20:00
-8009708.00252205,-4479989.52124518,3423,-71.952431,-37.292737,1450372,2022,1,2022/06/04 00:00:00+00,8,REGION BIO BIO,8312,TUCAPEL,66,CHOQUE LADO/POSTERIOR,40,CHOQUE,1,URBANA,1,TRAMO DE VIA RECTA,24,CONDUCCION EN ESTADO DE EBRIEDAD,4,ALCOHOL EN CONDUCTOR,0,O'HIGGINS,0,0,- O'HIGGINS,172,0,0,0,1,1,2,BIDIRECCIONAL,2,ASFALTO,2,REGULAR,3,MOJADO,3,LLUVIA,0,0,0,0,2,01:00:00
-8054476.60516184,-4505476.97137942,3424,-72.354594,-37.474664,1450378,2022,1,2022/06/05 00:00:00+00,8,REGION BIO BIO,8301,LOS ANGELES,32,COLISION LATERAL,30,COLISION,1,URBANA,15,CRUCE CON SEÑAL CEDA EL PASO,1,FALLAS MECANICAS FRENOS,12,FALLAS MECANICAS,0,MANUEL RODRIGUEZ,0,PATRICIO LYNCH,MANUEL RODRIGUEZ - PATRICIO LYNCH,0,0,0,0,2,0,1,UNIDIRECCIONAL,2,ASFALTO,1,BUENO,2,HUMEDO,2,NUBLADO,0,0,0,2,1,16:10:00
-8051424.67000225,-4500771.138859,3425,-72.327178,-37.441108,1450383,2022,1,2022/06/05 00:00:00+00,8,REGION BIO BIO,8301,LOS ANGELES,32,COLISION LATERAL,30,COLISION,1,URBANA,11,CRUCE CON SEMAFORO FUNCIONANDO,24,CONDUCCION EN ESTADO DE EBRIEDAD,4,ALCOHOL EN CONDUCTOR,0,LAS INDUSTRIAS,0,SOR VICENTA,LAS INDUSTRIAS - SOR VICENTA,0,0,0,0,2,2,2,BIDIRECCIONAL,1,CONCRETO,1,BUENO,2,HUMEDO,2,NUBLADO,0,0,0,0,2,20:00:00
-8053773.74502892,-4505200.78817822,3426,-72.348281,-37.472695,1450420,2022,1,2022/05/30 00:00:00+00,8,REGION BIO BIO,8301,LOS ANGELES,10,ATROPELLO,10,ATROPELLO,1,URBANA,11,CRUCE CON SEMAFORO FUNCIONANDO,27,CONDUCCION NO ATENTO CONDICIONES TRANSITO MOMENTO,1,IMPRUDENCIA DEL CONDUCTOR,0,RICARDO VICUÑA,0,LOS CARRERA,LOS CARRERA - RICARDO VICUÑA,0,0,0,0,2,0,1,UNIDIRECCIONAL,2,ASFALTO,1,BUENO,1,SECO,1,DESPEJADO,0,0,0,1,1,12:50:00
-8135923.87795506,-4410820.13079153,3427,-73.086248,-36.796793,1450452,2022,1,2022/06/06 00:00:00+00,8,REGION BIO BIO,8112,HUALPEN,30,COLISION,30,COLISION,1,URBANA,11,CRUCE CON SEMAFORO FUNCIONANDO,27,CONDUCCION NO ATENTO CONDICIONES TRANSITO MOMENTO,1,IMPRUDENCIA DEL CONDUCTOR,0,CRISTOBAL COLON,0,LOS ESCRITORES,CRISTOBAL COLON - LOS ESCRITORES,0,0,0,0,1,1,2,BIDIRECCIONAL,1,CONCRETO,1,BUENO,2,HUMEDO,2,NUBLADO,0,0,0,0,2,11:30:00
-8052033.88817952,-4506827.18977273,3428,-72.332651,-37.484289,1450492,2022,1,2022/06/05 00:00:00+00,8,REGION BIO BIO,8301,LOS ANGELES,10,ATROPELLO,10,ATROPELLO,1,URBANA,1,TRAMO DE VIA RECTA,31,NO RESPETAR DERECHO PREFERENTE DE PASO A PEATON,1,IMPRUDENCIA DEL CONDUCTOR,0,FRANCISCO ENCINA,0,MONTREAL,FRANCISCO ENCINA - MONTREAL,0,0,0,0,2,2,3,BIDIRECCIONAL CON BANDEJON,2,ASFALTO,2,REGULAR,2,HUMEDO,2,NUBLADO,0,1,0,0,1,19:10:00
-8070522.97580122,-4502857.71759906,3429,-72.498741,-37.455988,1450494,2022,1,2022/06/05 00:00:00+00,8,REGION BIO BIO,8301,LOS ANGELES,32,COLISION LATERAL,30,COLISION,1,URBANA,1,TRAMO DE VIA RECTA,24,CONDUCCION EN ESTADO DE EBRIEDAD,4,ALCOHOL EN CONDUCTOR,0,CARLOS BORDEU,0,OCTAVIO SAN MARTIN,CARLOS BORDEU - OCTAVIO SAN MARTIN,0,0,0,0,2,0,1,UNIDIRECCIONAL,2,ASFALTO,1,BUENO,2,HUMEDO,2,NUBLADO,0,0,0,0,2,14:30:00
-8143304.74981287,-4442338.32878411,3430,-73.152551,-37.02318,1450506,2022,1,2022/05/16 00:00:00+00,8,REGION BIO BIO,8102,CORONEL,53,CHOQUE POSTERIOR,40,CHOQUE,1,URBANA,1,TRAMO DE VIA RECTA,27,CONDUCCION NO ATENTO CONDICIONES TRANSITO MOMENTO,1,IMPRUDENCIA DEL CONDUCTOR,0,LOS CARRERA,0,0,- LOS CARRERA,10,0,0,0,2,0,1,UNIDIRECCIONAL,1,CONCRETO,1,BUENO,1,SECO,1,DESPEJADO,0,0,0,0,2,15:30:00
-8053773.74502892,-4505200.78817822,3431,-72.348281,-37.472695,1450549,2022,1,2022/06/06 00:00:00+00,8,REGION BIO BIO,8301,LOS ANGELES,30,COLISION,30,COLISION,1,URBANA,1,TRAMO DE VIA RECTA,27,CONDUCCION NO ATENTO CONDICIONES TRANSITO MOMENTO,1,IMPRUDENCIA DEL CONDUCTOR,0,LOS CARRERA,0,RICARDO VICUÑA,LOS CARRERA - RICARDO VICUÑA,0,0,0,0,2,0,1,UNIDIRECCIONAL,1,CONCRETO,1,BUENO,3,MOJADO,4,LLOVIZNA,0,0,0,0,2,08:40:00
-8054269.04997126,-4504618.0079893,3432,-72.35273,-37.46854,1450552,2022,1,2022/06/06 00:00:00+00,8,REGION BIO BIO,8301,LOS ANGELES,32,COLISION LATERAL,30,COLISION,1,URBANA,1,TRAMO DE VIA RECTA,27,CONDUCCION NO ATENTO CONDICIONES TRANSITO MOMENTO,1,IMPRUDENCIA DEL CONDUCTOR,0,VALDIVIA,0,0,- VALDIVIA,440,0,0,0,2,0,1,UNIDIRECCIONAL,1,CONCRETO,1,BUENO,2,HUMEDO,1,DESPEJADO,0,0,0,0,2,11:20:00
-8137522.69300963,-4410572.6148837,3433,-73.10061,-36.795013,1450604,2022,1,2022/06/06 00:00:00+00,8,REGION BIO BIO,8112,HUALPEN,10,ATROPELLO,10,ATROPELLO,1,URBANA,15,CRUCE CON SEÑAL CEDA EL PASO,31,NO RESPETAR DERECHO PREFERENTE DE PASO A PEATON,1,IMPRUDENCIA DEL CONDUCTOR,0,ATENAS,0,BREMEN,ATENAS - BREMEN,0,0,0,0,1,1,2,BIDIRECCIONAL,1,CONCRETO,1,BUENO,2,HUMEDO,2,NUBLADO,0,0,0,1,2,12:00:00
-8054378.32118342,-4504780.21539494,3434,-72.353712,-37.469696,1450635,2022,1,2022/06/06 00:00:00+00,8,REGION BIO BIO,8301,LOS ANGELES,10,ATROPELLO,10,ATROPELLO,1,URBANA,11,CRUCE CON SEMAFORO FUNCIONANDO,27,CONDUCCION NO ATENTO CONDICIONES TRANSITO MOMENTO,1,IMPRUDENCIA DEL CONDUCTOR,0,MENDOZA,0,COLO COLO,COLO COLO - MENDOZA,0,0,0,0,2,0,1,UNIDIRECCIONAL,2,ASFALTO,1,BUENO,3,MOJADO,4,LLOVIZNA,0,0,0,1,1,15:30:00
-8056142.87982783,-4505788.63651921,3435,-72.369563,-37.476886,1450644,2022,1,2022/06/06 00:00:00+00,8,REGION BIO BIO,8301,LOS ANGELES,30,COLISION,30,COLISION,1,URBANA,15,CRUCE CON SEÑAL CEDA EL PASO,27,CONDUCCION NO ATENTO CONDICIONES TRANSITO MOMENTO,1,IMPRUDENCIA DEL CONDUCTOR,0,PADRE HURTADO,0,PATRICIO LYNCH,PADRE HURTADO - PATRICIO LYNCH,0,0,0,0,2,0,1,UNIDIRECCIONAL,1,CONCRETO,1,BUENO,2,HUMEDO,2,NUBLADO,0,0,0,2,0,19:45:00
-8091099.92726444,-4509598.59031815,3436,-72.683587,-37.504042,1450651,2022,1,2022/06/01 00:00:00+00,8,REGION BIO BIO,8306,NACIMIENTO,30,COLISION,30,COLISION,1,URBANA,11,CRUCE CON SEMAFORO FUNCIONANDO,32,NO RESPETAR DERECHO PREFERENTE DE PASO A VEHICULO,1,IMPRUDENCIA DEL CONDUCTOR,0,JULIO HEMMELMANN,0,CLAUDIO GAJARDO,CLAUDIO GAJARDO - JULIO HEMMELMANN,0,0,0,0,1,1,2,BIDIRECCIONAL,2,ASFALTO,1,BUENO,1,SECO,5,NEBLINA,0,0,0,4,0,07:40:00
-8051406.42473771,-4504830.42796691,3437,-72.327015,-37.470055,1450658,2022,1,2022/06/06 00:00:00+00,8,REGION BIO BIO,8301,LOS ANGELES,31,COLISION FRONTAL,30,COLISION,1,URBANA,1,TRAMO DE VIA RECTA,27,CONDUCCION NO ATENTO CONDICIONES TRANSITO MOMENTO,1,IMPRUDENCIA DEL CONDUCTOR,0,LAS INDUSTRIAS,0,0,- LAS INDUSTRIAS,505,0,0,0,1,1,2,BIDIRECCIONAL,2,ASFALTO,1,BUENO,3,MOJADO,4,LLOVIZNA,0,0,0,1,1,18:15:00
-8141974.11454357,-4423780.86451774,3438,-73.140598,-36.889968,1450668,2022,1,2022/06/05 00:00:00+00,8,REGION BIO BIO,8108,SAN PEDRO DE LA PAZ,34,COLISION PERPENDICULAR,30,COLISION,1,URBANA,14,CRUCE CON SEÑAL PARE,65,SEÑALIZACION DESOBEDECER SEÑAL PARE,10,DESOBEDIENCIA A SEÑALIZACION,0,LOS MAÑIOS,0,0,- LOS MAÑIOS,7171,0,0,0,1,1,2,BIDIRECCIONAL,1,CONCRETO,1,BUENO,3,MOJADO,3,LLUVIA,0,0,0,1,1,14:20:00
-8090009.01851857,-4509860.15517821,3439,-72.673788,-37.505906,1450676,2022,1,2022/06/03 00:00:00+00,8,REGION BIO BIO,8306,NACIMIENTO,50,CHOQUE,40,CHOQUE,1,URBANA,1,TRAMO DE VIA RECTA,24,CONDUCCION EN ESTADO DE EBRIEDAD,4,ALCOHOL EN CONDUCTOR,0,JORGE MONTT,0,0,- JORGE MONTT,381,0,0,0,1,1,2,BIDIRECCIONAL,2,ASFALTO,1,BUENO,1,SECO,1,DESPEJADO,0,0,0,1,0,05:20:00
-8123670.17349896,-4398917.25629028,3440,-72.976171,-36.711123,1450684,2022,1,2022/06/03 00:00:00+00,8,REGION BIO BIO,8107,PENCO,52,CHOQUE LATERAL,40,CHOQUE,1,URBANA,1,TRAMO DE VIA RECTA,27,CONDUCCION NO ATENTO CONDICIONES TRANSITO MOMENTO,1,IMPRUDENCIA DEL CONDUCTOR,0,MALAQUIAS CONCHA,0,0,- MALAQUIAS CONCHA,145,0,0,0,2,0,1,UNIDIRECCIONAL,2,ASFALTO,1,BUENO,1,SECO,1,DESPEJADO,0,0,0,0,2,13:20:00
-8132817.47416863,-4413093.6677759,3441,-73.058342,-36.813146,1450731,2022,1,2022/06/05 00:00:00+00,8,REGION BIO BIO,8101,CONCEPCION,33,COLISION POR ALCANCE,30,COLISION,1,URBANA,11,CRUCE CON SEMAFORO FUNCIONANDO,62,SEÑALIZACION DESOBEDECER LUZ ROJA DE SEMAFORO,10,DESOBEDIENCIA A SEÑALIZACION,0,ANIBAL PINTO,0,EJERCITO,ANIBAL PINTO - EJERCITO,0,0,0,0,2,0,1,UNIDIRECCIONAL,1,CONCRETO,1,BUENO,3,MOJADO,3,LLUVIA,0,0,0,1,0,03:40:00