X,Y,FID,POINT_X,POINT_Y,Idaccident,Año,Claseaccid,Fecha,Cód_Regi,Región,Cód_Comun,Comuna,Cód_Tipo,Tipo_Accid,Cód_Tip_1,Tipo__CONA,Cód_Zona,Zona,Cód_Ubica,Ubicación,Cód_Causa,Causa,Cód_Cau_1,Causa__CON,Cód_Calle,Calle_Uno,Cód_Cal_1,Calle_Dos,Intersecci,Número,Ruta,Cód_Ruta,Ubicaci_1,Pistas_de,Pistas_d_1,Cód_Calza,Calzada,Cód__Tipo,Tipo_Calza,Cód_Estad,Estado_Cal,Cód_Condi,Condición,Cód_Est_1,Estado_Atm,Fallecidos,Graves,Menos_Grav,Leves,Ilesos,Hora_1
-8129660.39774998,-4411742.98976386,3442,-73.029982,-36.803432,1450738,2022,1,2022/06/05 00:00:00+00,8,REGION BIO BIO,8101,CONCEPCION,32,COLISION LATERAL,30,COLISION,1,URBANA,2,TRAMO DE VIA CURVA HORIZONTAL,98,OTRAS CAUSAS,14,OTRAS CAUSAS,0,PUENTE ANDALIEN,0,CAMILO HENRIQUEZ,CAMILO HENRIQUEZ - PUENTE ANDALIEN,0,0,0,0,1,1,2,BIDIRECCIONAL,1,CONCRETO,2,REGULAR,2,HUMEDO,3,LLUVIA,0,0,0,0,2,12:40:00
-8088072.8386152,-4510132.19517398,3443,-72.656395,-37.507845,1450742,2022,1,2022/06/04 00:00:00+00,8,REGION BIO BIO,8306,NACIMIENTO,50,CHOQUE,40,CHOQUE,1,URBANA,1,TRAMO DE VIA RECTA,28,CONDUCCION SIN MANTENER DISTANCIA RAZONABLE NI PRUDENTE,1,IMPRUDENCIA DEL CONDUCTOR,0,ALEJANDRO GOIC,0,0,- ALEJANDRO GOIC,434,0,0,0,1,1,2,BIDIRECCIONAL,1,CONCRETO,1,BUENO,3,MOJADO,4,LLOVIZNA,0,0,0,0,2,20:30:00
-8132791.90408159,-4415585.72192077,3444,-73.058113,-36.831066,1450747,2022,1,2022/06/06 00:00:00+00,8,REGION BIO BIO,8101,CONCEPCION,10,ATROPELLO,10,ATROPELLO,1,URBANA,11,CRUCE CON SEMAFORO FUNCIONANDO,31,NO RESPETAR DERECHO PREFERENTE DE PASO A PEATON,1,IMPRUDENCIA DEL CONDUCTOR,0,BERNARDO O'HIGGINS,0,ARTURO PRAT,ARTURO PRAT - BERNARDO O'HIGGINS,0,0,0,0,3,0,1,UNIDIRECCIONAL,1,CONCRETO,1,BUENO,2,HUMEDO,2,NUBLADO,1,0,0,0,1,07:20:00
-8130886.41496184,-4414768.31824791,3445,-73.040995,-36.825189,1450771,2022,1,2022/06/06 00:00:00+00,8,REGION BIO BIO,8101,CONCEPCION,10,ATROPELLO,10,ATROPELLO,1,URBANA,11,CRUCE CON SEMAFORO FUNCIONANDO,31,NO RESPETAR DERECHO PREFERENTE DE PASO A PEATON,1,IMPRUDENCIA DEL CONDUCTOR,0,PAICAVI,0,SAN MARTIN,PAICAVI - SAN MARTIN,0,0,0,0,2,0,1,UNIDIRECCIONAL,1,CONCRETO,1,BUENO,1,SECO,2,NUBLADO,0,1,0,0,1,14:00:00
-8127465.35550273,-4415606.50029913,3446,-73.010263,-36.831216,1450778,2022,1,2022/06/04 00:00:00+00,8,REGION BIO BIO,8101,CONCEPCION,50,CHOQUE,40,CHOQUE,1,URBANA,1,TRAMO DE VIA RECTA,27,CONDUCCION NO ATENTO CONDICIONES TRANSITO MOMENTO,1,IMPRUDENCIA DEL CONDUCTOR,0,NUEVA UNO,0,0,- NUEVA UNO,156,0,0,0,1,1,2,BIDIRECCIONAL,1,CONCRETO,1,BUENO,1,SECO,2,NUBLADO,0,0,0,0,2,13:53:00
-8130866.70028002,-4409304.02803186,3447,-73.040818,-36.785887,1450785,2022,1,2022/06/06 00:00:00+00,8,REGION BIO BIO,8101,CONCEPCION,53,CHOQUE POSTERIOR,40,CHOQUE,1,URBANA,15,CRUCE CON SEÑAL CEDA EL PASO,27,CONDUCCION NO ATENTO CONDICIONES TRANSITO MOMENTO,1,IMPRUDENCIA DEL CONDUCTOR,0,BELLAVISTA,0,LOS PRESIDENTES,BELLAVISTA - LOS PRESIDENTES,0,0,0,0,1,1,2,BIDIRECCIONAL,1,CONCRETO,1,BUENO,1,SECO,2,NUBLADO,0,0,0,0,2,17:27:00
-8077030.45719817,-4453184.11769243,3448,-72.557199,-37.100927,1450790,2022,1,2022/06/05 00:00:00+00,8,REGION BIO BIO,8313,YUMBEL,65,CHOQUE LADO/LADO,40,CHOQUE,1,URBANA,15,CRUCE CON SEÑAL CEDA EL PASO,27,CONDUCCION NO ATENTO CONDICIONES TRANSITO MOMENTO,1,IMPRUDENCIA DEL CONDUCTOR,0,LOS CARRERA,0,GOYCOLEA,GOYCOLEA - LOS CARRERA,0,0,0,0,1,1,2,BIDIRECCIONAL,1,CONCRETO,1,BUENO,3,MOJADO,4,LLOVIZNA,0,0,0,0,2,16:19:00
-8077153.40957575,-4452677.77442214,3449,-72.558304,-37.097299,1450791,2022,1,2022/06/05 00:00:00+00,8,REGION BIO BIO,8313,YUMBEL,63,CHOQUE FRENTE/POSTERIOR,40,CHOQUE,1,URBANA,1,TRAMO DE VIA RECTA,27,CONDUCCION NO ATENTO CONDICIONES TRANSITO MOMENTO,1,IMPRUDENCIA DEL CONDUCTOR,0,GOYCOLEA,0,0,- GOYCOLEA,920,0,0,0,1,1,2,BIDIRECCIONAL,2,ASFALTO,1,BUENO,3,MOJADO,4,LLOVIZNA,0,0,0,0,2,16:30:00
-8133464.46304912,-4410796.70654591,3450,-73.064154,-36.796625,1450801,2022,1,2022/06/06 00:00:00+00,8,REGION BIO BIO,8110,TALCAHUANO,53,CHOQUE POSTERIOR,40,CHOQUE,1,URBANA,1,TRAMO DE VIA RECTA,27,CONDUCCION NO ATENTO CONDICIONES TRANSITO MOMENTO,1,IMPRUDENCIA DEL CONDUCTOR,0,AUTOPISTA CONCEPCION TALCAHUANO,0,SANTA MARIA,AUTOPISTA CONCEPCION TALCAHUANO - SANTA MARIA,0,0,0,0,2,2,2,BIDIRECCIONAL,1,CONCRETO,1,BUENO,3,MOJADO,3,LLUVIA,0,0,0,0,2,19:53:00
-8132011.00898562,-4414352.40174649,3451,-73.051098,-36.822198,1450817,2022,1,2022/06/06 00:00:00+00,8,REGION BIO BIO,8101,CONCEPCION,51,CHOQUE FRONTAL,40,CHOQUE,1,URBANA,26,OTROS NO CONSIDERADOS,97,CAUSAS NO DETERMINADAS,13,CAUSAS NO DETERMINADAS,0,COLO COLO,0,0,- COLO COLO,827,0,0,0,2,0,1,UNIDIRECCIONAL,1,CONCRETO,2,REGULAR,3,MOJADO,3,LLUVIA,0,0,0,0,1,15:35:00
-8077486.92277016,-4453002.59114197,3452,-72.5613,-37.099627,1450826,2022,1,2022/06/06 00:00:00+00,8,REGION BIO BIO,8313,YUMBEL,10,ATROPELLO,10,ATROPELLO,1,URBANA,14,CRUCE CON SEÑAL PARE,31,NO RESPETAR DERECHO PREFERENTE DE PASO A PEATON,1,IMPRUDENCIA DEL CONDUCTOR,0,BERNARDO O'HIGGINS,0,URIZAR,BERNARDO O'HIGGINS - URIZAR,0,0,0,0,2,0,1,UNIDIRECCIONAL,1,CONCRETO,1,BUENO,2,HUMEDO,2,NUBLADO,0,1,0,0,1,11:00:00
-8132547.59119515,-4411060.96560842,3453,-73.055918,-36.798526,1450831,2022,1,2022/06/06 00:00:00+00,8,REGION BIO BIO,8101,CONCEPCION,31,COLISION FRONTAL,30,COLISION,1,URBANA,2,TRAMO DE VIA CURVA HORIZONTAL,97,CAUSAS NO DETERMINADAS,13,CAUSAS NO DETERMINADAS,0,ALONSO DE RIBERA,0,PASO BAJO NIVEL UNIVERSIDAD CATOLICA,ALONSO DE RIBERA - PASO BAJO NIVEL UNIVERSIDAD CATOLICA,0,0,0,0,2,2,2,BIDIRECCIONAL,1,CONCRETO,2,REGULAR,2,HUMEDO,1,DESPEJADO,0,0,0,0,2,22:30:00
-8199344.18372871,-4524300.09699803,3454,-73.655962,-37.608738,1450849,2022,1,2022/05/31 00:00:00+00,8,REGION BIO BIO,8201,LEBU,32,COLISION LATERAL,30,COLISION,1,URBANA,1,TRAMO DE VIA RECTA,27,CONDUCCION NO ATENTO CONDICIONES TRANSITO MOMENTO,1,IMPRUDENCIA DEL CONDUCTOR,0,SAAVEDRA,0,O'HIGGINS,O'HIGGINS - SAAVEDRA,0,0,0,0,2,0,1,UNIDIRECCIONAL,2,ASFALTO,1,BUENO,1,SECO,1,DESPEJADO,0,0,0,0,2,11:30:00
-8199030.68577874,-4524297.73626173,3455,-73.653146,-37.608721,1450853,2022,1,2022/05/31 00:00:00+00,8,REGION BIO BIO,8201,LEBU,67,CHOQUE POSTERIOR/FRENTE,40,CHOQUE,1,URBANA,1,TRAMO DE VIA RECTA,93,CONDUCIR VEHICULO EN RETROCESO,1,IMPRUDENCIA DEL CONDUCTOR,0,CAMARON,0,LOS COIHUES,CAMARON - LOS COIHUES,0,0,0,0,1,1,2,BIDIRECCIONAL,2,ASFALTO,1,BUENO,1,SECO,1,DESPEJADO,0,0,0,0,2,16:50:00
-8197755.05346984,-4522253.44041406,3456,-73.641687,-37.594172,1450876,2022,1,2022/06/02 00:00:00+00,8,REGION BIO BIO,8201,LEBU,32,COLISION LATERAL,30,COLISION,1,URBANA,1,TRAMO DE VIA RECTA,24,CONDUCCION EN ESTADO DE EBRIEDAD,4,ALCOHOL EN CONDUCTOR,0,FRANZ BENNER,0,0,- FRANZ BENNER,154,0,0,0,1,1,2,BIDIRECCIONAL,2,ASFALTO,1,BUENO,3,MOJADO,4,LLOVIZNA,0,0,0,0,2,21:25:00
-8143320.57944446,-4450804.08670359,3457,-73.152693,-37.083873,1450947,2022,1,2022/06/01 00:00:00+00,8,REGION BIO BIO,8106,LOTA,70,VOLCADURA,70,VOLCADURA,1,URBANA,2,TRAMO DE VIA CURVA HORIZONTAL,27,CONDUCCION NO ATENTO CONDICIONES TRANSITO MOMENTO,1,IMPRUDENCIA DEL CONDUCTOR,0,FERNANDO MAIRA,0,21 DE MAYO,21 DE MAYO - FERNANDO MAIRA,0,0,0,0,1,2,2,BIDIRECCIONAL,2,ASFALTO,2,REGULAR,2,HUMEDO,1,DESPEJADO,0,0,0,1,1,08:30:00
-8054269.04997126,-4504618.0079893,3458,-72.35273,-37.46854,1450958,2022,1,2022/06/07 00:00:00+00,8,REGION BIO BIO,8301,LOS ANGELES,67,CHOQUE POSTERIOR/FRENTE,40,CHOQUE,1,URBANA,1,TRAMO DE VIA RECTA,27,CONDUCCION NO ATENTO CONDICIONES TRANSITO MOMENTO,1,IMPRUDENCIA DEL CONDUCTOR,0,VALDIVIA,0,0,- VALDIVIA,440,0,0,0,2,0,1,UNIDIRECCIONAL,1,CONCRETO,1,BUENO,1,SECO,2,NUBLADO,0,0,0,0,2,08:30:00
-8056702.85026237,-4505196.65039482,3459,-72.374593,-37.472665,1450961,2022,1,2022/06/07 00:00:00+00,8,REGION BIO BIO,8301,LOS ANGELES,67,CHOQUE POSTERIOR/FRENTE,40,CHOQUE,1,URBANA,1,TRAMO DE VIA RECTA,27,CONDUCCION NO ATENTO CONDICIONES TRANSITO MOMENTO,1,IMPRUDENCIA DEL CONDUCTOR,0,LA BARCAROLA,0,0,- LA BARCAROLA,219,0,0,0,1,1,2,BIDIRECCIONAL,1,CONCRETO,1,BUENO,3,MOJADO,1,DESPEJADO,0,0,0,0,2,15:05:00
-8053857.4127582,-4503489.47016378,3460,-72.349032,-37.460493,1450966,2022,1,2022/06/07 00:00:00+00,8,REGION BIO BIO,8301,LOS ANGELES,30,COLISION,30,COLISION,1,URBANA,11,CRUCE CON SEMAFORO FUNCIONANDO,27,CONDUCCION NO ATENTO CONDICIONES TRANSITO MOMENTO,1,IMPRUDENCIA DEL CONDUCTOR,0,OROMPELLO,0,ALMAGRO,ALMAGRO - OROMPELLO,0,0,0,0,2,0,1,UNIDIRECCIONAL,1,CONCRETO,1,BUENO,1,SECO,1,DESPEJADO,0,0,0,0,2,15:30:00
-8143701.98228382,-4450089.03208899,3461,-73.15612,-37.078749,1450969,2022,1,2022/06/03 00:00:00+00,8,REGION BIO BIO,8106,LOTA,67,CHOQUE POSTERIOR/FRENTE,40,CHOQUE,1,URBANA,1,TRAMO DE VIA RECTA,27,CONDUCCION NO ATENTO CONDICIONES TRANSITO MOMENTO,1,IMPRUDENCIA DEL CONDUCTOR,0,CARLOS COUSIÑO,0,0,- CARLOS COUSIÑO,889,0,0,0,1,1,2,BIDIRECCIONAL,1,CONCRETO,1,BUENO,2,HUMEDO,2,NUBLADO,0,0,0,0,2,07:55:00
-8144384.38189433,-4436774.86057863,3462,-73.16225,-36.983268,1451038,2022,1,2022/05/19 00:00:00+00,8,REGION BIO BIO,8102,CORONEL,30,COLISION,30,COLISION,1,URBANA,16,CRUCE SIN SEÑALIZACION,27,CONDUCCION NO ATENTO CONDICIONES TRANSITO MOMENTO,1,IMPRUDENCIA DEL CONDUCTOR,0,LOS ROBLES,0,LOS MOLLES,LOS MOLLES - LOS ROBLES,0,0,0,0,1,1,2,BIDIRECCIONAL,1,CONCRETO,1,BUENO,2,HUMEDO,1,DESPEJADO,0,0,1,2,0,16:50:00
-8165192.29903705,-4505216.24526827,3463,-73.34917,-37.472805,1451061,2022,1,2022/06/04 00:00:00+00,8,REGION BIO BIO,8205,CURANILAHUE,53,CHOQUE POSTERIOR,40,CHOQUE,1,URBANA,1,TRAMO DE VIA RECTA,27,CONDUCCION NO ATENTO CONDICIONES TRANSITO MOMENTO,1,IMPRUDENCIA DEL CONDUCTOR,0,BERNARDO O'HIGGINS,0,0,- BERNARDO O'HIGGINS,289,0,0,0,1,1,2,BIDIRECCIONAL,1,CONCRETO,2,REGULAR,3,MOJADO,3,LLUVIA,0,0,0,2,1,20:20:00
-8144384.38189433,-4436774.86057863,3464,-73.16225,-36.983268,1451062,2022,1,2022/05/20 00:00:00+00,8,REGION BIO BIO,8102,CORONEL,30,COLISION,30,COLISION,1,URBANA,11,CRUCE CON SEMAFORO FUNCIONANDO,27,CONDUCCION NO ATENTO CONDICIONES TRANSITO MOMENTO,1,IMPRUDENCIA DEL CONDUCTOR,0,LOS ROBLES,0,LAS ENCINAS,LAS ENCINAS - LOS ROBLES,0,0,0,0,1,0,1,UNIDIRECCIONAL,2,ASFALTO,1,BUENO,1,SECO,1,DESPEJADO,0,0,0,1,1,15:05:00
-8052678.88444112,-4506700.24606935,3465,-72.338445,-37.483384,1451063,2022,1,2022/06/07 00:00:00+00,8,REGION BIO BIO,8301,LOS ANGELES,32,COLISION LATERAL,30,COLISION,1,URBANA,14,CRUCE CON SEÑAL PARE,27,CONDUCCION NO ATENTO CONDICIONES TRANSITO MOMENTO,1,IMPRUDENCIA DEL CONDUCTOR,0,JORGE INOSTROZA,0,SALVADOR REYES,JORGE INOSTROZA - SALVADOR REYES,0,0,0,0,2,2,2,BIDIRECCIONAL,1,CONCRETO,1,BUENO,1,SECO,2,NUBLADO,0,0,1,1,1,13:30:00
-8056009.75284879,-4506248.99041471,3466,-72.368367,-37.480168,1451071,2022,1,2022/06/07 00:00:00+00,8,REGION BIO BIO,8301,LOS ANGELES,10,ATROPELLO,10,ATROPELLO,1,URBANA,11,CRUCE CON SEMAFORO FUNCIONANDO,27,CONDUCCION NO ATENTO CONDICIONES TRANSITO MOMENTO,1,IMPRUDENCIA DEL CONDUCTOR,0,VICUÑA MACKENNA,0,PADRE HURTADO,PADRE HURTADO - VICUÑA MACKENNA,0,0,0,0,2,2,3,BIDIRECCIONAL CON BANDEJON,1,CONCRETO,1,BUENO,3,MOJADO,3,LLUVIA,0,0,0,0,2,07:50:00
-8144438.96184067,-4436306.59146178,3467,-73.16274,-36.979908,1451084,2022,1,2022/05/20 00:00:00+00,8,REGION BIO BIO,8102,CORONEL,32,COLISION LATERAL,30,COLISION,1,URBANA,15,CRUCE CON SEÑAL CEDA EL PASO,64,SEÑALIZACION DESOBEDECER SEÑAL CEDA EL PASO,10,DESOBEDIENCIA A SEÑALIZACION,0,LOS ROBLES,0,LOS CANELOS,LOS CANELOS - LOS ROBLES,0,0,0,0,2,0,1,UNIDIRECCIONAL,1,CONCRETO,2,REGULAR,1,SECO,1,DESPEJADO,0,0,0,1,1,22:50:00
-8129001.46428813,-4428182.64093533,3468,-73.024063,-36.921587,1451085,2022,1,2022/06/04 00:00:00+00,8,REGION BIO BIO,8103,CHIGUAYANTE,68,CHOQUE POSTERIOR/LADO,40,CHOQUE,1,URBANA,1,TRAMO DE VIA RECTA,97,CAUSAS NO DETERMINADAS,13,CAUSAS NO DETERMINADAS,0,O'HIGGINS,0,0,- O'HIGGINS,3669,0,0,0,1,1,2,BIDIRECCIONAL,1,CONCRETO,1,BUENO,3,MOJADO,3,LLUVIA,0,0,0,0,2,07:20:00
-8129833.6665374,-4425351.41555196,3469,-73.031538,-36.901251,1451095,2022,1,2022/06/06 00:00:00+00,8,REGION BIO BIO,8103,CHIGUAYANTE,33,COLISION POR ALCANCE,30,COLISION,1,URBANA,1,TRAMO DE VIA RECTA,27,CONDUCCION NO ATENTO CONDICIONES TRANSITO MOMENTO,1,IMPRUDENCIA DEL CONDUCTOR,0,8 ORIENTE,0,LAS VIOLETAS,8 ORIENTE - LAS VIOLETAS,0,0,0,0,2,2,3,BIDIRECCIONAL CON BANDEJON,1,CONCRETO,1,BUENO,3,MOJADO,1,DESPEJADO,0,0,0,0,3,07:20:00
-8053311.03443349,-4504030.60394978,3470,-72.344124,-37.464352,1451096,2022,1,2022/06/08 00:00:00+00,8,REGION BIO BIO,8301,LOS ANGELES,53,CHOQUE POSTERIOR,40,CHOQUE,1,URBANA,1,TRAMO DE VIA RECTA,27,CONDUCCION NO ATENTO CONDICIONES TRANSITO MOMENTO,1,IMPRUDENCIA DEL CONDUCTOR,0,COSTANERA,0,0,- COSTANERA,676,0,0,0,2,0,1,UNIDIRECCIONAL,1,CONCRETO,1,BUENO,1,SECO,1,DESPEJADO,0,0,0,0,1,13:00:00
-8054374.70329997,-4503332.89227777,3471,-72.353679,-37.459377,1451097,2022,1,2022/06/07 00:00:00+00,8,REGION BIO BIO,8301,LOS ANGELES,10,ATROPELLO,10,ATROPELLO,1,URBANA,11,CRUCE CON SEMAFORO FUNCIONANDO,27,CONDUCCION NO ATENTO CONDICIONES TRANSITO MOMENTO,1,IMPRUDENCIA DEL CONDUCTOR,0,MENDOZA,0,LAUTARO,LAUTARO - MENDOZA,0,0,0,0,2,0,1,UNIDIRECCIONAL,1,CONCRETO,1,BUENO,3,MOJADO,1,DESPEJADO,0,0,0,1,1,08:25:00
-8052708.70693271,-4503102.0335634,3472,-72.338713,-37.457731,1451100,2022,1,2022/06/08 00:00:00+00,8,REGION BIO BIO,8301,LOS ANGELES,66,CHOQUE LADO/POSTERIOR,40,CHOQUE,1,URBANA,4,ACERA O BERMA,27,CONDUCCION NO ATENTO CONDICIONES TRANSITO MOMENTO,1,IMPRUDENCIA DEL CONDUCTOR,0,ALMIRANTE LATORRE,0,0,- ALMIRANTE LATORRE,540,0,0,0,2,0,1,UNIDIRECCIONAL,1,CONCRETO,1,BUENO,2,HUMEDO,1,DESPEJADO,0,0,0,0,2,08:00:00
-8138926.77687895,-4399091.59807032,3473,-73.113223,-36.712379,1451108,2022,1,2022/05/31 00:00:00+00,8,REGION BIO BIO,8110,TALCAHUANO,32,COLISION LATERAL,30,COLISION,1,URBANA,1,TRAMO DE VIA RECTA,29,CONDUCCION CAMBIAR SORPRESIVAMENTE PISTA CIRCULACION,1,IMPRUDENCIA DEL CONDUCTOR,0,BLANCO ENCALADA,0,0,- BLANCO ENCALADA,298,0,0,0,1,1,3,BIDIRECCIONAL CON BANDEJON,1,CONCRETO,1,BUENO,1,SECO,1,DESPEJADO,0,0,0,0,2,17:25:00
-8055207.69591763,-4504411.06219277,3474,-72.361162,-37.467064,1451114,2022,1,2022/06/08 00:00:00+00,8,REGION BIO BIO,8301,LOS ANGELES,33,COLISION POR ALCANCE,30,COLISION,1,URBANA,11,CRUCE CON SEMAFORO FUNCIONANDO,27,CONDUCCION NO ATENTO CONDICIONES TRANSITO MOMENTO,1,IMPRUDENCIA DEL CONDUCTOR,0,LOS ANGELES,0,LIENTUR,LIENTUR - LOS ANGELES,0,0,0,0,2,2,3,BIDIRECCIONAL CON BANDEJON,1,CONCRETO,1,BUENO,1,SECO,1,DESPEJADO,0,0,0,0,2,14:05:00
-8053974.55425837,-4503253.86796282,3475,-72.350084,-37.458813,1451119,2022,1,2022/06/08 00:00:00+00,8,REGION BIO BIO,8301,LOS ANGELES,32,COLISION LATERAL,30,COLISION,1,URBANA,11,CRUCE CON SEMAFORO FUNCIONANDO,62,SEÑALIZACION DESOBEDECER LUZ ROJA DE SEMAFORO,10,DESOBEDIENCIA A SEÑALIZACION,0,ALMIRANTE LATORRE,0,COLON,ALMIRANTE LATORRE - COLON,0,0,0,0,2,0,1,UNIDIRECCIONAL,1,CONCRETO,1,BUENO,2,HUMEDO,5,NEBLINA,0,0,0,0,3,08:00:00
-8054116.03019921,-4505136.64570593,3476,-72.351355,-37.472238,1451123,2022,1,2022/06/08 00:00:00+00,8,REGION BIO BIO,8301,LOS ANGELES,63,CHOQUE FRENTE/POSTERIOR,40,CHOQUE,1,URBANA,1,TRAMO DE VIA RECTA,27,CONDUCCION NO ATENTO CONDICIONES TRANSITO MOMENTO,1,IMPRUDENCIA DEL CONDUCTOR,0,COLON,0,0,- COLON,108,0,0,0,2,0,1,UNIDIRECCIONAL,1,CONCRETO,1,BUENO,2,HUMEDO,2,NUBLADO,0,0,0,0,2,23:00:00
-8052222.28528574,-4502973.3820299,3477,-72.334344,-37.456813,1451127,2022,1,2022/06/08 00:00:00+00,8,REGION BIO BIO,8301,LOS ANGELES,63,CHOQUE FRENTE/POSTERIOR,40,CHOQUE,1,URBANA,1,TRAMO DE VIA RECTA,27,CONDUCCION NO ATENTO CONDICIONES TRANSITO MOMENTO,1,IMPRUDENCIA DEL CONDUCTOR,0,ALMIRANTE LATORRE,0,0,- ALMIRANTE LATORRE,750,0,0,0,2,0,1,UNIDIRECCIONAL,2,ASFALTO,2,REGULAR,2,HUMEDO,2,NUBLADO,0,0,0,0,3,08:30:00
-8140297.63188028,-4404534.73038538,3478,-73.125538,-36.751567,1451157,2022,1,2022/06/03 00:00:00+00,8,REGION BIO BIO,8110,TALCAHUANO,70,VOLCADURA,70,VOLCADURA,1,URBANA,1,TRAMO DE VIA RECTA,72,VELOCIDAD NO RAZONABLE NI PRUDENTE,7,VELOCIDAD IMPRUDENTE,0,GRAN BRETAÑA,0,0,- GRAN BRETAÑA,2910,0,0,0,1,1,3,BIDIRECCIONAL CON BANDEJON,1,CONCRETO,1,BUENO,1,SECO,1,DESPEJADO,0,0,0,1,0,06:22:00
-8135772.42778784,-4404426.20923293,3479,-73.084887,-36.750786,1451172,2022,1,2022/06/08 00:00:00+00,8,REGION BIO BIO,8110,TALCAHUANO,63,CHOQUE FRENTE/POSTERIOR,40,CHOQUE,1,URBANA,14,CRUCE CON SEÑAL PARE,21,CONDUCCION BAJO LA INFLUENCIA DEL ALCOHOL,4,ALCOHOL EN CONDUCTOR,0,JUAN GUILLERMO SOSA,0,CLAUDIO GAY,CLAUDIO GAY - JUAN GUILLERMO SOSA,0,0,0,0,1,1,2,BIDIRECCIONAL,1,CONCRETO,1,BUENO,2,HUMEDO,2,NUBLADO,0,0,0,0,2,07:20:00
-8129462.27132027,-4428501.47187094,3480,-73.028202,-36.923877,1451174,2022,1,2022/06/06 00:00:00+00,8,REGION BIO BIO,8103,CHIGUAYANTE,65,CHOQUE LADO/LADO,40,CHOQUE,1,URBANA,1,TRAMO DE VIA RECTA,97,CAUSAS NO DETERMINADAS,13,CAUSAS NO DETERMINADAS,0,LOS CARRERA,0,0,- LOS CARRERA,13,0,0,0,1,1,2,BIDIRECCIONAL,1,CONCRETO,1,BUENO,2,HUMEDO,2,NUBLADO,0,0,0,0,2,17:50:00
-8129102.2084273,-4428853.60758628,3481,-73.024968,-36.926405,1451194,2022,1,2022/06/07 00:00:00+00,8,REGION BIO BIO,8103,CHIGUAYANTE,51,CHOQUE FRONTAL,40,CHOQUE,1,URBANA,11,CRUCE CON SEMAFORO FUNCIONANDO,27,CONDUCCION NO ATENTO CONDICIONES TRANSITO MOMENTO,1,IMPRUDENCIA DEL CONDUCTOR,0,MANUEL RODRIGUEZ,0,SANTA SOFIA,MANUEL RODRIGUEZ - SANTA SOFIA,0,0,0,0,2,2,3,BIDIRECCIONAL CON BANDEJON,1,CONCRETO,1,BUENO,3,MOJADO,3,LLUVIA,0,0,0,1,0,08:35:00
-8144468.88451979,-4438094.32768782,3482,-73.163009,-36.992736,1451199,2022,1,2022/05/26 00:00:00+00,8,REGION BIO BIO,8102,CORONEL,30,COLISION,30,COLISION,1,URBANA,11,CRUCE CON SEMAFORO FUNCIONANDO,27,CONDUCCION NO ATENTO CONDICIONES TRANSITO MOMENTO,1,IMPRUDENCIA DEL CONDUCTOR,0,MANUEL MONTT,0,LOS MOLINEROS,LOS MOLINEROS - MANUEL MONTT,0,0,0,0,1,1,2,BIDIRECCIONAL,1,CONCRETO,1,BUENO,1,SECO,1,DESPEJADO,0,0,0,1,1,17:05:00
-8131686.03399615,-4411750.66413966,3483,-73.048179,-36.803487,1451214,2022,1,2022/06/07 00:00:00+00,8,REGION BIO BIO,8101,CONCEPCION,33,COLISION POR ALCANCE,30,COLISION,1,URBANA,1,TRAMO DE VIA RECTA,98,OTRAS CAUSAS,14,OTRAS CAUSAS,0,VENTUS,0,ABDON CIFUENTES,ABDON CIFUENTES - VENTUS,0,0,0,0,1,1,2,BIDIRECCIONAL,1,CONCRETO,2,REGULAR,1,SECO,2,NUBLADO,0,0,0,0,2,14:39:00
-8132992.07878994,-4411063.80160847,3484,-73.059911,-36.798546,1451218,2022,1,2022/06/07 00:00:00+00,8,REGION BIO BIO,8101,CONCEPCION,32,COLISION LATERAL,30,COLISION,1,URBANA,1,TRAMO DE VIA RECTA,97,CAUSAS NO DETERMINADAS,13,CAUSAS NO DETERMINADAS,0,ALONSO DE RIBERA,0,AUTOPISTA CONCEPCION TALCAHUANO,ALONSO DE RIBERA - AUTOPISTA CONCEPCION TALCAHUANO,0,0,0,0,2,2,2,BIDIRECCIONAL,1,CONCRETO,2,REGULAR,1,SECO,2,NUBLADO,0,0,0,0,2,19:08:00
-8132228.20444411,-4414930.57014193,3485,-73.053049,-36.826356,1451225,2022,1,2022/06/07 00:00:00+00,8,REGION BIO BIO,8101,CONCEPCION,32,COLISION LATERAL,30,COLISION,1,URBANA,1,TRAMO DE VIA RECTA,14,ADELANTAMIENTO SOBREPASANDO LINEA CONTINUA,1,IMPRUDENCIA DEL CONDUCTOR,0,FREIRE,0,RENGO,FREIRE - RENGO,0,0,0,0,2,0,1,UNIDIRECCIONAL,1,CONCRETO,1,BUENO,1,SECO,3,LLUVIA,0,0,0,0,2,10:30:00
-8130290.1321094,-4414111.52026601,3486,-73.035639,-36.820466,1451233,2022,1,2022/06/07 00:00:00+00,8,REGION BIO BIO,8101,CONCEPCION,32,COLISION LATERAL,30,COLISION,1,URBANA,11,CRUCE CON SEMAFORO FUNCIONANDO,27,CONDUCCION NO ATENTO CONDICIONES TRANSITO MOMENTO,1,IMPRUDENCIA DEL CONDUCTOR,0,JUAN BOSCO,0,LIENTUR,JUAN BOSCO - LIENTUR,0,0,0,0,2,0,1,UNIDIRECCIONAL,1,CONCRETO,1,BUENO,1,SECO,3,LLUVIA,0,0,0,0,2,15:35:00
-8127152.44754606,-4415868.87601782,3487,-73.007453,-36.833102,1451236,2022,1,2022/06/07 00:00:00+00,8,REGION BIO BIO,8101,CONCEPCION,34,COLISION PERPENDICULAR,30,COLISION,1,URBANA,16,CRUCE SIN SEÑALIZACION,27,CONDUCCION NO ATENTO CONDICIONES TRANSITO MOMENTO,1,IMPRUDENCIA DEL CONDUCTOR,0,CAMINO NONGUEN,0,INDEPENDENCIA,CAMINO NONGUEN - INDEPENDENCIA,0,0,0,0,1,1,2,BIDIRECCIONAL,1,CONCRETO,1,BUENO,1,SECO,4,LLOVIZNA,0,0,0,1,1,20:30:00