X,Y,FID,POINT_X,POINT_Y,Idaccident,Año,Claseaccid,Fecha,Cód_Regi,Región,Cód_Comun,Comuna,Cód_Tipo,Tipo_Accid,Cód_Tip_1,Tipo__CONA,Cód_Zona,Zona,Cód_Ubica,Ubicación,Cód_Causa,Causa,Cód_Cau_1,Causa__CON,Cód_Calle,Calle_Uno,Cód_Cal_1,Calle_Dos,Intersecci,Número,Ruta,Cód_Ruta,Ubicaci_1,Pistas_de,Pistas_d_1,Cód_Calza,Calzada,Cód__Tipo,Tipo_Calza,Cód_Estad,Estado_Cal,Cód_Condi,Condición,Cód_Est_1,Estado_Atm,Fallecidos,Graves,Menos_Grav,Leves,Ilesos,Hora_1
-8142008.2339675,-4423388.269991,3669,-73.140904,-36.887148,1453641,2022,1,2022/06/12 00:00:00+00,8,REGION BIO BIO,8108,SAN PEDRO DE LA PAZ,70,VOLCADURA,70,VOLCADURA,1,URBANA,1,TRAMO DE VIA RECTA,71,VELOCIDAD MAYOR QUE MAXIMA PERMITIDA,7,VELOCIDAD IMPRUDENTE,0,PORTAL SAN PEDRO,0,0,- PORTAL SAN PEDRO,782,0,0,0,1,1,2,BIDIRECCIONAL,1,CONCRETO,1,BUENO,2,HUMEDO,1,DESPEJADO,0,0,0,0,1,04:35:00
-8132296.39876417,-4414789.95725357,3670,-73.053662,-36.825345,1453643,2022,1,2022/06/16 00:00:00+00,8,REGION BIO BIO,8101,CONCEPCION,32,COLISION LATERAL,30,COLISION,1,URBANA,11,CRUCE CON SEMAFORO FUNCIONANDO,91,VIRAJES INDEBIDOS,1,IMPRUDENCIA DEL CONDUCTOR,0,MAIPU,0,RENGO,MAIPU - RENGO,0,0,0,0,3,0,1,UNIDIRECCIONAL,1,CONCRETO,1,BUENO,1,SECO,1,DESPEJADO,0,0,0,0,2,20:25:00
-8139320.72542492,-4415501.77434745,3671,-73.116762,-36.830463,1453646,2022,1,2022/06/12 00:00:00+00,8,REGION BIO BIO,8108,SAN PEDRO DE LA PAZ,34,COLISION PERPENDICULAR,30,COLISION,1,URBANA,11,CRUCE CON SEMAFORO FUNCIONANDO,62,SEÑALIZACION DESOBEDECER LUZ ROJA DE SEMAFORO,10,DESOBEDIENCIA A SEÑALIZACION,0,PEDRO AGUIRRE CERDA,0,VICTORIA,PEDRO AGUIRRE CERDA - VICTORIA,0,0,0,0,2,2,3,BIDIRECCIONAL CON BANDEJON,1,CONCRETO,1,BUENO,1,SECO,1,DESPEJADO,0,0,0,0,2,22:45:00
-8140657.99533587,-4417009.49631793,3672,-73.128775,-36.841303,1453651,2022,1,2022/06/12 00:00:00+00,8,REGION BIO BIO,8108,SAN PEDRO DE LA PAZ,34,COLISION PERPENDICULAR,30,COLISION,1,URBANA,14,CRUCE CON SEÑAL PARE,65,SEÑALIZACION DESOBEDECER SEÑAL PARE,10,DESOBEDIENCIA A SEÑALIZACION,0,DANIEL BELMAR,0,LAS TORRES,DANIEL BELMAR - LAS TORRES,0,0,0,0,2,2,3,BIDIRECCIONAL CON BANDEJON,1,CONCRETO,1,BUENO,1,SECO,2,NUBLADO,0,0,0,2,1,13:00:00
-8142160.66374625,-4415172.13771513,3673,-73.142274,-36.828093,1453653,2022,1,2022/06/13 00:00:00+00,8,REGION BIO BIO,8108,SAN PEDRO DE LA PAZ,33,COLISION POR ALCANCE,30,COLISION,1,URBANA,16,CRUCE SIN SEÑALIZACION,93,CONDUCIR VEHICULO EN RETROCESO,1,IMPRUDENCIA DEL CONDUCTOR,0,VENUS,0,EL SOL,EL SOL - VENUS,0,0,0,0,1,1,2,BIDIRECCIONAL,1,CONCRETO,1,BUENO,1,SECO,1,DESPEJADO,0,0,0,0,2,18:00:00
-8133467.94734918,-4409875.58372646,3674,-73.064186,-36.789999,1453661,2022,1,2022/06/13 00:00:00+00,8,REGION BIO BIO,8110,TALCAHUANO,32,COLISION LATERAL,30,COLISION,1,URBANA,15,CRUCE CON SEÑAL CEDA EL PASO,64,SEÑALIZACION DESOBEDECER SEÑAL CEDA EL PASO,10,DESOBEDIENCIA A SEÑALIZACION,0,PRESIDENTE JORGE ALESSANDRI RODRIGUEZ,0,0,- PRESIDENTE JORGE ALESSANDRI RODRIGUEZ,3177,0,0,0,1,1,2,BIDIRECCIONAL,1,CONCRETO,1,BUENO,1,SECO,1,DESPEJADO,0,0,0,1,1,20:15:00
-8142610.66165583,-4416635.79012271,3675,-73.146316,-36.838616,1453663,2022,1,2022/06/16 00:00:00+00,8,REGION BIO BIO,8108,SAN PEDRO DE LA PAZ,34,COLISION PERPENDICULAR,30,COLISION,1,URBANA,15,CRUCE CON SEÑAL CEDA EL PASO,64,SEÑALIZACION DESOBEDECER SEÑAL CEDA EL PASO,10,DESOBEDIENCIA A SEÑALIZACION,0,MIGUEL BRAYER,0,IRENE MORALES,IRENE MORALES - MIGUEL BRAYER,0,0,0,0,2,2,3,BIDIRECCIONAL CON BANDEJON,1,CONCRETO,1,BUENO,1,SECO,1,DESPEJADO,0,0,0,0,2,21:50:00
-8137615.94534707,-4416075.77701279,3676,-73.101448,-36.83459,1453665,2022,1,2022/06/17 00:00:00+00,8,REGION BIO BIO,8108,SAN PEDRO DE LA PAZ,32,COLISION LATERAL,30,COLISION,1,URBANA,1,TRAMO DE VIA RECTA,11,ADELANTAMIENTO SIN EL ESPACIO O TIEMPO SUFICIENTE,1,IMPRUDENCIA DEL CONDUCTOR,0,PRESIDENTE JORGE ALESSANDRI,0,LAS VIOLETAS,LAS VIOLETAS - PRESIDENTE JORGE ALESSANDRI,0,0,0,0,2,2,3,BIDIRECCIONAL CON BANDEJON,1,CONCRETO,1,BUENO,1,SECO,2,NUBLADO,0,0,0,1,1,11:20:00
-8141985.81422206,-4417430.24620147,3677,-73.140703,-36.844328,1453686,2022,1,2022/06/11 00:00:00+00,8,REGION BIO BIO,8108,SAN PEDRO DE LA PAZ,34,COLISION PERPENDICULAR,30,COLISION,1,URBANA,14,CRUCE CON SEÑAL PARE,24,CONDUCCION EN ESTADO DE EBRIEDAD,4,ALCOHOL EN CONDUCTOR,0,MICHAIHUE,0,RENE SCHNEIDER,MICHAIHUE - RENE SCHNEIDER,0,0,0,0,1,1,2,BIDIRECCIONAL,1,CONCRETO,1,BUENO,1,SECO,1,DESPEJADO,0,0,0,1,3,22:00:00
-8132718.04359945,-4417218.96502893,3678,-73.057449,-36.842809,1453693,2022,1,2022/06/16 00:00:00+00,8,REGION BIO BIO,8101,CONCEPCION,34,COLISION PERPENDICULAR,30,COLISION,1,URBANA,14,CRUCE CON SEÑAL PARE,65,SEÑALIZACION DESOBEDECER SEÑAL PARE,10,DESOBEDIENCIA A SEÑALIZACION,0,COSTANERA,0,LAS CANCHAS,COSTANERA - LAS CANCHAS,0,0,0,0,2,0,1,UNIDIRECCIONAL,1,CONCRETO,1,BUENO,1,SECO,1,DESPEJADO,0,0,0,2,0,19:50:00
-8136835.94080703,-4408569.55331418,3679,-73.094441,-36.780602,1453698,2022,1,2022/06/13 00:00:00+00,8,REGION BIO BIO,8110,TALCAHUANO,63,CHOQUE FRENTE/POSTERIOR,40,CHOQUE,1,URBANA,1,TRAMO DE VIA RECTA,28,CONDUCCION SIN MANTENER DISTANCIA RAZONABLE NI PRUDENTE,1,IMPRUDENCIA DEL CONDUCTOR,0,LAS GOLONDRINAS,0,0,- LAS GOLONDRINAS,682,0,0,0,1,1,3,BIDIRECCIONAL CON BANDEJON,1,CONCRETO,1,BUENO,1,SECO,1,DESPEJADO,0,0,0,0,2,18:05:00
-8142678.24371869,-4443159.15489285,3680,-73.146923,-37.029067,1453704,2022,1,2022/06/16 00:00:00+00,8,REGION BIO BIO,8102,CORONEL,50,CHOQUE,40,CHOQUE,1,URBANA,1,TRAMO DE VIA RECTA,24,CONDUCCION EN ESTADO DE EBRIEDAD,4,ALCOHOL EN CONDUCTOR,0,LOS CARRERA,0,0,- LOS CARRERA,670,0,0,0,2,0,1,UNIDIRECCIONAL,1,CONCRETO,1,BUENO,1,SECO,1,DESPEJADO,0,0,0,0,1,02:20:00
-8132289.85317811,-4415838.6256381,3681,-73.053603,-36.832885,1453706,2022,1,2022/06/15 00:00:00+00,8,REGION BIO BIO,8101,CONCEPCION,53,CHOQUE POSTERIOR,40,CHOQUE,1,URBANA,11,CRUCE CON SEMAFORO FUNCIONANDO,27,CONDUCCION NO ATENTO CONDICIONES TRANSITO MOMENTO,1,IMPRUDENCIA DEL CONDUCTOR,0,CHACABUCO,0,SALAS,CHACABUCO - SALAS,0,0,0,0,3,3,3,BIDIRECCIONAL CON BANDEJON,1,CONCRETO,1,BUENO,3,MOJADO,3,LLUVIA,0,0,0,0,2,18:00:00
-8132231.52176494,-4414582.48327759,3682,-73.053079,-36.823853,1453716,2022,1,2022/06/17 00:00:00+00,8,REGION BIO BIO,8101,CONCEPCION,10,ATROPELLO,10,ATROPELLO,1,URBANA,11,CRUCE CON SEMAFORO FUNCIONANDO,53,IMPRUDENCIA DEL PEATON,2,IMPRUDENCIA DEL PEATON,0,CAUPOLICAN,0,LOS CARRERA,CAUPOLICAN - LOS CARRERA,0,0,0,0,3,3,3,BIDIRECCIONAL CON BANDEJON,1,CONCRETO,1,BUENO,1,SECO,2,NUBLADO,0,0,0,1,1,08:00:00
-8138430.39213756,-4415527.25339513,3683,-73.108764,-36.830646,1453725,2022,1,2022/06/15 00:00:00+00,8,REGION BIO BIO,8108,SAN PEDRO DE LA PAZ,33,COLISION POR ALCANCE,30,COLISION,1,URBANA,11,CRUCE CON SEMAFORO FUNCIONANDO,24,CONDUCCION EN ESTADO DE EBRIEDAD,4,ALCOHOL EN CONDUCTOR,0,ENRIQUE SORO,0,RAMON CARNICER,ENRIQUE SORO - RAMON CARNICER,0,0,0,0,1,1,2,BIDIRECCIONAL,1,CONCRETO,2,REGULAR,1,SECO,1,DESPEJADO,0,0,0,0,2,15:15:00
-8144012.99780915,-4450448.15104702,3684,-73.158913,-37.081322,1453776,2022,1,2022/06/18 00:00:00+00,8,REGION BIO BIO,8106,LOTA,67,CHOQUE POSTERIOR/FRENTE,40,CHOQUE,1,URBANA,1,TRAMO DE VIA RECTA,27,CONDUCCION NO ATENTO CONDICIONES TRANSITO MOMENTO,1,IMPRUDENCIA DEL CONDUCTOR,0,MANUEL BULNES,0,0,- MANUEL BULNES,42,0,0,0,1,1,2,BIDIRECCIONAL,1,CONCRETO,1,BUENO,1,SECO,1,DESPEJADO,0,0,0,0,2,10:55:00
-8053242.76218979,-4503654.04424601,3685,-72.343511,-37.461667,1453805,2022,1,2022/06/17 00:00:00+00,8,REGION BIO BIO,8301,LOS ANGELES,62,CHOQUE FRENTE/LADO,40,CHOQUE,1,URBANA,1,TRAMO DE VIA RECTA,27,CONDUCCION NO ATENTO CONDICIONES TRANSITO MOMENTO,1,IMPRUDENCIA DEL CONDUCTOR,0,ALEMANIA,0,0,- ALEMANIA,850,0,0,0,2,0,1,UNIDIRECCIONAL,1,CONCRETO,1,BUENO,1,SECO,1,DESPEJADO,0,0,0,0,2,18:00:00
-8057075.94866771,-4503422.8138375,3686,-72.377945,-37.460018,1453806,2022,1,2022/06/18 00:00:00+00,8,REGION BIO BIO,8301,LOS ANGELES,67,CHOQUE POSTERIOR/FRENTE,40,CHOQUE,1,URBANA,1,TRAMO DE VIA RECTA,24,CONDUCCION EN ESTADO DE EBRIEDAD,4,ALCOHOL EN CONDUCTOR,0,LAS TRANCAS,0,ESTANISLAO ANGUITA,ESTANISLAO ANGUITA - LAS TRANCAS,0,0,0,0,1,1,2,BIDIRECCIONAL,2,ASFALTO,1,BUENO,1,SECO,1,DESPEJADO,0,0,0,1,1,23:25:00
-8135914.03731207,-4407000.39362516,3687,-73.086159,-36.769312,1453862,2022,1,2022/06/13 00:00:00+00,8,REGION BIO BIO,8110,TALCAHUANO,63,CHOQUE FRENTE/POSTERIOR,40,CHOQUE,1,URBANA,26,OTROS NO CONSIDERADOS,28,CONDUCCION SIN MANTENER DISTANCIA RAZONABLE NI PRUDENTE,1,IMPRUDENCIA DEL CONDUCTOR,0,CRISTOBAL COLON,0,0,- CRISTOBAL COLON,5988,0,0,0,1,1,2,BIDIRECCIONAL,1,CONCRETO,1,BUENO,1,SECO,1,DESPEJADO,0,0,0,0,2,13:20:00
-8138985.4422506,-4407478.37998366,3688,-73.11375,-36.772751,1453868,2022,1,2022/06/19 00:00:00+00,8,REGION BIO BIO,8110,TALCAHUANO,63,CHOQUE FRENTE/POSTERIOR,40,CHOQUE,1,URBANA,1,TRAMO DE VIA RECTA,27,CONDUCCION NO ATENTO CONDICIONES TRANSITO MOMENTO,1,IMPRUDENCIA DEL CONDUCTOR,0,GRAN BRETAÑA,0,0,- GRAN BRETAÑA,5475,0,0,0,2,2,3,BIDIRECCIONAL CON BANDEJON,1,CONCRETO,1,BUENO,1,SECO,1,DESPEJADO,0,0,0,0,2,20:30:00
-8135467.64615399,-4409005.64808501,3689,-73.082149,-36.78374,1453888,2022,1,2022/06/20 00:00:00+00,8,REGION BIO BIO,8110,TALCAHUANO,30,COLISION,30,COLISION,1,URBANA,15,CRUCE CON SEÑAL CEDA EL PASO,28,CONDUCCION SIN MANTENER DISTANCIA RAZONABLE NI PRUDENTE,1,IMPRUDENCIA DEL CONDUCTOR,0,O'HIGGINS,0,SAN CARLOS,O'HIGGINS - SAN CARLOS,0,0,0,0,1,1,2,BIDIRECCIONAL,1,CONCRETO,1,BUENO,1,SECO,1,DESPEJADO,0,0,0,0,2,17:50:00
-8134053.42107906,-4410710.29446295,3690,-73.069445,-36.796003,1453921,2022,1,2022/06/20 00:00:00+00,8,REGION BIO BIO,8112,HUALPEN,30,COLISION,30,COLISION,1,URBANA,1,TRAMO DE VIA RECTA,29,CONDUCCION CAMBIAR SORPRESIVAMENTE PISTA CIRCULACION,1,IMPRUDENCIA DEL CONDUCTOR,0,AUTOPISTA CONCEPCION TALCAHUANO,0,0,- AUTOPISTA CONCEPCION TALCAHUANO,9000,0,0,0,2,2,3,BIDIRECCIONAL CON BANDEJON,1,CONCRETO,1,BUENO,1,SECO,1,DESPEJADO,0,0,0,0,2,19:07:00
-8133679.17608296,-4415130.65223178,3691,-73.066083,-36.827794,1453946,2022,1,2022/06/16 00:00:00+00,8,REGION BIO BIO,8103,CHIGUAYANTE,32,COLISION LATERAL,30,COLISION,1,URBANA,14,CRUCE CON SEÑAL PARE,65,SEÑALIZACION DESOBEDECER SEÑAL PARE,10,DESOBEDIENCIA A SEÑALIZACION,0,DESIDERIO SANHUEZA,0,LASTARRIA,DESIDERIO SANHUEZA - LASTARRIA,0,0,0,0,2,0,1,UNIDIRECCIONAL,1,CONCRETO,1,BUENO,1,SECO,1,DESPEJADO,0,0,0,0,2,20:30:00
-8134053.15391228,-4410970.96470519,3692,-73.069443,-36.797878,1453950,2022,1,2022/06/20 00:00:00+00,8,REGION BIO BIO,8112,HUALPEN,30,COLISION,30,COLISION,1,URBANA,1,TRAMO DE VIA RECTA,28,CONDUCCION SIN MANTENER DISTANCIA RAZONABLE NI PRUDENTE,1,IMPRUDENCIA DEL CONDUCTOR,0,AUTOPISTA CONCEPCION TALCAHUANO,0,0,- AUTOPISTA CONCEPCION TALCAHUANO,9350,0,0,0,1,1,2,BIDIRECCIONAL,1,CONCRETO,1,BUENO,1,SECO,1,DESPEJADO,0,0,0,0,2,16:10:00
-8131094.91636809,-4413151.51112635,3693,-73.042868,-36.813562,1453953,2022,1,2022/06/19 00:00:00+00,8,REGION BIO BIO,8101,CONCEPCION,68,CHOQUE POSTERIOR/LADO,40,CHOQUE,1,URBANA,1,TRAMO DE VIA RECTA,93,CONDUCIR VEHICULO EN RETROCESO,1,IMPRUDENCIA DEL CONDUCTOR,0,PASAJE UNO,0,0,- PASAJE UNO,24,0,0,0,2,0,1,UNIDIRECCIONAL,1,CONCRETO,1,BUENO,1,SECO,1,DESPEJADO,0,0,0,0,2,22:11:00
-8121196.32045506,-4383518.68970848,3694,-72.953948,-36.600152,1453954,2022,1,2022/06/17 00:00:00+00,8,REGION BIO BIO,8111,TOME,34,COLISION PERPENDICULAR,30,COLISION,1,URBANA,14,CRUCE CON SEÑAL PARE,65,SEÑALIZACION DESOBEDECER SEÑAL PARE,10,DESOBEDIENCIA A SEÑALIZACION,0,LOMA LARGA,0,ENRIQUE MOLINA,ENRIQUE MOLINA - LOMA LARGA,0,0,0,0,1,1,2,BIDIRECCIONAL,1,CONCRETO,1,BUENO,1,SECO,1,DESPEJADO,0,0,0,1,1,07:50:00
-8132578.80518037,-4411515.91694133,3695,-73.056198,-36.801798,1453962,2022,1,2022/06/20 00:00:00+00,8,REGION BIO BIO,8101,CONCEPCION,10,ATROPELLO,10,ATROPELLO,1,URBANA,11,CRUCE CON SEMAFORO FUNCIONANDO,62,SEÑALIZACION DESOBEDECER LUZ ROJA DE SEMAFORO,10,DESOBEDIENCIA A SEÑALIZACION,0,PAICAVI,0,NUEVA,NUEVA - PAICAVI,0,0,0,0,2,2,3,BIDIRECCIONAL CON BANDEJON,1,CONCRETO,1,BUENO,1,SECO,1,DESPEJADO,0,0,0,1,1,11:30:00
-8138455.86203705,-4410079.35181184,3696,-73.108993,-36.791464,1453986,2022,1,2022/06/21 00:00:00+00,8,REGION BIO BIO,8112,HUALPEN,30,COLISION,30,COLISION,1,URBANA,16,CRUCE SIN SEÑALIZACION,31,NO RESPETAR DERECHO PREFERENTE DE PASO A PEATON,1,IMPRUDENCIA DEL CONDUCTOR,0,GRAN BRETAÑA,0,SILESIA,GRAN BRETAÑA - SILESIA,0,0,0,0,1,1,2,BIDIRECCIONAL,1,CONCRETO,1,BUENO,1,SECO,1,DESPEJADO,0,0,0,0,2,01:00:00
-8053176.90557903,-4507305.23800866,3697,-72.342919,-37.487697,1453988,2022,1,2022/06/18 00:00:00+00,8,REGION BIO BIO,8301,LOS ANGELES,63,CHOQUE FRENTE/POSTERIOR,40,CHOQUE,1,URBANA,15,CRUCE CON SEÑAL CEDA EL PASO,27,CONDUCCION NO ATENTO CONDICIONES TRANSITO MOMENTO,1,IMPRUDENCIA DEL CONDUCTOR,0,LOS CARRERA,0,FRANCISCO ENCINA,FRANCISCO ENCINA - LOS CARRERA,0,0,0,0,2,0,1,UNIDIRECCIONAL,1,CONCRETO,1,BUENO,1,SECO,2,NUBLADO,0,0,0,0,2,10:30:00
-8178095.27442321,-4526975.37878317,3698,-73.46508,-37.627774,1454007,2022,1,2022/06/19 00:00:00+00,8,REGION BIO BIO,8206,LOS ALAMOS,32,COLISION LATERAL,30,COLISION,1,URBANA,11,CRUCE CON SEMAFORO FUNCIONANDO,62,SEÑALIZACION DESOBEDECER LUZ ROJA DE SEMAFORO,10,DESOBEDIENCIA A SEÑALIZACION,0,CENTENARIO,0,IGNACIO CARRERA PINTO,CENTENARIO - IGNACIO CARRERA PINTO,0,0,0,0,2,0,1,UNIDIRECCIONAL,2,ASFALTO,1,BUENO,2,HUMEDO,2,NUBLADO,0,0,0,0,2,11:48:00
-8137601.46268131,-4416347.56669422,3699,-73.101318,-36.836544,1454062,2022,1,2022/06/20 00:00:00+00,8,REGION BIO BIO,8112,HUALPEN,30,COLISION,30,COLISION,1,URBANA,1,TRAMO DE VIA RECTA,28,CONDUCCION SIN MANTENER DISTANCIA RAZONABLE NI PRUDENTE,1,IMPRUDENCIA DEL CONDUCTOR,0,JORGE ALESSANDRI RODRIGUEZ,0,0,- JORGE ALESSANDRI RODRIGUEZ,9200,0,0,0,2,2,2,BIDIRECCIONAL,1,CONCRETO,1,BUENO,1,SECO,3,LLUVIA,0,0,0,0,2,18:50:00
-8120524.7744949,-4386294.71624221,3700,-72.947915,-36.620169,1454069,2022,1,2022/06/18 00:00:00+00,8,REGION BIO BIO,8111,TOME,65,CHOQUE LADO/LADO,40,CHOQUE,1,URBANA,11,CRUCE CON SEMAFORO FUNCIONANDO,62,SEÑALIZACION DESOBEDECER LUZ ROJA DE SEMAFORO,10,DESOBEDIENCIA A SEÑALIZACION,0,MANUEL MONTT,0,VICUÑA MACKENNA,MANUEL MONTT - VICUÑA MACKENNA,0,0,0,0,2,0,1,UNIDIRECCIONAL,1,CONCRETO,1,BUENO,1,SECO,2,NUBLADO,0,0,0,0,2,12:00:00
-8138077.03067793,-4403500.62190914,3701,-73.10559,-36.744123,1454086,2022,1,2022/06/14 00:00:00+00,8,REGION BIO BIO,8110,TALCAHUANO,32,COLISION LATERAL,30,COLISION,1,URBANA,1,TRAMO DE VIA RECTA,91,VIRAJES INDEBIDOS,1,IMPRUDENCIA DEL CONDUCTOR,0,ALTO HORNO,0,0,- ALTO HORNO,400,0,0,0,1,1,3,BIDIRECCIONAL CON BANDEJON,1,CONCRETO,1,BUENO,1,SECO,1,DESPEJADO,0,0,0,0,2,08:30:00
-8131182.63612684,-4414007.28182355,3702,-73.043656,-36.819716,1454107,2022,1,2022/06/17 00:00:00+00,8,REGION BIO BIO,8101,CONCEPCION,32,COLISION LATERAL,30,COLISION,1,URBANA,11,CRUCE CON SEMAFORO FUNCIONANDO,27,CONDUCCION NO ATENTO CONDICIONES TRANSITO MOMENTO,1,IMPRUDENCIA DEL CONDUCTOR,0,LOS CARRERA,0,PAICAVI,LOS CARRERA - PAICAVI,0,0,0,0,3,3,3,BIDIRECCIONAL CON BANDEJON,1,CONCRETO,1,BUENO,1,SECO,2,NUBLADO,0,0,0,0,2,15:15:00
-8132177.509548,-4414569.21642859,3703,-73.052594,-36.823757,1454112,2022,1,2022/06/19 00:00:00+00,8,REGION BIO BIO,8101,CONCEPCION,32,COLISION LATERAL,30,COLISION,1,URBANA,11,CRUCE CON SEMAFORO FUNCIONANDO,91,VIRAJES INDEBIDOS,1,IMPRUDENCIA DEL CONDUCTOR,0,LOS CARRERA,0,ANIBAL PINTO,ANIBAL PINTO - LOS CARRERA,0,0,0,0,3,3,3,BIDIRECCIONAL CON BANDEJON,1,CONCRETO,1,BUENO,1,SECO,2,NUBLADO,0,0,0,1,2,09:30:00
-8121257.75768203,-4386023.66356407,3704,-72.9545,-36.618215,1454122,2022,1,2022/06/19 00:00:00+00,8,REGION BIO BIO,8111,TOME,32,COLISION LATERAL,30,COLISION,1,URBANA,1,TRAMO DE VIA RECTA,11,ADELANTAMIENTO SIN EL ESPACIO O TIEMPO SUFICIENTE,1,IMPRUDENCIA DEL CONDUCTOR,0,MANUEL MONTT,0,0,- MANUEL MONTT,1222,0,0,0,2,0,1,UNIDIRECCIONAL,1,CONCRETO,1,BUENO,1,SECO,1,DESPEJADO,0,0,0,0,2,14:15:00
-8132579.27272223,-4414935.00648029,3705,-73.056203,-36.826388,1454126,2022,1,2022/06/14 00:00:00+00,8,REGION BIO BIO,8101,CONCEPCION,10,ATROPELLO,10,ATROPELLO,1,URBANA,11,CRUCE CON SEMAFORO FUNCIONANDO,31,NO RESPETAR DERECHO PREFERENTE DE PASO A PEATON,1,IMPRUDENCIA DEL CONDUCTOR,0,MAIPU,0,ANGOL,ANGOL - MAIPU,0,0,0,0,2,0,1,UNIDIRECCIONAL,1,CONCRETO,1,BUENO,1,SECO,3,LLUVIA,0,0,0,1,1,18:00:00
-8132317.8834259,-4415471.51110372,3706,-73.053854,-36.830245,1454139,2022,1,2022/06/20 00:00:00+00,8,REGION BIO BIO,8101,CONCEPCION,32,COLISION LATERAL,30,COLISION,1,URBANA,1,TRAMO DE VIA RECTA,27,CONDUCCION NO ATENTO CONDICIONES TRANSITO MOMENTO,1,IMPRUDENCIA DEL CONDUCTOR,0,ANGOL,0,0,- ANGOL,317,0,0,0,2,0,1,UNIDIRECCIONAL,1,CONCRETO,1,BUENO,1,SECO,2,NUBLADO,0,0,0,0,2,14:15:00
-8122261.01346085,-4392357.29875738,3707,-72.963512,-36.663868,1454156,2022,1,2022/06/19 00:00:00+00,8,REGION BIO BIO,8111,TOME,50,CHOQUE,40,CHOQUE,2,RURAL,1,TRAMO DE VIA RECTA,24,CONDUCCION EN ESTADO DE EBRIEDAD,4,ALCOHOL EN CONDUCTOR,0,BELLAVISTA,0,0,- BELLAVISTA,87,0,0,0,1,1,2,BIDIRECCIONAL,1,CONCRETO,1,BUENO,2,HUMEDO,2,NUBLADO,0,0,0,0,1,02:05:00
-8129095.68510514,-4412993.44379171,3708,-73.024909,-36.812425,1454157,2022,1,2022/05/25 00:00:00+00,8,REGION BIO BIO,8101,CONCEPCION,52,CHOQUE LATERAL,40,CHOQUE,1,URBANA,24,ROTONDA,14,ADELANTAMIENTO SOBREPASANDO LINEA CONTINUA,1,IMPRUDENCIA DEL CONDUCTOR,0,ALONSO DE RIBERA,0,ROTONDA GENERAL BONILLA,ALONSO DE RIBERA - ROTONDA GENERAL BONILLA,0,0,0,0,2,2,3,BIDIRECCIONAL CON BANDEJON,1,CONCRETO,1,BUENO,1,SECO,1,DESPEJADO,0,0,0,0,2,15:15:00
-8137142.80411535,-4403452.74984651,3709,-73.097197,-36.743779,1454193,2022,1,2022/06/19 00:00:00+00,8,REGION BIO BIO,8110,TALCAHUANO,63,CHOQUE FRENTE/POSTERIOR,40,CHOQUE,1,URBANA,11,CRUCE CON SEMAFORO FUNCIONANDO,28,CONDUCCION SIN MANTENER DISTANCIA RAZONABLE NI PRUDENTE,1,IMPRUDENCIA DEL CONDUCTOR,0,IQUIQUE,0,0,- IQUIQUE,3295,0,0,0,1,1,2,BIDIRECCIONAL,1,CONCRETO,1,BUENO,1,SECO,1,DESPEJADO,0,0,0,1,1,19:35:00
-8051320.79778539,-4501851.91993921,3710,-72.326245,-37.448816,1454234,2022,1,2022/06/20 00:00:00+00,8,REGION BIO BIO,8301,LOS ANGELES,30,COLISION,30,COLISION,1,URBANA,1,TRAMO DE VIA RECTA,27,CONDUCCION NO ATENTO CONDICIONES TRANSITO MOMENTO,1,IMPRUDENCIA DEL CONDUCTOR,0,LAS INDUSTRIAS,0,0,- LAS INDUSTRIAS,7181,0,0,0,1,1,2,BIDIRECCIONAL,2,ASFALTO,1,BUENO,3,MOJADO,3,LLUVIA,0,0,0,1,1,20:40:00
-8053134.28134601,-4507356.50084366,3711,-72.342536,-37.488062,1454236,2022,1,2022/06/20 00:00:00+00,8,REGION BIO BIO,8301,LOS ANGELES,51,CHOQUE FRONTAL,40,CHOQUE,1,URBANA,1,TRAMO DE VIA RECTA,24,CONDUCCION EN ESTADO DE EBRIEDAD,4,ALCOHOL EN CONDUCTOR,0,LOS CARRERA,0,COSTANERA QUILQUE,COSTANERA QUILQUE - LOS CARRERA,0,0,0,0,2,0,1,UNIDIRECCIONAL,2,ASFALTO,1,BUENO,3,MOJADO,4,LLOVIZNA,0,0,0,1,0,02:35:00
-8052829.26594124,-4497911.64828777,3712,-72.339796,-37.42071,1454238,2022,1,2022/06/21 00:00:00+00,8,REGION BIO BIO,8301,LOS ANGELES,30,COLISION,30,COLISION,1,URBANA,1,TRAMO DE VIA RECTA,27,CONDUCCION NO ATENTO CONDICIONES TRANSITO MOMENTO,1,IMPRUDENCIA DEL CONDUCTOR,0,LAS INDUSTRIAS,0,0,- LAS INDUSTRIAS,7215,0,0,0,1,1,2,BIDIRECCIONAL,1,CONCRETO,1,BUENO,1,SECO,1,DESPEJADO,0,0,0,0,2,13:15:00
-8052930.22158744,-4507708.10836013,3713,-72.340703,-37.490569,1454239,2022,1,2022/06/21 00:00:00+00,8,REGION BIO BIO,8301,LOS ANGELES,31,COLISION FRONTAL,30,COLISION,1,URBANA,1,TRAMO DE VIA RECTA,11,ADELANTAMIENTO SIN EL ESPACIO O TIEMPO SUFICIENTE,1,IMPRUDENCIA DEL CONDUCTOR,0,LOS CARRERA,0,0,- LOS CARRERA,2456,0,0,0,1,1,2,BIDIRECCIONAL,2,ASFALTO,1,BUENO,2,HUMEDO,4,LLOVIZNA,1,0,0,0,1,17:55:00