X,Y,FID,POINT_X,POINT_Y,Idaccident,Año,Claseaccid,Fecha,Cód_Regi,Región,Cód_Comun,Comuna,Cód_Tipo,Tipo_Accid,Cód_Tip_1,Tipo__CONA,Cód_Zona,Zona,Cód_Ubica,Ubicación,Cód_Causa,Causa,Cód_Cau_1,Causa__CON,Cód_Calle,Calle_Uno,Cód_Cal_1,Calle_Dos,Intersecci,Número,Ruta,Cód_Ruta,Ubicaci_1,Pistas_de,Pistas_d_1,Cód_Calza,Calzada,Cód__Tipo,Tipo_Calza,Cód_Estad,Estado_Cal,Cód_Condi,Condición,Cód_Est_1,Estado_Atm,Fallecidos,Graves,Menos_Grav,Leves,Ilesos,Hora_1
-8139320.72542492,-4415501.77434745,3714,-73.116762,-36.830463,1454277,2022,1,2022/06/22 00:00:00+00,8,REGION BIO BIO,8108,SAN PEDRO DE LA PAZ,30,COLISION,30,COLISION,1,URBANA,11,CRUCE CON SEMAFORO FUNCIONANDO,29,CONDUCCION CAMBIAR SORPRESIVAMENTE PISTA CIRCULACION,1,IMPRUDENCIA DEL CONDUCTOR,0,PEDRO AGUIRRE CERDA,0,DIAGONAL BIO BIO,DIAGONAL BIO BIO - PEDRO AGUIRRE CERDA,0,0,0,0,2,2,3,BIDIRECCIONAL CON BANDEJON,1,CONCRETO,1,BUENO,2,HUMEDO,1,DESPEJADO,0,0,0,0,2,23:40:00
-8139205.40956441,-4407895.27886324,3715,-73.115726,-36.775751,1454292,2022,1,2022/06/22 00:00:00+00,8,REGION BIO BIO,8112,HUALPEN,30,COLISION,30,COLISION,1,URBANA,14,CRUCE CON SEÑAL PARE,27,CONDUCCION NO ATENTO CONDICIONES TRANSITO MOMENTO,1,IMPRUDENCIA DEL CONDUCTOR,0,COSTANERA,0,CAMINO A RAMUNTCHO,CAMINO A RAMUNTCHO - COSTANERA,0,0,0,0,2,2,3,BIDIRECCIONAL CON BANDEJON,1,CONCRETO,1,BUENO,1,SECO,2,NUBLADO,0,0,0,0,2,09:00:00
-8041830.13214637,-4540270.2777575,3716,-72.240989,-37.722302,1454309,2022,1,2022/06/22 00:00:00+00,8,REGION BIO BIO,8305,MULCHEN,10,ATROPELLO,10,ATROPELLO,1,URBANA,15,CRUCE CON SEÑAL CEDA EL PASO,64,SEÑALIZACION DESOBEDECER SEÑAL CEDA EL PASO,10,DESOBEDIENCIA A SEÑALIZACION,0,VILLAGRAN,0,SAN MARTIN,SAN MARTIN - VILLAGRAN,0,0,0,0,2,0,1,UNIDIRECCIONAL,1,CONCRETO,1,BUENO,3,MOJADO,3,LLUVIA,0,0,0,1,1,18:00:00
-8089442.20193535,-4510308.212436,3717,-72.668696,-37.509099,1454320,2022,1,2022/06/16 00:00:00+00,8,REGION BIO BIO,8306,NACIMIENTO,30,COLISION,30,COLISION,1,URBANA,1,TRAMO DE VIA RECTA,32,NO RESPETAR DERECHO PREFERENTE DE PASO A VEHICULO,1,IMPRUDENCIA DEL CONDUCTOR,0,JULIO HEMMELMANN,0,0,- JULIO HEMMELMANN,165,0,0,0,1,1,2,BIDIRECCIONAL,2,ASFALTO,1,BUENO,1,SECO,1,DESPEJADO,0,1,0,0,2,20:05:00
-8130745.01694463,-4412968.79117216,3718,-73.039725,-36.812248,1454342,2022,1,2022/05/05 00:00:00+00,8,REGION BIO BIO,8101,CONCEPCION,30,COLISION,30,COLISION,1,URBANA,1,TRAMO DE VIA RECTA,29,CONDUCCION CAMBIAR SORPRESIVAMENTE PISTA CIRCULACION,1,IMPRUDENCIA DEL CONDUCTOR,0,PELANTARO,0,LOS CARRERA,LOS CARRERA - PELANTARO,0,0,0,0,2,0,1,UNIDIRECCIONAL,1,CONCRETO,1,BUENO,1,SECO,3,LLUVIA,0,0,0,0,2,19:30:00
-8091572.86812108,-4507693.69982414,3719,-72.687836,-37.490466,1454346,2022,1,2022/06/16 00:00:00+00,8,REGION BIO BIO,8306,NACIMIENTO,50,CHOQUE,40,CHOQUE,1,URBANA,1,TRAMO DE VIA RECTA,24,CONDUCCION EN ESTADO DE EBRIEDAD,4,ALCOHOL EN CONDUCTOR,0,VILLA ALEGRE,0,0,- VILLA ALEGRE,1681,0,0,0,1,1,2,BIDIRECCIONAL,1,CONCRETO,1,BUENO,1,SECO,1,DESPEJADO,0,0,0,0,1,23:15:00
-8131182.63612684,-4414007.28182355,3720,-73.043656,-36.819716,1454353,2022,1,2022/06/19 00:00:00+00,8,REGION BIO BIO,8101,CONCEPCION,30,COLISION,30,COLISION,1,URBANA,24,ROTONDA,27,CONDUCCION NO ATENTO CONDICIONES TRANSITO MOMENTO,1,IMPRUDENCIA DEL CONDUCTOR,0,PAICAVI,0,LOS CARRERA,LOS CARRERA - PAICAVI,0,0,0,0,3,3,3,BIDIRECCIONAL CON BANDEJON,1,CONCRETO,1,BUENO,2,HUMEDO,2,NUBLADO,0,0,0,0,2,19:50:00
-8132295.79763892,-4415148.32839348,3721,-73.053656,-36.827922,1454357,2022,1,2022/06/17 00:00:00+00,8,REGION BIO BIO,8101,CONCEPCION,20,CAIDA,20,CAIDA,1,URBANA,1,TRAMO DE VIA RECTA,41,PASAJERO SUBE O DESCIENDE DE VEHICULO MOVIMIENTO,3,IMPRUDENCIA DEL PASAJERO,0,LINCOYAN,0,BARROS ARANA,BARROS ARANA - LINCOYAN,0,0,0,0,3,0,1,UNIDIRECCIONAL,1,CONCRETO,1,BUENO,1,SECO,2,NUBLADO,0,0,0,1,1,07:30:00
-8051273.88775198,-4504783.20289598,3722,-72.325824,-37.469718,1454368,2022,1,2022/06/21 00:00:00+00,8,REGION BIO BIO,8301,LOS ANGELES,70,VOLCADURA,70,VOLCADURA,1,URBANA,1,TRAMO DE VIA RECTA,95,PERDIDA CONTROL VEHICULO,9,PERDIDA CONTROL VEHICULO,0,LAS INDUSTRIAS,0,0,- LAS INDUSTRIAS,506,0,0,0,2,2,2,BIDIRECCIONAL,2,ASFALTO,1,BUENO,1,SECO,1,DESPEJADO,0,1,0,0,0,21:45:00
-8129476.3866317,-4428181.66622993,3723,-73.028329,-36.92158,1454380,2022,1,2022/06/22 00:00:00+00,8,REGION BIO BIO,8103,CHIGUAYANTE,65,CHOQUE LADO/LADO,40,CHOQUE,1,URBANA,1,TRAMO DE VIA RECTA,97,CAUSAS NO DETERMINADAS,13,CAUSAS NO DETERMINADAS,0,COCHRANE,0,0,- COCHRANE,162,0,0,0,1,1,2,BIDIRECCIONAL,1,CONCRETO,1,BUENO,3,MOJADO,3,LLUVIA,0,0,0,0,2,13:50:00
-8077506.11425038,-4453139.03584243,3724,-72.561472,-37.100604,1454396,2022,1,2022/06/20 00:00:00+00,8,REGION BIO BIO,8313,YUMBEL,65,CHOQUE LADO/LADO,40,CHOQUE,1,URBANA,1,TRAMO DE VIA RECTA,27,CONDUCCION NO ATENTO CONDICIONES TRANSITO MOMENTO,1,IMPRUDENCIA DEL CONDUCTOR,0,BERNARDO O'HIGGINS,0,0,- BERNARDO O'HIGGINS,610,0,0,0,2,0,1,UNIDIRECCIONAL,1,CONCRETO,1,BUENO,1,SECO,2,NUBLADO,0,0,0,0,2,13:00:00
-8091879.64237381,-4508469.13730485,3725,-72.690592,-37.495993,1454405,2022,1,2022/06/18 00:00:00+00,8,REGION BIO BIO,8306,NACIMIENTO,30,COLISION,30,COLISION,1,URBANA,1,TRAMO DE VIA RECTA,32,NO RESPETAR DERECHO PREFERENTE DE PASO A VEHICULO,1,IMPRUDENCIA DEL CONDUCTOR,0,JULIO HEMMELMANN,0,0,- JULIO HEMMELMANN,1270,0,0,0,1,1,2,BIDIRECCIONAL,2,ASFALTO,1,BUENO,3,MOJADO,3,LLUVIA,0,0,0,0,2,14:40:00
-8177959.50917224,-4526230.90820557,3726,-73.46386,-37.622477,1454427,2022,1,2022/06/19 00:00:00+00,8,REGION BIO BIO,8206,LOS ALAMOS,10,ATROPELLO,10,ATROPELLO,1,URBANA,1,TRAMO DE VIA RECTA,53,IMPRUDENCIA DEL PEATON,2,IMPRUDENCIA DEL PEATON,0,TENIENTE MERINO,0,0,- TENIENTE MERINO,130,0,0,0,2,0,1,UNIDIRECCIONAL,2,ASFALTO,1,BUENO,3,MOJADO,3,LLUVIA,0,0,0,1,1,21:10:00
-8051329.8035322,-4503115.67851559,3727,-72.326326,-37.457828,1454434,2022,1,2022/05/21 00:00:00+00,8,REGION BIO BIO,8301,LOS ANGELES,32,COLISION LATERAL,30,COLISION,1,URBANA,1,TRAMO DE VIA RECTA,91,VIRAJES INDEBIDOS,1,IMPRUDENCIA DEL CONDUCTOR,0,LAS INDUSTRIAS,0,0,- LAS INDUSTRIAS,510,0,0,0,1,1,2,BIDIRECCIONAL,1,CONCRETO,1,BUENO,1,SECO,2,NUBLADO,0,1,0,0,1,23:45:00
-8136537.77155094,-4408663.35610359,3728,-73.091762,-36.781277,1454467,2022,1,2022/06/16 00:00:00+00,8,REGION BIO BIO,8110,TALCAHUANO,62,CHOQUE FRENTE/LADO,40,CHOQUE,1,URBANA,1,TRAMO DE VIA RECTA,27,CONDUCCION NO ATENTO CONDICIONES TRANSITO MOMENTO,1,IMPRUDENCIA DEL CONDUCTOR,0,LAS GOLONDRINAS,0,0,- LAS GOLONDRINAS,7423,0,0,0,1,1,3,BIDIRECCIONAL CON BANDEJON,1,CONCRETO,1,BUENO,1,SECO,1,DESPEJADO,0,0,0,1,1,07:30:00
-8134631.69243788,-4407805.76333082,3729,-73.07464,-36.775107,1454485,2022,1,2022/06/17 00:00:00+00,8,REGION BIO BIO,8110,TALCAHUANO,63,CHOQUE FRENTE/POSTERIOR,40,CHOQUE,1,URBANA,1,TRAMO DE VIA RECTA,28,CONDUCCION SIN MANTENER DISTANCIA RAZONABLE NI PRUDENTE,1,IMPRUDENCIA DEL CONDUCTOR,0,CANAL IFARLE,0,0,- CANAL IFARLE,7421,0,0,0,1,1,2,BIDIRECCIONAL,1,CONCRETO,1,BUENO,1,SECO,1,DESPEJADO,0,0,0,0,2,12:45:00
-8130964.17162616,-4414272.28809385,3730,-73.041694,-36.821622,1454486,2022,1,2022/06/22 00:00:00+00,8,REGION BIO BIO,8101,CONCEPCION,32,COLISION LATERAL,30,COLISION,1,URBANA,11,CRUCE CON SEMAFORO FUNCIONANDO,91,VIRAJES INDEBIDOS,1,IMPRUDENCIA DEL CONDUCTOR,0,JANEQUEO,0,FREIRE,FREIRE - JANEQUEO,0,0,0,0,2,0,1,UNIDIRECCIONAL,1,CONCRETO,1,BUENO,1,SECO,4,LLOVIZNA,0,0,0,0,2,11:00:00
-8131182.63612684,-4414007.28182355,3731,-73.043656,-36.819716,1454516,2022,1,2022/06/22 00:00:00+00,8,REGION BIO BIO,8101,CONCEPCION,50,CHOQUE,40,CHOQUE,1,URBANA,11,CRUCE CON SEMAFORO FUNCIONANDO,93,CONDUCIR VEHICULO EN RETROCESO,1,IMPRUDENCIA DEL CONDUCTOR,0,LOS CARRERA,0,PAICAVI,LOS CARRERA - PAICAVI,0,0,0,0,3,3,3,BIDIRECCIONAL CON BANDEJON,1,CONCRETO,1,BUENO,3,MOJADO,4,LLOVIZNA,0,0,0,0,2,15:20:00
-8129865.34806448,-4413290.50330836,3732,-73.031823,-36.814562,1454528,2022,1,2022/06/22 00:00:00+00,8,REGION BIO BIO,8101,CONCEPCION,20,CAIDA,20,CAIDA,1,URBANA,1,TRAMO DE VIA RECTA,42,PASAJERO VIAJA EN PISADERA DE VEHICULO,3,IMPRUDENCIA DEL PASAJERO,0,LOS CARRERA,0,0,- LOS CARRERA,2285,0,0,0,3,3,3,BIDIRECCIONAL CON BANDEJON,1,CONCRETO,1,BUENO,3,MOJADO,3,LLUVIA,0,0,0,1,1,11:40:00
-8139317.90904181,-4415511.85747857,3733,-73.116737,-36.830535,1454601,2022,1,2022/06/09 00:00:00+00,8,REGION BIO BIO,8108,SAN PEDRO DE LA PAZ,30,COLISION,30,COLISION,1,URBANA,11,CRUCE CON SEMAFORO FUNCIONANDO,97,CAUSAS NO DETERMINADAS,13,CAUSAS NO DETERMINADAS,0,PEDRO AGUIRRE CERDA,0,PRESIDENTE JORGE ALESSANDRI,PEDRO AGUIRRE CERDA - PRESIDENTE JORGE ALESSANDRI,0,0,0,0,2,2,3,BIDIRECCIONAL CON BANDEJON,1,CONCRETO,1,BUENO,1,SECO,1,DESPEJADO,0,0,0,3,1,18:10:00
-8137597.07669338,-4416656.12545538,3734,-73.101278,-36.838763,1454605,2022,1,2022/06/10 00:00:00+00,8,REGION BIO BIO,8108,SAN PEDRO DE LA PAZ,33,COLISION POR ALCANCE,30,COLISION,1,URBANA,11,CRUCE CON SEMAFORO FUNCIONANDO,97,CAUSAS NO DETERMINADAS,13,CAUSAS NO DETERMINADAS,0,PEDRO AGUIRRE CERDA,0,LOS CANELOS,LOS CANELOS - PEDRO AGUIRRE CERDA,0,0,0,0,2,2,3,BIDIRECCIONAL CON BANDEJON,1,CONCRETO,1,BUENO,1,SECO,1,DESPEJADO,0,0,0,0,1,18:10:00
-8136773.53510049,-4417244.6568402,3735,-73.09388,-36.842994,1454616,2022,1,2022/06/11 00:00:00+00,8,REGION BIO BIO,8108,SAN PEDRO DE LA PAZ,67,CHOQUE POSTERIOR/FRENTE,40,CHOQUE,1,URBANA,15,CRUCE CON SEÑAL CEDA EL PASO,97,CAUSAS NO DETERMINADAS,13,CAUSAS NO DETERMINADAS,0,MICHIMALONCO,0,0,- MICHIMALONCO,1120,0,0,0,2,2,3,BIDIRECCIONAL CON BANDEJON,1,CONCRETO,1,BUENO,1,SECO,1,DESPEJADO,0,0,0,1,2,11:20:00
-8137433.58175725,-4409687.47111541,3736,-73.09981,-36.788645,1454658,2022,1,2022/06/22 00:00:00+00,8,REGION BIO BIO,8112,HUALPEN,63,CHOQUE FRENTE/POSTERIOR,40,CHOQUE,1,URBANA,24,ROTONDA,27,CONDUCCION NO ATENTO CONDICIONES TRANSITO MOMENTO,1,IMPRUDENCIA DEL CONDUCTOR,0,LA RECONQUISTA,0,VIENA,LA RECONQUISTA - VIENA,0,0,0,0,2,2,2,BIDIRECCIONAL,1,CONCRETO,1,BUENO,2,HUMEDO,2,NUBLADO,0,0,0,0,2,17:15:00
-8131963.23066018,-4413364.03251966,3737,-73.050669,-36.81509,1454688,2022,1,2022/06/22 00:00:00+00,8,REGION BIO BIO,8101,CONCEPCION,32,COLISION LATERAL,30,COLISION,1,URBANA,1,TRAMO DE VIA RECTA,12,ADELANTAMIENTO SIN EFECTUAR LA SEÑAL RESPECTIVA,1,IMPRUDENCIA DEL CONDUCTOR,0,MANUEL RODRIGUEZ,0,OROMPELLO,MANUEL RODRIGUEZ - OROMPELLO,0,0,0,0,2,2,3,BIDIRECCIONAL CON BANDEJON,1,CONCRETO,1,BUENO,3,MOJADO,4,LLOVIZNA,0,0,0,0,2,14:45:00
-8131244.10674965,-4415132.89130336,3738,-73.044209,-36.82781,1454689,2022,1,2022/06/22 00:00:00+00,8,REGION BIO BIO,8101,CONCEPCION,32,COLISION LATERAL,30,COLISION,1,URBANA,1,TRAMO DE VIA RECTA,27,CONDUCCION NO ATENTO CONDICIONES TRANSITO MOMENTO,1,IMPRUDENCIA DEL CONDUCTOR,0,TUCAPEL,0,COCHRANE,COCHRANE - TUCAPEL,0,0,0,0,2,0,1,UNIDIRECCIONAL,1,CONCRETO,1,BUENO,3,MOJADO,4,LLOVIZNA,0,0,0,0,2,14:40:00
-8139085.1733824,-4407329.95802522,3739,-73.114646,-36.771683,1454694,2022,1,2022/06/22 00:00:00+00,8,REGION BIO BIO,8112,HUALPEN,63,CHOQUE FRENTE/POSTERIOR,40,CHOQUE,1,URBANA,15,CRUCE CON SEÑAL CEDA EL PASO,1,FALLAS MECANICAS FRENOS,12,FALLAS MECANICAS,0,GRAN BRETAÑA,0,COSTANERA,COSTANERA - GRAN BRETAÑA,0,0,0,0,2,2,2,BIDIRECCIONAL,1,CONCRETO,1,BUENO,2,HUMEDO,2,NUBLADO,0,0,1,0,2,13:50:00
-8041165.75516142,-4539778.67316568,3740,-72.235021,-37.718808,1454695,2022,1,2022/06/23 00:00:00+00,8,REGION BIO BIO,8305,MULCHEN,50,CHOQUE,40,CHOQUE,1,URBANA,1,TRAMO DE VIA RECTA,27,CONDUCCION NO ATENTO CONDICIONES TRANSITO MOMENTO,1,IMPRUDENCIA DEL CONDUCTOR,0,CAMPILLO,0,0,- CAMPILLO,1225,0,0,0,2,0,1,UNIDIRECCIONAL,1,CONCRETO,1,BUENO,3,MOJADO,3,LLUVIA,0,0,0,0,2,20:00:00
-8130904.3485318,-4413706.42002801,3741,-73.041156,-36.817553,1454698,2022,1,2022/06/22 00:00:00+00,8,REGION BIO BIO,8101,CONCEPCION,33,COLISION POR ALCANCE,30,COLISION,1,URBANA,14,CRUCE CON SEÑAL PARE,65,SEÑALIZACION DESOBEDECER SEÑAL PARE,10,DESOBEDIENCIA A SEÑALIZACION,0,LAS HERAS,0,GALVARINO,GALVARINO - LAS HERAS,0,0,0,0,2,0,1,UNIDIRECCIONAL,1,CONCRETO,1,BUENO,3,MOJADO,2,NUBLADO,0,0,0,0,2,19:55:00
-8121801.73150574,-4385887.91095972,3742,-72.959386,-36.617236,1454699,2022,1,2022/06/23 00:00:00+00,8,REGION BIO BIO,8111,TOME,65,CHOQUE LADO/LADO,40,CHOQUE,1,URBANA,26,OTROS NO CONSIDERADOS,27,CONDUCCION NO ATENTO CONDICIONES TRANSITO MOMENTO,1,IMPRUDENCIA DEL CONDUCTOR,0,MAIPU,0,NOGUEIRA,MAIPU - NOGUEIRA,0,0,0,0,1,1,2,BIDIRECCIONAL,1,CONCRETO,1,BUENO,3,MOJADO,3,LLUVIA,0,0,0,0,2,18:00:00
-8138841.43935731,-4408094.38100396,3743,-73.112457,-36.777183,1454701,2022,1,2022/06/22 00:00:00+00,8,REGION BIO BIO,8112,HUALPEN,30,COLISION,30,COLISION,1,URBANA,15,CRUCE CON SEÑAL CEDA EL PASO,62,SEÑALIZACION DESOBEDECER LUZ ROJA DE SEMAFORO,10,DESOBEDIENCIA A SEÑALIZACION,0,GRAN BRETAÑA,0,LAS GOLONDRINAS,GRAN BRETAÑA - LAS GOLONDRINAS,0,0,0,0,2,2,2,BIDIRECCIONAL,1,CONCRETO,1,BUENO,3,MOJADO,3,LLUVIA,0,1,0,3,0,21:45:00
-8053857.61313329,-4506330.54830169,3744,-72.349034,-37.480749,1454723,2022,1,2022/06/22 00:00:00+00,8,REGION BIO BIO,8301,LOS ANGELES,65,CHOQUE LADO/LADO,40,CHOQUE,1,URBANA,1,TRAMO DE VIA RECTA,27,CONDUCCION NO ATENTO CONDICIONES TRANSITO MOMENTO,1,IMPRUDENCIA DEL CONDUCTOR,0,VICUÑA MACKENNA,0,0,- VICUÑA MACKENNA,147,0,0,0,2,0,1,UNIDIRECCIONAL,1,CONCRETO,1,BUENO,1,SECO,2,NUBLADO,0,0,0,0,2,09:00:00
-8053865.78398391,-4506449.54764366,3745,-72.349107,-37.481597,1454730,2022,1,2022/06/22 00:00:00+00,8,REGION BIO BIO,8301,LOS ANGELES,10,ATROPELLO,10,ATROPELLO,1,URBANA,15,CRUCE CON SEÑAL CEDA EL PASO,27,CONDUCCION NO ATENTO CONDICIONES TRANSITO MOMENTO,1,IMPRUDENCIA DEL CONDUCTOR,0,VICUÑA MACKENNA,0,0,- VICUÑA MACKENNA,138,0,0,0,2,0,1,UNIDIRECCIONAL,2,ASFALTO,1,BUENO,3,MOJADO,3,LLUVIA,0,0,0,1,1,14:15:00
-8053767.01019973,-4505815.44248246,3746,-72.34822,-37.477077,1454745,2022,1,2022/06/22 00:00:00+00,8,REGION BIO BIO,8301,LOS ANGELES,33,COLISION POR ALCANCE,30,COLISION,1,URBANA,1,TRAMO DE VIA RECTA,27,CONDUCCION NO ATENTO CONDICIONES TRANSITO MOMENTO,1,IMPRUDENCIA DEL CONDUCTOR,0,LOS CARRERA,0,PATRICIO LYNCH,LOS CARRERA - PATRICIO LYNCH,0,0,0,0,1,1,2,BIDIRECCIONAL,1,CONCRETO,1,BUENO,1,SECO,1,DESPEJADO,0,0,0,0,2,20:30:00
-8055827.47831457,-4503526.53592048,3747,-72.36673,-37.460758,1454757,2022,1,2022/06/23 00:00:00+00,8,REGION BIO BIO,8301,LOS ANGELES,63,CHOQUE FRENTE/POSTERIOR,40,CHOQUE,1,URBANA,11,CRUCE CON SEMAFORO FUNCIONANDO,27,CONDUCCION NO ATENTO CONDICIONES TRANSITO MOMENTO,1,IMPRUDENCIA DEL CONDUCTOR,0,OROMPELLO,0,DON VICTOR,DON VICTOR - OROMPELLO,0,0,0,0,1,0,1,UNIDIRECCIONAL,2,ASFALTO,1,BUENO,3,MOJADO,3,LLUVIA,0,0,0,0,2,14:25:00
-8051969.43419435,-4508657.78259526,3748,-72.332072,-37.497337,1454767,2022,1,2022/06/23 00:00:00+00,8,REGION BIO BIO,8301,LOS ANGELES,62,CHOQUE FRENTE/LADO,40,CHOQUE,1,URBANA,4,ACERA O BERMA,27,CONDUCCION NO ATENTO CONDICIONES TRANSITO MOMENTO,1,IMPRUDENCIA DEL CONDUCTOR,0,CUMBRE,0,0,- CUMBRE,2440,0,0,0,1,1,2,BIDIRECCIONAL,2,ASFALTO,1,BUENO,3,MOJADO,3,LLUVIA,0,0,0,0,2,14:00:00
-8170435.25781028,-4551279.34684048,3749,-73.396269,-37.800486,1454774,2022,1,2022/06/23 00:00:00+00,8,REGION BIO BIO,8203,CAÑETE,30,COLISION,30,COLISION,1,URBANA,1,TRAMO DE VIA RECTA,27,CONDUCCION NO ATENTO CONDICIONES TRANSITO MOMENTO,1,IMPRUDENCIA DEL CONDUCTOR,0,ARTURO PRAT,0,MARIÑAN,ARTURO PRAT - MARIÑAN,0,0,0,0,1,0,1,UNIDIRECCIONAL,2,ASFALTO,1,BUENO,3,MOJADO,4,LLOVIZNA,0,0,0,0,2,15:15:00
-8131182.63612684,-4414007.28182355,3750,-73.043656,-36.819716,1454780,2022,1,2022/06/23 00:00:00+00,8,REGION BIO BIO,8101,CONCEPCION,32,COLISION LATERAL,30,COLISION,1,URBANA,24,ROTONDA,27,CONDUCCION NO ATENTO CONDICIONES TRANSITO MOMENTO,1,IMPRUDENCIA DEL CONDUCTOR,0,LOS CARRERA,0,PAICAVI,LOS CARRERA - PAICAVI,0,0,0,0,2,2,3,BIDIRECCIONAL CON BANDEJON,1,CONCRETO,2,REGULAR,3,MOJADO,3,LLUVIA,0,0,0,0,2,14:40:00
-8131246.24408388,-4414777.14907074,3751,-73.044228,-36.825252,1454781,2022,1,2022/06/23 00:00:00+00,8,REGION BIO BIO,8101,CONCEPCION,33,COLISION POR ALCANCE,30,COLISION,1,URBANA,1,TRAMO DE VIA RECTA,97,CAUSAS NO DETERMINADAS,13,CAUSAS NO DETERMINADAS,0,BERNARDO O'HIGGINS,0,OROMPELLO,BERNARDO O'HIGGINS - OROMPELLO,0,0,0,0,2,0,1,UNIDIRECCIONAL,1,CONCRETO,1,BUENO,3,MOJADO,3,LLUVIA,0,0,0,0,2,18:25:00
-8133009.63387363,-4415159.48205271,3752,-73.060069,-36.828002,1454843,2022,1,2022/06/22 00:00:00+00,8,REGION BIO BIO,8101,CONCEPCION,10,ATROPELLO,10,ATROPELLO,1,URBANA,11,CRUCE CON SEMAFORO FUNCIONANDO,31,NO RESPETAR DERECHO PREFERENTE DE PASO A PEATON,1,IMPRUDENCIA DEL CONDUCTOR,0,MAIPU,0,ARTURO PRAT,ARTURO PRAT - MAIPU,0,0,0,0,2,0,1,UNIDIRECCIONAL,1,CONCRETO,1,BUENO,3,MOJADO,3,LLUVIA,0,0,0,1,1,18:50:00
-8132791.90408159,-4415585.72192077,3753,-73.058113,-36.831066,1454848,2022,1,2022/06/22 00:00:00+00,8,REGION BIO BIO,8101,CONCEPCION,10,ATROPELLO,10,ATROPELLO,1,URBANA,11,CRUCE CON SEMAFORO FUNCIONANDO,31,NO RESPETAR DERECHO PREFERENTE DE PASO A PEATON,1,IMPRUDENCIA DEL CONDUCTOR,0,BERNARDO O'HIGGINS,0,ARTURO PRAT,ARTURO PRAT - BERNARDO O'HIGGINS,0,0,0,0,4,0,1,UNIDIRECCIONAL,1,CONCRETO,1,BUENO,3,MOJADO,3,LLUVIA,0,0,0,1,1,13:40:00
-8133340.05238621,-4409797.22739361,3754,-73.063037,-36.789435,1454855,2022,1,2022/06/23 00:00:00+00,8,REGION BIO BIO,8110,TALCAHUANO,30,COLISION,30,COLISION,1,URBANA,21,ENLACE A NIVEL,29,CONDUCCION CAMBIAR SORPRESIVAMENTE PISTA CIRCULACION,1,IMPRUDENCIA DEL CONDUCTOR,0,PAICAVI,0,PRESIDENTE JORGE ALESSANDRI RODRIGUEZ,PAICAVI - PRESIDENTE JORGE ALESSANDRI RODRIGUEZ,0,0,0,0,3,3,2,BIDIRECCIONAL,1,CONCRETO,1,BUENO,3,MOJADO,2,NUBLADO,0,0,0,0,2,09:10:00
-8131107.28396352,-4414907.59577979,3755,-73.04298,-36.826191,1455012,2022,1,2022/06/13 00:00:00+00,8,REGION BIO BIO,8108,SAN PEDRO DE LA PAZ,10,ATROPELLO,10,ATROPELLO,1,URBANA,11,CRUCE CON SEMAFORO FUNCIONANDO,97,CAUSAS NO DETERMINADAS,13,CAUSAS NO DETERMINADAS,0,PEDRO AGUIRRE CERDA,0,DIAGONAL BIO BIO,DIAGONAL BIO BIO - PEDRO AGUIRRE CERDA,0,0,0,0,2,2,3,BIDIRECCIONAL CON BANDEJON,1,CONCRETO,1,BUENO,1,SECO,2,NUBLADO,0,0,0,2,1,08:20:00
-8138554.68034903,-4419331.88217628,3756,-73.109881,-36.857997,1455014,2022,1,2022/06/15 00:00:00+00,8,REGION BIO BIO,8108,SAN PEDRO DE LA PAZ,30,COLISION,30,COLISION,1,URBANA,1,TRAMO DE VIA RECTA,97,CAUSAS NO DETERMINADAS,13,CAUSAS NO DETERMINADAS,0,PEDRO AGUIRRE CERDA,0,LAGUNA GRANDE,LAGUNA GRANDE - PEDRO AGUIRRE CERDA,0,0,0,0,3,3,3,BIDIRECCIONAL CON BANDEJON,1,CONCRETO,1,BUENO,1,SECO,2,NUBLADO,0,0,0,0,1,20:40:00
-8139317.90904181,-4415511.85747857,3757,-73.116737,-36.830535,1455015,2022,1,2022/06/17 00:00:00+00,8,REGION BIO BIO,8108,SAN PEDRO DE LA PAZ,67,CHOQUE POSTERIOR/FRENTE,40,CHOQUE,1,URBANA,11,CRUCE CON SEMAFORO FUNCIONANDO,97,CAUSAS NO DETERMINADAS,13,CAUSAS NO DETERMINADAS,0,PEDRO AGUIRRE CERDA,0,SAN PEDRO,PEDRO AGUIRRE CERDA - SAN PEDRO,0,0,0,0,2,2,3,BIDIRECCIONAL CON BANDEJON,1,CONCRETO,1,BUENO,1,SECO,1,DESPEJADO,0,0,0,0,1,10:40:00
-8136552.81081414,-4404579.75913821,3758,-73.091898,-36.751891,1455030,2022,1,2022/06/18 00:00:00+00,8,REGION BIO BIO,8110,TALCAHUANO,32,COLISION LATERAL,30,COLISION,1,URBANA,14,CRUCE CON SEÑAL PARE,65,SEÑALIZACION DESOBEDECER SEÑAL PARE,10,DESOBEDIENCIA A SEÑALIZACION,0,GOMEZ CARREÑO,0,0,- GOMEZ CARREÑO,3875,0,0,0,1,1,2,BIDIRECCIONAL,1,CONCRETO,1,BUENO,1,SECO,1,DESPEJADO,0,0,0,0,2,12:20:00
-8135386.34952987,-4404312.61818201,3759,-73.081419,-36.749968,1455040,2022,1,2022/06/18 00:00:00+00,8,REGION BIO BIO,8110,TALCAHUANO,67,CHOQUE POSTERIOR/FRENTE,40,CHOQUE,1,URBANA,1,TRAMO DE VIA RECTA,27,CONDUCCION NO ATENTO CONDICIONES TRANSITO MOMENTO,1,IMPRUDENCIA DEL CONDUCTOR,0,PASAJE OCHO,0,0,- PASAJE OCHO,821,0,0,0,1,1,2,BIDIRECCIONAL,1,CONCRETO,1,BUENO,1,SECO,1,DESPEJADO,0,0,0,0,2,21:57:00