X,Y,FID,POINT_X,POINT_Y,Idaccident,Año,Claseaccid,Fecha,Cód_Regi,Región,Cód_Comun,Comuna,Cód_Tipo,Tipo_Accid,Cód_Tip_1,Tipo__CONA,Cód_Zona,Zona,Cód_Ubica,Ubicación,Cód_Causa,Causa,Cód_Cau_1,Causa__CON,Cód_Calle,Calle_Uno,Cód_Cal_1,Calle_Dos,Intersecci,Número,Ruta,Cód_Ruta,Ubicaci_1,Pistas_de,Pistas_d_1,Cód_Calza,Calzada,Cód__Tipo,Tipo_Calza,Cód_Estad,Estado_Cal,Cód_Condi,Condición,Cód_Est_1,Estado_Atm,Fallecidos,Graves,Menos_Grav,Leves,Ilesos,Hora_1
-8138446.63365126,-4401220.29725576,3806,-73.10891,-36.727707,1449111,2022,1,2022/05/24 00:00:00+00,8,REGION BIO BIO,8110,TALCAHUANO,63,CHOQUE FRENTE/POSTERIOR,40,CHOQUE,1,URBANA,11,CRUCE CON SEMAFORO FUNCIONANDO,28,CONDUCCION SIN MANTENER DISTANCIA RAZONABLE NI PRUDENTE,1,IMPRUDENCIA DEL CONDUCTOR,0,PEREZ GACITUA,0,0,- PEREZ GACITUA,2088,0,0,0,1,1,3,BIDIRECCIONAL CON BANDEJON,1,CONCRETO,1,BUENO,1,SECO,1,DESPEJADO,0,0,0,0,2,19:34:00
-8177628.54519416,-4526730.35035465,3807,-73.460887,-37.626031,1471719,2022,1,2022/08/30 00:00:00+00,8,REGION BIO BIO,8206,LOS ALAMOS,10,ATROPELLO,10,ATROPELLO,1,URBANA,14,CRUCE CON SEÑAL PARE,31,NO RESPETAR DERECHO PREFERENTE DE PASO A PEATON,1,IMPRUDENCIA DEL CONDUCTOR,0,LIBERTAD,0,LUIS SAEZ MORA,LIBERTAD - LUIS SAEZ MORA,0,0,0,0,2,0,1,UNIDIRECCIONAL,2,ASFALTO,1,BUENO,1,SECO,2,NUBLADO,0,0,0,1,1,09:00:00
-8131495.0431458,-4414915.70355447,3808,-73.046463,-36.826249,1449112,2022,1,2022/05/31 00:00:00+00,8,REGION BIO BIO,8101,CONCEPCION,20,CAIDA,20,CAIDA,1,URBANA,1,TRAMO DE VIA RECTA,41,PASAJERO SUBE O DESCIENDE DE VEHICULO MOVIMIENTO,3,IMPRUDENCIA DEL PASAJERO,0,BERNARDO O'HIGGINS,0,SAN MARTIN,BERNARDO O'HIGGINS - SAN MARTIN,0,0,0,0,3,0,1,UNIDIRECCIONAL,1,CONCRETO,1,BUENO,1,SECO,1,DESPEJADO,0,0,0,1,1,13:30:00
-8134053.42107906,-4410710.29446295,3809,-73.069445,-36.796003,1449113,2022,1,2022/05/28 00:00:00+00,8,REGION BIO BIO,8112,HUALPEN,30,COLISION,30,COLISION,1,URBANA,1,TRAMO DE VIA RECTA,29,CONDUCCION CAMBIAR SORPRESIVAMENTE PISTA CIRCULACION,1,IMPRUDENCIA DEL CONDUCTOR,0,AUTOPISTA CONCEPCION TALCAHUANO,0,0,- AUTOPISTA CONCEPCION TALCAHUANO,9000,0,0,0,2,2,3,BIDIRECCIONAL CON BANDEJON,1,CONCRETO,1,BUENO,1,SECO,2,NUBLADO,0,1,0,0,2,07:30:00
-8119106.21909177,-4435546.92270361,3810,-72.935172,-36.974456,1449117,2022,1,2022/05/07 00:00:00+00,8,REGION BIO BIO,8105,HUALQUI,34,COLISION PERPENDICULAR,30,COLISION,1,URBANA,14,CRUCE CON SEÑAL PARE,97,CAUSAS NO DETERMINADAS,13,CAUSAS NO DETERMINADAS,0,PORTALES,0,SAN MARTIN,PORTALES - SAN MARTIN,0,0,0,0,2,0,1,UNIDIRECCIONAL,1,CONCRETO,1,BUENO,1,SECO,1,DESPEJADO,0,0,0,0,2,10:00:00
-8131177.84938873,-4414564.23788785,3811,-73.043613,-36.823721,1471741,2022,1,2022/08/25 00:00:00+00,8,REGION BIO BIO,8101,CONCEPCION,34,COLISION PERPENDICULAR,30,COLISION,1,URBANA,11,CRUCE CON SEMAFORO FUNCIONANDO,64,SEÑALIZACION DESOBEDECER SEÑAL CEDA EL PASO,10,DESOBEDIENCIA A SEÑALIZACION,0,BARROS ARANA,0,ONGOLMO,BARROS ARANA - ONGOLMO,0,0,0,0,2,0,1,UNIDIRECCIONAL,1,CONCRETO,1,BUENO,1,SECO,1,DESPEJADO,0,0,1,0,1,11:00:00
-8141112.74658771,-4399146.99088974,3812,-73.13286,-36.712778,1449133,2022,1,2022/05/25 00:00:00+00,8,REGION BIO BIO,8110,TALCAHUANO,63,CHOQUE FRENTE/POSTERIOR,40,CHOQUE,1,URBANA,1,TRAMO DE VIA RECTA,28,CONDUCCION SIN MANTENER DISTANCIA RAZONABLE NI PRUDENTE,1,IMPRUDENCIA DEL CONDUCTOR,0,SAN VICENTE,0,0,- SAN VICENTE,915,0,0,0,1,1,2,BIDIRECCIONAL,1,CONCRETO,1,BUENO,1,SECO,1,DESPEJADO,0,0,0,0,2,09:30:00
-8132389.22808755,-4414698.32554444,3813,-73.054495,-36.824686,1471747,2022,1,2022/08/25 00:00:00+00,8,REGION BIO BIO,8101,CONCEPCION,34,COLISION PERPENDICULAR,30,COLISION,1,URBANA,11,CRUCE CON SEMAFORO FUNCIONANDO,62,SEÑALIZACION DESOBEDECER LUZ ROJA DE SEMAFORO,10,DESOBEDIENCIA A SEÑALIZACION,0,LOS CARRERA,0,SARMIENTO,LOS CARRERA - SARMIENTO,0,0,0,0,3,3,3,BIDIRECCIONAL CON BANDEJON,1,CONCRETO,1,BUENO,1,SECO,1,DESPEJADO,0,1,0,0,1,15:00:00
-8136794.46316476,-4406113.62903233,3814,-73.094068,-36.76293,1471788,2022,1,2022/08/31 00:00:00+00,8,REGION BIO BIO,8110,TALCAHUANO,51,CHOQUE FRONTAL,40,CHOQUE,1,URBANA,1,TRAMO DE VIA RECTA,24,CONDUCCION EN ESTADO DE EBRIEDAD,4,ALCOHOL EN CONDUCTOR,0,RIO TINGUIRIRICA,0,0,- RIO TINGUIRIRICA,450,0,0,0,1,1,2,BIDIRECCIONAL,1,CONCRETO,1,BUENO,1,SECO,1,DESPEJADO,0,0,0,0,1,02:30:00
-8041675.36465832,-4538865.49739526,3815,-72.239599,-37.712319,1449140,2022,1,2022/05/26 00:00:00+00,8,REGION BIO BIO,8305,MULCHEN,10,ATROPELLO,10,ATROPELLO,1,URBANA,16,CRUCE SIN SEÑALIZACION,27,CONDUCCION NO ATENTO CONDICIONES TRANSITO MOMENTO,1,IMPRUDENCIA DEL CONDUCTOR,0,BALMACEDA,0,ARRIAGADA,ARRIAGADA - BALMACEDA,0,0,0,0,2,0,1,UNIDIRECCIONAL,2,ASFALTO,1,BUENO,1,SECO,1,DESPEJADO,0,0,0,1,1,14:10:00
-8164693.38734322,-4505558.39701823,3816,-73.344689,-37.475245,1471806,2022,1,2022/08/29 00:00:00+00,8,REGION BIO BIO,8205,CURANILAHUE,68,CHOQUE POSTERIOR/LADO,40,CHOQUE,1,URBANA,16,CRUCE SIN SEÑALIZACION,93,CONDUCIR VEHICULO EN RETROCESO,1,IMPRUDENCIA DEL CONDUCTOR,0,BALMACEDA,0,RIQUELME,BALMACEDA - RIQUELME,0,0,0,0,2,0,1,UNIDIRECCIONAL,1,CONCRETO,1,BUENO,1,SECO,1,DESPEJADO,0,0,0,0,2,08:40:00
-8041403.95660782,-4539858.36805304,3817,-72.237161,-37.719375,1449156,2022,1,2022/05/30 00:00:00+00,8,REGION BIO BIO,8305,MULCHEN,30,COLISION,30,COLISION,1,URBANA,1,TRAMO DE VIA RECTA,27,CONDUCCION NO ATENTO CONDICIONES TRANSITO MOMENTO,1,IMPRUDENCIA DEL CONDUCTOR,0,SALVO,0,0,- SALVO,631,0,0,0,2,0,1,UNIDIRECCIONAL,1,CONCRETO,1,BUENO,1,SECO,2,NUBLADO,0,0,0,0,2,13:40:00
-8053629.40817716,-4505326.31106842,3818,-72.346984,-37.47359,1471816,2022,1,2022/08/31 00:00:00+00,8,REGION BIO BIO,8301,LOS ANGELES,30,COLISION,30,COLISION,1,URBANA,1,TRAMO DE VIA RECTA,27,CONDUCCION NO ATENTO CONDICIONES TRANSITO MOMENTO,1,IMPRUDENCIA DEL CONDUCTOR,0,RICARDO VICUÑA,0,0,- RICARDO VICUÑA,147,0,0,0,2,0,1,UNIDIRECCIONAL,1,CONCRETO,1,BUENO,1,SECO,1,DESPEJADO,0,0,0,0,2,10:30:00
-8138342.68351076,-4410405.36939677,3819,-73.107976,-36.79381,1449164,2022,1,2022/05/29 00:00:00+00,8,REGION BIO BIO,8112,HUALPEN,50,CHOQUE,40,CHOQUE,1,URBANA,11,CRUCE CON SEMAFORO FUNCIONANDO,28,CONDUCCION SIN MANTENER DISTANCIA RAZONABLE NI PRUDENTE,1,IMPRUDENCIA DEL CONDUCTOR,0,GRAN BRETAÑA,0,POSTDAM,GRAN BRETAÑA - POSTDAM,0,0,0,0,1,1,2,BIDIRECCIONAL,1,CONCRETO,1,BUENO,1,SECO,1,DESPEJADO,0,0,0,0,2,22:33:00
-8142171.5173966,-4415619.15649325,3820,-73.142371,-36.831307,1471831,2022,1,2022/08/31 00:00:00+00,8,REGION BIO BIO,8108,SAN PEDRO DE LA PAZ,63,CHOQUE FRENTE/POSTERIOR,40,CHOQUE,1,URBANA,1,TRAMO DE VIA RECTA,27,CONDUCCION NO ATENTO CONDICIONES TRANSITO MOMENTO,1,IMPRUDENCIA DEL CONDUCTOR,0,PIEDRA DE FRANCIA,0,0,- PIEDRA DE FRANCIA,211,0,0,0,1,1,2,BIDIRECCIONAL,1,CONCRETO,1,BUENO,1,SECO,1,DESPEJADO,0,0,1,0,2,07:30:00
-8165378.11353108,-4506301.91739911,3821,-73.35084,-37.480545,1449178,2022,1,2022/05/31 00:00:00+00,8,REGION BIO BIO,8205,CURANILAHUE,30,COLISION,30,COLISION,1,URBANA,1,TRAMO DE VIA RECTA,27,CONDUCCION NO ATENTO CONDICIONES TRANSITO MOMENTO,1,IMPRUDENCIA DEL CONDUCTOR,0,TUCAPEL,0,0,- TUCAPEL,400,0,0,0,1,1,2,BIDIRECCIONAL,2,ASFALTO,1,BUENO,1,SECO,1,DESPEJADO,0,0,0,0,2,17:52:00
-8054144.80628758,-4503861.66230741,3822,-72.351614,-37.463147,1471846,2022,1,2022/08/30 00:00:00+00,8,REGION BIO BIO,8301,LOS ANGELES,10,ATROPELLO,10,ATROPELLO,1,URBANA,1,TRAMO DE VIA RECTA,27,CONDUCCION NO ATENTO CONDICIONES TRANSITO MOMENTO,1,IMPRUDENCIA DEL CONDUCTOR,0,VALDIVIA,0,0,- VALDIVIA,849,0,0,0,2,0,1,UNIDIRECCIONAL,1,CONCRETO,1,BUENO,1,SECO,1,DESPEJADO,0,0,0,1,1,17:00:00
-8165793.03466912,-4504701.18017175,3823,-73.354567,-37.469133,1449245,2022,1,2022/05/31 00:00:00+00,8,REGION BIO BIO,8205,CURANILAHUE,31,COLISION FRONTAL,30,COLISION,1,URBANA,1,TRAMO DE VIA RECTA,27,CONDUCCION NO ATENTO CONDICIONES TRANSITO MOMENTO,1,IMPRUDENCIA DEL CONDUCTOR,0,BERNARDO O'HIGGINS,0,0,- BERNARDO O'HIGGINS,823,0,0,0,1,1,2,BIDIRECCIONAL,1,CONCRETO,1,BUENO,1,SECO,1,DESPEJADO,0,0,0,0,2,15:30:00
-8132678.44725657,-4413347.72200591,3824,-73.057093,-36.814973,1471872,2022,1,2022/08/29 00:00:00+00,8,REGION BIO BIO,8101,CONCEPCION,30,COLISION,30,COLISION,1,URBANA,26,OTROS NO CONSIDERADOS,97,CAUSAS NO DETERMINADAS,13,CAUSAS NO DETERMINADAS,0,ANIBAL PINTO,0,ARGENTINA,ANIBAL PINTO - ARGENTINA,0,0,0,0,3,3,2,BIDIRECCIONAL,1,CONCRETO,1,BUENO,1,SECO,1,DESPEJADO,0,0,0,0,2,15:46:00
-8126995.18650141,-4403720.28602749,3825,-73.00604,-36.745704,1449279,2022,1,2022/05/27 00:00:00+00,8,REGION BIO BIO,8107,PENCO,32,COLISION LATERAL,30,COLISION,1,URBANA,1,TRAMO DE VIA RECTA,27,CONDUCCION NO ATENTO CONDICIONES TRANSITO MOMENTO,1,IMPRUDENCIA DEL CONDUCTOR,0,FUERTE LA PLANCHADA,0,0,- FUERTE LA PLANCHADA,200,0,0,0,2,0,1,UNIDIRECCIONAL,2,ASFALTO,1,BUENO,1,SECO,1,DESPEJADO,0,1,0,0,1,21:35:00
-8126696.16008525,-4416353.47796397,3826,-73.003354,-36.836587,1471875,2022,1,2022/08/28 00:00:00+00,8,REGION BIO BIO,8101,CONCEPCION,62,CHOQUE FRENTE/LADO,40,CHOQUE,1,URBANA,1,TRAMO DE VIA RECTA,97,CAUSAS NO DETERMINADAS,13,CAUSAS NO DETERMINADAS,0,CAMINO NONGUEN,0,LAS VERTIENTES,CAMINO NONGUEN - LAS VERTIENTES,0,0,0,0,2,2,2,BIDIRECCIONAL,1,CONCRETO,1,BUENO,1,SECO,1,DESPEJADO,0,0,0,0,1,22:26:00
-8125498.17312117,-4402447.51396107,3827,-72.992592,-36.736542,1449280,2022,1,2022/05/27 00:00:00+00,8,REGION BIO BIO,8107,PENCO,51,CHOQUE FRONTAL,40,CHOQUE,1,URBANA,1,TRAMO DE VIA RECTA,24,CONDUCCION EN ESTADO DE EBRIEDAD,4,ALCOHOL EN CONDUCTOR,0,CRUZ,0,0,- CRUZ,586,0,0,0,2,0,1,UNIDIRECCIONAL,2,ASFALTO,1,BUENO,1,SECO,1,DESPEJADO,0,0,0,0,2,01:30:00
-8131765.36026529,-4413069.61282127,3828,-73.048891,-36.812973,1471877,2022,1,2022/08/28 00:00:00+00,8,REGION BIO BIO,8101,CONCEPCION,10,ATROPELLO,10,ATROPELLO,1,URBANA,11,CRUCE CON SEMAFORO FUNCIONANDO,97,CAUSAS NO DETERMINADAS,13,CAUSAS NO DETERMINADAS,0,PAICAVI,0,BANDERA,BANDERA - PAICAVI,0,0,0,0,1,1,2,BIDIRECCIONAL,1,CONCRETO,1,BUENO,1,SECO,1,DESPEJADO,0,0,0,1,1,16:43:00
-8119222.32532067,-4433697.87082991,3829,-72.936215,-36.961185,1449318,2022,1,2022/05/23 00:00:00+00,8,REGION BIO BIO,8105,HUALQUI,51,CHOQUE FRONTAL,40,CHOQUE,1,URBANA,14,CRUCE CON SEÑAL PARE,97,CAUSAS NO DETERMINADAS,13,CAUSAS NO DETERMINADAS,0,COLO COLO,0,EL AGUILA,COLO COLO - EL AGUILA,0,0,0,0,1,1,2,BIDIRECCIONAL,1,CONCRETO,1,BUENO,1,SECO,1,DESPEJADO,0,0,0,0,1,11:20:00
-8139540.68160678,-4409431.85012577,3830,-73.118738,-36.786806,1449332,2022,1,2022/05/29 00:00:00+00,8,REGION BIO BIO,8112,HUALPEN,10,ATROPELLO,10,ATROPELLO,1,URBANA,1,TRAMO DE VIA RECTA,52,PEATON CRUZA CALZADA FORMA SORPRESIVA O DESCUIDADA,2,IMPRUDENCIA DEL PEATON,0,COSTANERA,0,FINLANDIA,COSTANERA - FINLANDIA,0,0,0,0,2,2,3,BIDIRECCIONAL CON BANDEJON,1,CONCRETO,1,BUENO,1,SECO,1,DESPEJADO,0,1,0,0,1,19:35:00
-8133133.22077231,-4412764.81483556,3831,-73.061179,-36.810781,1471878,2022,1,2022/08/31 00:00:00+00,8,REGION BIO BIO,8101,CONCEPCION,67,CHOQUE POSTERIOR/FRENTE,40,CHOQUE,1,URBANA,26,OTROS NO CONSIDERADOS,27,CONDUCCION NO ATENTO CONDICIONES TRANSITO MOMENTO,1,IMPRUDENCIA DEL CONDUCTOR,0,ALMIRANTE RIVERO NORTE,0,0,- ALMIRANTE RIVERO NORTE,1875,0,0,0,2,0,1,UNIDIRECCIONAL,1,CONCRETO,1,BUENO,1,SECO,1,DESPEJADO,0,0,0,0,2,13:06:00
-8135454.10970391,-4410706.84689117,3832,-73.082028,-36.795978,1449344,2022,1,2022/05/30 00:00:00+00,8,REGION BIO BIO,8112,HUALPEN,50,CHOQUE,40,CHOQUE,1,URBANA,1,TRAMO DE VIA RECTA,28,CONDUCCION SIN MANTENER DISTANCIA RAZONABLE NI PRUDENTE,1,IMPRUDENCIA DEL CONDUCTOR,0,ARTEAGA ALEMPARTE,0,LOS ZORZALES,ARTEAGA ALEMPARTE - LOS ZORZALES,0,0,0,0,1,1,2,BIDIRECCIONAL,1,CONCRETO,1,BUENO,1,SECO,1,DESPEJADO,0,0,0,0,2,19:10:00
-8134987.26915537,-4412445.35709273,3833,-73.077834,-36.808483,1471879,2022,1,2022/08/27 00:00:00+00,8,REGION BIO BIO,8103,CHIGUAYANTE,10,ATROPELLO,10,ATROPELLO,1,URBANA,26,OTROS NO CONSIDERADOS,97,CAUSAS NO DETERMINADAS,13,CAUSAS NO DETERMINADAS,0,VEGA MONUMENTAL,0,ESTACIONAMIENTOS,ESTACIONAMIENTOS - VEGA MONUMENTAL,0,0,0,0,2,2,2,BIDIRECCIONAL,1,CONCRETO,1,BUENO,1,SECO,1,DESPEJADO,0,1,0,0,1,16:38:00
-8134969.25766176,-4412383.59673908,3834,-73.077672,-36.808039,1471880,2022,1,2022/08/27 00:00:00+00,8,REGION BIO BIO,8103,CHIGUAYANTE,30,COLISION,30,COLISION,1,URBANA,11,CRUCE CON SEMAFORO FUNCIONANDO,27,CONDUCCION NO ATENTO CONDICIONES TRANSITO MOMENTO,1,IMPRUDENCIA DEL CONDUCTOR,0,21 DE MAYO,0,PEDRO DE OÑA,21 DE MAYO - PEDRO DE OÑA,0,0,0,0,2,0,1,UNIDIRECCIONAL,1,CONCRETO,1,BUENO,1,SECO,1,DESPEJADO,0,0,0,1,1,01:29:00
-8134177.63136688,-4411429.76316784,3835,-73.070561,-36.801179,1449345,2022,1,2022/05/23 00:00:00+00,8,REGION BIO BIO,8101,CONCEPCION,33,COLISION POR ALCANCE,30,COLISION,1,URBANA,1,TRAMO DE VIA RECTA,28,CONDUCCION SIN MANTENER DISTANCIA RAZONABLE NI PRUDENTE,1,IMPRUDENCIA DEL CONDUCTOR,0,JORGE ALESSANDRI,0,LOMAS VERDES,JORGE ALESSANDRI - LOMAS VERDES,0,0,0,0,2,2,2,BIDIRECCIONAL,1,CONCRETO,1,BUENO,1,SECO,1,DESPEJADO,0,0,0,1,1,17:30:00
-8132792.17124837,-4414858.03140475,3836,-73.058115,-36.825834,1471883,2022,1,2022/08/26 00:00:00+00,8,REGION BIO BIO,8101,CONCEPCION,30,COLISION,30,COLISION,1,URBANA,11,CRUCE CON SEMAFORO FUNCIONANDO,27,CONDUCCION NO ATENTO CONDICIONES TRANSITO MOMENTO,1,IMPRUDENCIA DEL CONDUCTOR,0,LOS CARRERA,0,OBISPO HIPOLITO SALAS,LOS CARRERA - OBISPO HIPOLITO SALAS,0,0,0,0,1,1,2,BIDIRECCIONAL,2,ASFALTO,1,BUENO,1,SECO,1,DESPEJADO,0,0,0,1,2,15:45:00
-8133285.7062108,-4410617.93328857,3837,-73.062549,-36.795339,1449352,2022,1,2022/05/23 00:00:00+00,8,REGION BIO BIO,8101,CONCEPCION,32,COLISION LATERAL,30,COLISION,1,URBANA,1,TRAMO DE VIA RECTA,11,ADELANTAMIENTO SIN EL ESPACIO O TIEMPO SUFICIENTE,1,IMPRUDENCIA DEL CONDUCTOR,0,PAICAVI,0,0,- PAICAVI,3280,0,0,0,2,2,2,BIDIRECCIONAL,2,ASFALTO,1,BUENO,1,SECO,2,NUBLADO,0,0,0,0,2,20:10:00
-8090021.25253061,-4509854.65439075,3838,-72.673897,-37.505867,1471888,2022,1,2022/08/31 00:00:00+00,8,REGION BIO BIO,8306,NACIMIENTO,30,COLISION,30,COLISION,1,URBANA,1,TRAMO DE VIA RECTA,24,CONDUCCION EN ESTADO DE EBRIEDAD,4,ALCOHOL EN CONDUCTOR,0,SANTA MARGARITA,0,GENERAL PRIETO,GENERAL PRIETO - SANTA MARGARITA,0,0,0,0,1,1,2,BIDIRECCIONAL,1,CONCRETO,1,BUENO,1,SECO,1,DESPEJADO,0,0,0,0,5,22:40:00
-8132809.55935283,-4408460.71309237,3839,-73.058271,-36.779819,1449357,2022,1,2022/05/23 00:00:00+00,8,REGION BIO BIO,8101,CONCEPCION,30,COLISION,30,COLISION,1,URBANA,1,TRAMO DE VIA RECTA,32,NO RESPETAR DERECHO PREFERENTE DE PASO A VEHICULO,1,IMPRUDENCIA DEL CONDUCTOR,0,TIERRAS COLORADAS,0,ROTONDA AEROPUERTO,ROTONDA AEROPUERTO - TIERRAS COLORADAS,0,0,0,0,2,2,2,BIDIRECCIONAL,1,CONCRETO,1,BUENO,1,SECO,1,DESPEJADO,0,0,1,0,1,09:30:00
-8132792.17124837,-4414858.03140475,3840,-73.058115,-36.825834,1471892,2022,1,2022/08/26 00:00:00+00,8,REGION BIO BIO,8101,CONCEPCION,10,ATROPELLO,10,ATROPELLO,1,URBANA,11,CRUCE CON SEMAFORO FUNCIONANDO,27,CONDUCCION NO ATENTO CONDICIONES TRANSITO MOMENTO,1,IMPRUDENCIA DEL CONDUCTOR,0,LOS CARRERA,0,OBISPO HIPOLITO SALAS,LOS CARRERA - OBISPO HIPOLITO SALAS,0,0,0,0,3,0,1,UNIDIRECCIONAL,1,CONCRETO,1,BUENO,1,SECO,1,DESPEJADO,0,2,0,0,1,01:34:00
-8131915.06271651,-4412737.40972376,3841,-73.050236,-36.810584,1449372,2022,1,2022/05/24 00:00:00+00,8,REGION BIO BIO,8101,CONCEPCION,33,COLISION POR ALCANCE,30,COLISION,1,URBANA,1,TRAMO DE VIA RECTA,28,CONDUCCION SIN MANTENER DISTANCIA RAZONABLE NI PRUDENTE,1,IMPRUDENCIA DEL CONDUCTOR,0,PAICAVI,0,ARGENTINA,ARGENTINA - PAICAVI,0,0,0,0,2,2,2,BIDIRECCIONAL,2,ASFALTO,1,BUENO,1,SECO,2,NUBLADO,0,0,0,0,2,12:40:00
-8127545.51666805,-4415278.1399094,3842,-73.010984,-36.828855,1471893,2022,1,2022/05/28 00:00:00+00,8,REGION BIO BIO,8101,CONCEPCION,30,COLISION,30,COLISION,1,URBANA,26,OTROS NO CONSIDERADOS,97,CAUSAS NO DETERMINADAS,13,CAUSAS NO DETERMINADAS,0,CALLE UNO,0,CALLE CINCO,CALLE CINCO - CALLE UNO,0,0,0,0,2,0,1,UNIDIRECCIONAL,1,CONCRETO,1,BUENO,1,SECO,1,DESPEJADO,0,0,0,0,2,21:12:00
-8135793.28906041,-4410930.12117274,3843,-73.085075,-36.797585,1449394,2022,1,2022/05/31 00:00:00+00,8,REGION BIO BIO,8112,HUALPEN,50,CHOQUE,40,CHOQUE,1,URBANA,1,TRAMO DE VIA RECTA,98,OTRAS CAUSAS,14,OTRAS CAUSAS,0,CRISTOBAL COLON,0,0,- CRISTOBAL COLON,8831,0,0,0,2,2,2,BIDIRECCIONAL,1,CONCRETO,1,BUENO,1,SECO,1,DESPEJADO,0,0,0,0,1,20:15:00
-8144360.97140542,-4442189.39110791,3844,-73.162039,-37.022112,1471916,2022,1,2022/09/01 00:00:00+00,8,REGION BIO BIO,8102,CORONEL,10,ATROPELLO,10,ATROPELLO,1,URBANA,16,CRUCE SIN SEÑALIZACION,27,CONDUCCION NO ATENTO CONDICIONES TRANSITO MOMENTO,1,IMPRUDENCIA DEL CONDUCTOR,0,ROSA MEDEL,0,GENERAL CARLOS PRATS,GENERAL CARLOS PRATS - ROSA MEDEL,0,0,0,0,1,1,2,BIDIRECCIONAL,2,ASFALTO,1,BUENO,1,SECO,1,DESPEJADO,0,1,0,0,1,08:30:00
-8052033.98836706,-4501431.06079565,3845,-72.332652,-37.445814,1449423,2022,1,2022/06/01 00:00:00+00,8,REGION BIO BIO,8301,LOS ANGELES,30,COLISION,30,COLISION,1,URBANA,1,TRAMO DE VIA RECTA,27,CONDUCCION NO ATENTO CONDICIONES TRANSITO MOMENTO,1,IMPRUDENCIA DEL CONDUCTOR,0,SOR VICENTA,0,0,- SOR VICENTA,2575,0,0,0,1,1,2,BIDIRECCIONAL,1,CONCRETO,1,BUENO,1,SECO,1,DESPEJADO,0,0,0,0,2,15:55:00
-8091606.63132264,-4508690.41878557,3846,-72.688139,-37.49757,1471944,2022,1,2022/09/01 00:00:00+00,8,REGION BIO BIO,8306,NACIMIENTO,30,COLISION,30,COLISION,1,URBANA,1,TRAMO DE VIA RECTA,28,CONDUCCION SIN MANTENER DISTANCIA RAZONABLE NI PRUDENTE,1,IMPRUDENCIA DEL CONDUCTOR,0,JULIO HEMMELMANN,0,JUAN ANTONIO RIOS,JUAN ANTONIO RIOS - JULIO HEMMELMANN,0,0,0,0,1,1,2,BIDIRECCIONAL,2,ASFALTO,1,BUENO,1,SECO,1,DESPEJADO,0,0,0,5,0,17:45:00
-8053111.13802387,-4502554.17465123,3847,-72.342328,-37.453824,1449428,2022,1,2022/06/01 00:00:00+00,8,REGION BIO BIO,8301,LOS ANGELES,52,CHOQUE LATERAL,40,CHOQUE,1,URBANA,1,TRAMO DE VIA RECTA,27,CONDUCCION NO ATENTO CONDICIONES TRANSITO MOMENTO,1,IMPRUDENCIA DEL CONDUCTOR,0,SOR VICENTA,0,0,- SOR VICENTA,1818,0,0,0,2,0,1,UNIDIRECCIONAL,1,CONCRETO,1,BUENO,1,SECO,2,NUBLADO,0,0,0,0,2,16:25:00
-8077466.42885191,-4452840.81656947,3848,-72.561115,-37.098468,1471951,2022,1,2022/08/30 00:00:00+00,8,REGION BIO BIO,8313,YUMBEL,30,COLISION,30,COLISION,1,URBANA,1,TRAMO DE VIA RECTA,27,CONDUCCION NO ATENTO CONDICIONES TRANSITO MOMENTO,1,IMPRUDENCIA DEL CONDUCTOR,0,VALDIVIA,0,0,- VALDIVIA,480,0,0,0,2,0,1,UNIDIRECCIONAL,1,CONCRETO,1,BUENO,1,SECO,1,DESPEJADO,0,0,0,0,2,15:55:00
-8130290.1321094,-4414111.52026601,3849,-73.035639,-36.820466,1449445,2022,1,2022/05/24 00:00:00+00,8,REGION BIO BIO,8101,CONCEPCION,30,COLISION,30,COLISION,1,URBANA,2,TRAMO DE VIA CURVA HORIZONTAL,32,NO RESPETAR DERECHO PREFERENTE DE PASO A VEHICULO,1,IMPRUDENCIA DEL CONDUCTOR,0,JUAN BOSCO,0,DIEGO DE ORO,DIEGO DE ORO - JUAN BOSCO,0,0,0,0,1,1,2,BIDIRECCIONAL,1,CONCRETO,1,BUENO,1,SECO,2,NUBLADO,0,0,0,1,1,12:10:00
-8077679.49435729,-4452739.07194534,3850,-72.563029,-37.097739,1449468,2022,1,2022/05/30 00:00:00+00,8,REGION BIO BIO,8313,YUMBEL,30,COLISION,30,COLISION,1,URBANA,1,TRAMO DE VIA RECTA,27,CONDUCCION NO ATENTO CONDICIONES TRANSITO MOMENTO,1,IMPRUDENCIA DEL CONDUCTOR,0,GENERAL CRUZ,0,0,- GENERAL CRUZ,880,0,0,0,2,0,1,UNIDIRECCIONAL,1,CONCRETO,1,BUENO,1,SECO,2,NUBLADO,0,0,0,0,2,17:50:00
-8138368.45397288,-4411229.569904,3851,-73.108208,-36.799739,1472075,2022,1,2022/09/02 00:00:00+00,8,REGION BIO BIO,8112,HUALPEN,67,CHOQUE POSTERIOR/FRENTE,40,CHOQUE,1,URBANA,1,TRAMO DE VIA RECTA,93,CONDUCIR VEHICULO EN RETROCESO,1,IMPRUDENCIA DEL CONDUCTOR,0,ALBACETE,0,0,- ALBACETE,104,0,0,0,1,1,2,BIDIRECCIONAL,1,CONCRETO,1,BUENO,1,SECO,1,DESPEJADO,0,0,0,0,2,22:30:00