X,Y,FID,POINT_X,POINT_Y,Idaccident,Año,Claseaccid,Fecha,Cód_Regi,Región,Cód_Comun,Comuna,Cód_Tipo,Tipo_Accid,Cód_Tip_1,Tipo__CONA,Cód_Zona,Zona,Cód_Ubica,Ubicación,Cód_Causa,Causa,Cód_Cau_1,Causa__CON,Cód_Calle,Calle_Uno,Cód_Cal_1,Calle_Dos,Intersecci,Número,Ruta,Cód_Ruta,Ubicaci_1,Pistas_de,Pistas_d_1,Cód_Calza,Calzada,Cód__Tipo,Tipo_Calza,Cód_Estad,Estado_Cal,Cód_Condi,Condición,Cód_Est_1,Estado_Atm,Fallecidos,Graves,Menos_Grav,Leves,Ilesos,Hora_1
-8121318.54925595,-4384951.55895746,3898,-72.955046,-36.610485,1472379,2022,1,2022/09/05 00:00:00+00,8,REGION BIO BIO,8111,TOME,63,CHOQUE FRENTE/POSTERIOR,40,CHOQUE,1,URBANA,15,CRUCE CON SEÑAL CEDA EL PASO,27,CONDUCCION NO ATENTO CONDICIONES TRANSITO MOMENTO,1,IMPRUDENCIA DEL CONDUCTOR,0,VICENTE PALACIOS,0,IGNACIO PALMA,IGNACIO PALMA - VICENTE PALACIOS,0,0,0,0,1,1,2,BIDIRECCIONAL,1,CONCRETO,1,BUENO,1,SECO,1,DESPEJADO,0,0,0,0,2,14:30:00
-8129076.10400671,-4412427.86616827,3899,-73.024733,-36.808358,1449532,2022,1,2022/05/31 00:00:00+00,8,REGION BIO BIO,8101,CONCEPCION,33,COLISION POR ALCANCE,30,COLISION,1,URBANA,1,TRAMO DE VIA RECTA,28,CONDUCCION SIN MANTENER DISTANCIA RAZONABLE NI PRUDENTE,1,IMPRUDENCIA DEL CONDUCTOR,0,COMODORO PARRAGUEZ,0,0,- COMODORO PARRAGUEZ,4018,0,0,0,2,2,3,BIDIRECCIONAL CON BANDEJON,1,CONCRETO,1,BUENO,1,SECO,1,DESPEJADO,0,0,0,0,2,15:55:00
-8054237.89164579,-4504996.20129122,3900,-72.35245,-37.471236,1472388,2022,1,2022/09/03 00:00:00+00,8,REGION BIO BIO,8301,LOS ANGELES,31,COLISION FRONTAL,30,COLISION,1,URBANA,1,TRAMO DE VIA RECTA,27,CONDUCCION NO ATENTO CONDICIONES TRANSITO MOMENTO,1,IMPRUDENCIA DEL CONDUCTOR,0,CAUPOLICAN,0,VALDIVIA,CAUPOLICAN - VALDIVIA,0,0,0,0,2,0,1,UNIDIRECCIONAL,1,CONCRETO,1,BUENO,1,SECO,1,DESPEJADO,0,0,0,1,1,17:00:00
-8132715.26061218,-4413004.94280523,3901,-73.057424,-36.812508,1449533,2022,1,2022/05/31 00:00:00+00,8,REGION BIO BIO,8101,CONCEPCION,34,COLISION PERPENDICULAR,30,COLISION,1,URBANA,11,CRUCE CON SEMAFORO FUNCIONANDO,62,SEÑALIZACION DESOBEDECER LUZ ROJA DE SEMAFORO,10,DESOBEDIENCIA A SEÑALIZACION,0,EJERCITO,0,ANIBAL PINTO,ANIBAL PINTO - EJERCITO,0,0,0,0,2,0,1,UNIDIRECCIONAL,1,CONCRETO,1,BUENO,1,SECO,1,DESPEJADO,0,0,0,1,1,09:50:00
-8051406.36907797,-4504833.12093846,3902,-72.327014,-37.470074,1472402,2022,1,2022/09/03 00:00:00+00,8,REGION BIO BIO,8301,LOS ANGELES,62,CHOQUE FRENTE/LADO,40,CHOQUE,1,URBANA,1,TRAMO DE VIA RECTA,24,CONDUCCION EN ESTADO DE EBRIEDAD,4,ALCOHOL EN CONDUCTOR,0,LAS INDUSTRIAS,0,0,- LAS INDUSTRIAS,509,0,0,0,1,0,1,UNIDIRECCIONAL,6,TIERRA,1,BUENO,0,0,1,DESPEJADO,0,0,0,1,1,03:00:00
-8132071.91187904,-4412481.63208251,3903,-73.051645,-36.808744,1449534,2022,1,2022/05/31 00:00:00+00,8,REGION BIO BIO,8101,CONCEPCION,33,COLISION POR ALCANCE,30,COLISION,1,URBANA,11,CRUCE CON SEMAFORO FUNCIONANDO,28,CONDUCCION SIN MANTENER DISTANCIA RAZONABLE NI PRUDENTE,1,IMPRUDENCIA DEL CONDUCTOR,0,JUAN DE DIOS RIVERA,0,PAICAVI,JUAN DE DIOS RIVERA - PAICAVI,0,0,0,0,1,1,2,BIDIRECCIONAL,1,CONCRETO,1,BUENO,1,SECO,1,DESPEJADO,0,0,0,0,2,19:40:00
-8053835.0709364,-4504142.73299953,3904,-72.348831,-37.465151,1472407,2022,1,2022/09/03 00:00:00+00,8,REGION BIO BIO,8301,LOS ANGELES,40,IMPACTO CON ANIMAL,99,OTRO TIPO,1,URBANA,1,TRAMO DE VIA RECTA,92,ANIMALES SUELTOS VIA PUBLICA,11,DEFICIENCIAS VIALES,0,PALOMARES,0,0,- PALOMARES,110,0,0,0,1,0,1,UNIDIRECCIONAL,2,ASFALTO,1,BUENO,1,SECO,1,DESPEJADO,0,1,0,0,0,17:00:00
-8139605.19125169,-4403115.28985497,3905,-73.119317,-36.741349,1449541,2022,1,2022/05/27 00:00:00+00,8,REGION BIO BIO,8110,TALCAHUANO,63,CHOQUE FRENTE/POSTERIOR,40,CHOQUE,1,URBANA,1,TRAMO DE VIA RECTA,28,CONDUCCION SIN MANTENER DISTANCIA RAZONABLE NI PRUDENTE,1,IMPRUDENCIA DEL CONDUCTOR,0,GRAN BRETAÑA,0,0,- GRAN BRETAÑA,1725,0,0,0,1,1,2,BIDIRECCIONAL,1,CONCRETO,1,BUENO,1,SECO,1,DESPEJADO,0,0,0,0,2,08:15:00
-8056292.79378608,-4504566.91282563,3906,-72.370909,-37.468176,1472417,2022,1,2022/09/03 00:00:00+00,8,REGION BIO BIO,8301,LOS ANGELES,51,CHOQUE FRONTAL,40,CHOQUE,1,URBANA,1,TRAMO DE VIA RECTA,24,CONDUCCION EN ESTADO DE EBRIEDAD,4,ALCOHOL EN CONDUCTOR,0,PADRE HURTADO,0,COSTANERA QUILQUE SUR,COSTANERA QUILQUE SUR - PADRE HURTADO,0,0,0,0,2,2,3,BIDIRECCIONAL CON BANDEJON,2,ASFALTO,2,REGULAR,1,SECO,1,DESPEJADO,0,0,0,1,0,22:40:00
-8138478.69366461,-4399467.38337833,3907,-73.109198,-36.715085,1449550,2022,1,2022/05/28 00:00:00+00,8,REGION BIO BIO,8110,TALCAHUANO,63,CHOQUE FRENTE/POSTERIOR,40,CHOQUE,1,URBANA,11,CRUCE CON SEMAFORO FUNCIONANDO,28,CONDUCCION SIN MANTENER DISTANCIA RAZONABLE NI PRUDENTE,1,IMPRUDENCIA DEL CONDUCTOR,0,BLANCO ENCALADA,0,0,- BLANCO ENCALADA,701,0,0,0,1,1,3,BIDIRECCIONAL CON BANDEJON,1,CONCRETO,1,BUENO,1,SECO,1,DESPEJADO,0,0,0,0,2,17:00:00
-8142405.92284836,-4417006.14407314,3908,-73.144477,-36.841279,1472467,2022,1,2022/09/02 00:00:00+00,8,REGION BIO BIO,8108,SAN PEDRO DE LA PAZ,32,COLISION LATERAL,30,COLISION,1,URBANA,16,CRUCE SIN SEÑALIZACION,27,CONDUCCION NO ATENTO CONDICIONES TRANSITO MOMENTO,1,IMPRUDENCIA DEL CONDUCTOR,0,O'CARROL,0,CALLE UNO,CALLE UNO - O'CARROL,0,0,0,0,1,1,2,BIDIRECCIONAL,1,CONCRETO,1,BUENO,1,SECO,1,DESPEJADO,0,1,0,0,1,13:30:00
-8136645.53994997,-4404614.15951074,3909,-73.092731,-36.752138,1449567,2022,1,2022/05/29 00:00:00+00,8,REGION BIO BIO,8110,TALCAHUANO,33,COLISION POR ALCANCE,30,COLISION,1,URBANA,1,TRAMO DE VIA RECTA,24,CONDUCCION EN ESTADO DE EBRIEDAD,4,ALCOHOL EN CONDUCTOR,0,CRISTOBAL COLON,0,0,- CRISTOBAL COLON,2639,0,0,0,1,1,3,BIDIRECCIONAL CON BANDEJON,1,CONCRETO,1,BUENO,1,SECO,1,DESPEJADO,0,0,0,0,2,01:16:00
-8171710.37804952,-4524057.29525183,3910,-73.407723,-37.60701,1472468,2022,1,2022/09/03 00:00:00+00,8,REGION BIO BIO,8206,LOS ALAMOS,32,COLISION LATERAL,30,COLISION,1,URBANA,11,CRUCE CON SEMAFORO FUNCIONANDO,24,CONDUCCION EN ESTADO DE EBRIEDAD,4,ALCOHOL EN CONDUCTOR,0,DIEGO PORTALES,0,PILPILCO,DIEGO PORTALES - PILPILCO,0,0,0,0,2,0,1,UNIDIRECCIONAL,2,ASFALTO,1,BUENO,1,SECO,1,DESPEJADO,0,0,0,1,1,05:50:00
-8132168.5038012,-4417409.54772223,3911,-73.052513,-36.844179,1449569,2022,1,2022/05/31 00:00:00+00,8,REGION BIO BIO,8101,CONCEPCION,30,COLISION,30,COLISION,1,URBANA,11,CRUCE CON SEMAFORO FUNCIONANDO,28,CONDUCCION SIN MANTENER DISTANCIA RAZONABLE NI PRUDENTE,1,IMPRUDENCIA DEL CONDUCTOR,0,PEDRO DE VALDIVIA,0,ARTURO JUNGE,ARTURO JUNGE - PEDRO DE VALDIVIA,0,0,0,0,2,2,3,BIDIRECCIONAL CON BANDEJON,1,CONCRETO,1,BUENO,1,SECO,2,NUBLADO,0,0,0,0,2,10:40:00
-8091389.46926,-4509105.91471641,3912,-72.686188,-37.500531,1472510,2022,1,2022/09/03 00:00:00+00,8,REGION BIO BIO,8306,NACIMIENTO,50,CHOQUE,40,CHOQUE,1,URBANA,1,TRAMO DE VIA RECTA,24,CONDUCCION EN ESTADO DE EBRIEDAD,4,ALCOHOL EN CONDUCTOR,0,ESTACION,0,0,- ESTACION,100,0,0,0,2,0,1,UNIDIRECCIONAL,2,ASFALTO,1,BUENO,1,SECO,1,DESPEJADO,0,0,0,0,2,06:00:00
-8132079.62631975,-4407684.4092098,3913,-73.051714,-36.774234,1449574,2022,1,2022/05/30 00:00:00+00,8,REGION BIO BIO,8101,CONCEPCION,20,CAIDA,20,CAIDA,1,URBANA,1,TRAMO DE VIA RECTA,41,PASAJERO SUBE O DESCIENDE DE VEHICULO MOVIMIENTO,3,IMPRUDENCIA DEL PASAJERO,0,TIERRAS COLORADAS,0,SAN SEBASTIAN,SAN SEBASTIAN - TIERRAS COLORADAS,0,0,0,0,1,1,2,BIDIRECCIONAL,1,CONCRETO,1,BUENO,1,SECO,2,NUBLADO,0,0,0,1,1,09:50:00
-8137046.54615166,-4408595.69681492,3914,-73.096333,-36.780791,1472546,2022,1,2022/09/05 00:00:00+00,8,REGION BIO BIO,8112,HUALPEN,50,CHOQUE,40,CHOQUE,1,URBANA,11,CRUCE CON SEMAFORO FUNCIONANDO,27,CONDUCCION NO ATENTO CONDICIONES TRANSITO MOMENTO,1,IMPRUDENCIA DEL CONDUCTOR,0,LAS GOLONDRINAS,0,SUECIA,LAS GOLONDRINAS - SUECIA,0,0,0,0,2,2,3,BIDIRECCIONAL CON BANDEJON,1,CONCRETO,1,BUENO,1,SECO,1,DESPEJADO,0,0,0,0,2,15:55:00
-8139129.41174805,-4406823.82412006,3915,-73.115043,-36.768041,1449587,2022,1,2022/05/29 00:00:00+00,8,REGION BIO BIO,8110,TALCAHUANO,63,CHOQUE FRENTE/POSTERIOR,40,CHOQUE,1,URBANA,1,TRAMO DE VIA RECTA,28,CONDUCCION SIN MANTENER DISTANCIA RAZONABLE NI PRUDENTE,1,IMPRUDENCIA DEL CONDUCTOR,0,GRAN BRETAÑA,0,0,- GRAN BRETAÑA,4815,0,0,0,1,1,3,BIDIRECCIONAL CON BANDEJON,1,CONCRETO,1,BUENO,3,MOJADO,1,DESPEJADO,0,0,0,0,2,01:40:00
-8125053.61873469,-4401910.77592258,3916,-72.988598,-36.732678,1472555,2022,1,2022/08/28 00:00:00+00,8,REGION BIO BIO,8107,PENCO,32,COLISION LATERAL,30,COLISION,1,URBANA,1,TRAMO DE VIA RECTA,27,CONDUCCION NO ATENTO CONDICIONES TRANSITO MOMENTO,1,IMPRUDENCIA DEL CONDUCTOR,0,TOLTEN,0,0,- TOLTEN,127,0,0,0,2,0,1,UNIDIRECCIONAL,2,ASFALTO,1,BUENO,1,SECO,1,DESPEJADO,0,0,0,0,2,09:10:00
-8138430.4700612,-4410042.70968839,3917,-73.108765,-36.791201,1449596,2022,1,2022/05/04 00:00:00+00,8,REGION BIO BIO,8110,TALCAHUANO,70,VOLCADURA,70,VOLCADURA,1,URBANA,1,TRAMO DE VIA RECTA,24,CONDUCCION EN ESTADO DE EBRIEDAD,4,ALCOHOL EN CONDUCTOR,0,GRAN BRETAÑA,0,0,- GRAN BRETAÑA,3795,0,0,0,1,1,3,BIDIRECCIONAL CON BANDEJON,1,CONCRETO,1,BUENO,1,SECO,1,DESPEJADO,0,0,0,0,1,23:45:00
-8077306.68538262,-4453190.95675148,3918,-72.55968,-37.100976,1472562,2022,1,2022/09/03 00:00:00+00,8,REGION BIO BIO,8313,YUMBEL,51,CHOQUE FRONTAL,40,CHOQUE,1,URBANA,1,TRAMO DE VIA RECTA,24,CONDUCCION EN ESTADO DE EBRIEDAD,4,ALCOHOL EN CONDUCTOR,0,ANIBAL PINTO,0,0,- ANIBAL PINTO,450,0,0,0,1,1,2,BIDIRECCIONAL,2,ASFALTO,1,BUENO,1,SECO,1,DESPEJADO,1,1,0,0,0,05:00:00
-8139623.48104403,-4399779.21705136,3919,-73.119482,-36.717331,1449614,2022,1,2022/05/18 00:00:00+00,8,REGION BIO BIO,8110,TALCAHUANO,33,COLISION POR ALCANCE,30,COLISION,1,URBANA,1,TRAMO DE VIA RECTA,24,CONDUCCION EN ESTADO DE EBRIEDAD,4,ALCOHOL EN CONDUCTOR,0,LATORRE,0,0,- LATORRE,688,0,0,0,1,1,2,BIDIRECCIONAL,1,CONCRETO,1,BUENO,1,SECO,1,DESPEJADO,0,0,0,0,2,18:10:00
-8056188.60987465,-4505567.24797419,3920,-72.369974,-37.475308,1472572,2022,1,2022/09/04 00:00:00+00,8,REGION BIO BIO,8301,LOS ANGELES,31,COLISION FRONTAL,30,COLISION,1,URBANA,15,CRUCE CON SEÑAL CEDA EL PASO,64,SEÑALIZACION DESOBEDECER SEÑAL CEDA EL PASO,10,DESOBEDIENCIA A SEÑALIZACION,0,PADRE HURTADO,0,BAQUEDANO,BAQUEDANO - PADRE HURTADO,0,0,0,0,2,0,1,UNIDIRECCIONAL,1,CONCRETO,1,BUENO,1,SECO,1,DESPEJADO,0,1,0,0,1,12:25:00
-8076729.58287845,-4452751.89813415,3921,-72.554496,-37.097831,1449708,2022,1,2022/06/01 00:00:00+00,8,REGION BIO BIO,8313,YUMBEL,70,VOLCADURA,70,VOLCADURA,1,URBANA,1,TRAMO DE VIA RECTA,27,CONDUCCION NO ATENTO CONDICIONES TRANSITO MOMENTO,1,IMPRUDENCIA DEL CONDUCTOR,0,VALDIVIA,0,0,- VALDIVIA,100,0,0,0,2,0,1,UNIDIRECCIONAL,2,ASFALTO,1,BUENO,7,ESCARCHA,5,NEBLINA,0,0,0,0,0,08:05:00
-8056986.31421373,-4504394.93307488,3922,-72.377139,-37.466949,1472575,2022,1,2022/09/04 00:00:00+00,8,REGION BIO BIO,8301,LOS ANGELES,62,CHOQUE FRENTE/LADO,40,CHOQUE,1,URBANA,15,CRUCE CON SEÑAL CEDA EL PASO,27,CONDUCCION NO ATENTO CONDICIONES TRANSITO MOMENTO,1,IMPRUDENCIA DEL CONDUCTOR,0,GALVARINO,0,TALAR,GALVARINO - TALAR,0,0,0,0,1,1,2,BIDIRECCIONAL,1,CONCRETO,1,BUENO,5,CON NIEVE,1,DESPEJADO,0,0,0,1,1,09:20:00
-8059458.87595153,-4444173.27001988,3923,-72.399351,-37.03634,1449711,2022,1,2022/06/01 00:00:00+00,8,REGION BIO BIO,8303,CABRERO,63,CHOQUE FRENTE/POSTERIOR,40,CHOQUE,1,URBANA,11,CRUCE CON SEMAFORO FUNCIONANDO,24,CONDUCCION EN ESTADO DE EBRIEDAD,4,ALCOHOL EN CONDUCTOR,0,TUCAPEL,0,VIAL,TUCAPEL - VIAL,0,0,0,0,1,1,2,BIDIRECCIONAL,2,ASFALTO,1,BUENO,1,SECO,2,NUBLADO,0,0,0,0,2,18:50:00
-8054740.14292435,-4503533.77238316,3924,-72.356962,-37.460809,1472578,2022,1,2022/09/04 00:00:00+00,8,REGION BIO BIO,8301,LOS ANGELES,66,CHOQUE LADO/POSTERIOR,40,CHOQUE,1,URBANA,14,CRUCE CON SEÑAL PARE,27,CONDUCCION NO ATENTO CONDICIONES TRANSITO MOMENTO,1,IMPRUDENCIA DEL CONDUCTOR,0,OROMPELLO,0,LOS GARRETONES,LOS GARRETONES - OROMPELLO,0,0,0,0,3,0,1,UNIDIRECCIONAL,2,ASFALTO,1,BUENO,1,SECO,1,DESPEJADO,0,0,0,0,2,12:40:00
-8095786.32197956,-4475875.3884376,3925,-72.725686,-37.26333,1449738,2022,1,2022/06/04 00:00:00+00,8,REGION BIO BIO,8310,SAN ROSENDO,63,CHOQUE FRENTE/POSTERIOR,40,CHOQUE,1,URBANA,1,TRAMO DE VIA RECTA,24,CONDUCCION EN ESTADO DE EBRIEDAD,4,ALCOHOL EN CONDUCTOR,0,LIBERTAD,0,0,- LIBERTAD,201,0,0,0,1,1,2,BIDIRECCIONAL,2,ASFALTO,1,BUENO,3,MOJADO,3,LLUVIA,0,1,0,0,4,04:45:00
-8126125.24694476,-4402567.21101955,3926,-72.998225,-36.737404,1472580,2022,1,2022/08/29 00:00:00+00,8,REGION BIO BIO,8107,PENCO,31,COLISION FRONTAL,30,COLISION,1,URBANA,1,TRAMO DE VIA RECTA,65,SEÑALIZACION DESOBEDECER SEÑAL PARE,10,DESOBEDIENCIA A SEÑALIZACION,0,MEMBRILLAR,0,0,- MEMBRILLAR,1,0,0,0,2,0,1,UNIDIRECCIONAL,2,ASFALTO,1,BUENO,1,SECO,1,DESPEJADO,0,0,0,0,2,11:38:00
-8132009.23900572,-4415352.47558634,3927,-73.051082,-36.829389,1449772,2022,1,2022/06/01 00:00:00+00,8,REGION BIO BIO,8101,CONCEPCION,32,COLISION LATERAL,30,COLISION,1,URBANA,1,TRAMO DE VIA RECTA,27,CONDUCCION NO ATENTO CONDICIONES TRANSITO MOMENTO,1,IMPRUDENCIA DEL CONDUCTOR,0,SAN MARTIN,0,RENGO,RENGO - SAN MARTIN,0,0,0,0,2,0,1,UNIDIRECCIONAL,1,CONCRETO,1,BUENO,1,SECO,2,NUBLADO,0,0,0,0,2,16:30:00
-8054058.81198095,-4504709.65170931,3928,-72.350841,-37.469193,1472589,2022,1,2022/09/05 00:00:00+00,8,REGION BIO BIO,8301,LOS ANGELES,10,ATROPELLO,10,ATROPELLO,1,URBANA,11,CRUCE CON SEMAFORO FUNCIONANDO,27,CONDUCCION NO ATENTO CONDICIONES TRANSITO MOMENTO,1,IMPRUDENCIA DEL CONDUCTOR,0,COLO COLO,0,COLON,COLO COLO - COLON,0,0,0,0,1,1,2,BIDIRECCIONAL,2,ASFALTO,1,BUENO,1,SECO,1,DESPEJADO,0,0,0,1,1,09:25:00
-8133085.62055805,-4415011.17549971,3929,-73.060751,-36.826935,1449773,2022,1,2022/06/01 00:00:00+00,8,REGION BIO BIO,8101,CONCEPCION,32,COLISION LATERAL,30,COLISION,1,URBANA,11,CRUCE CON SEMAFORO FUNCIONANDO,28,CONDUCCION SIN MANTENER DISTANCIA RAZONABLE NI PRUDENTE,1,IMPRUDENCIA DEL CONDUCTOR,0,ARTURO PRAT,0,LOS CARRERA,ARTURO PRAT - LOS CARRERA,0,0,0,0,4,0,1,UNIDIRECCIONAL,1,CONCRETO,1,BUENO,1,SECO,1,DESPEJADO,0,0,0,2,0,12:20:00
-8170620.48231101,-4551486.82882046,3930,-73.397933,-37.801958,1472595,2022,1,2022/08/23 00:00:00+00,8,REGION BIO BIO,8203,CAÑETE,30,COLISION,30,COLISION,1,URBANA,1,TRAMO DE VIA RECTA,27,CONDUCCION NO ATENTO CONDICIONES TRANSITO MOMENTO,1,IMPRUDENCIA DEL CONDUCTOR,0,SEGUNDO DE LINEA,0,ESMERALDA,ESMERALDA - SEGUNDO DE LINEA,0,0,0,0,1,1,2,BIDIRECCIONAL,2,ASFALTO,1,BUENO,2,HUMEDO,2,NUBLADO,0,0,0,0,2,09:50:00
-8133000.57246708,-4408913.23219679,3931,-73.059987,-36.783075,1449775,2022,1,2022/06/01 00:00:00+00,8,REGION BIO BIO,8112,HUALPEN,30,COLISION,30,COLISION,1,URBANA,22,ENLACE A DESNIVEL,27,CONDUCCION NO ATENTO CONDICIONES TRANSITO MOMENTO,1,IMPRUDENCIA DEL CONDUCTOR,0,JORGE ALESSANDRI RODRIGUEZ,0,COSTANERA,COSTANERA - JORGE ALESSANDRI RODRIGUEZ,0,0,0,0,2,2,3,BIDIRECCIONAL CON BANDEJON,1,CONCRETO,1,BUENO,1,SECO,3,LLUVIA,0,0,0,0,2,16:00:00
-8125112.42882168,-4401527.59863309,3932,-72.989127,-36.729919,1472597,2022,1,2022/08/31 00:00:00+00,8,REGION BIO BIO,8107,PENCO,32,COLISION LATERAL,30,COLISION,1,URBANA,1,TRAMO DE VIA RECTA,26,CONDUCCION POR IZQUIERDA EJE CALZADA,1,IMPRUDENCIA DEL CONDUCTOR,0,EUGENIO MATTE,0,0,- EUGENIO MATTE,75,0,0,0,2,0,1,UNIDIRECCIONAL,2,ASFALTO,1,BUENO,1,SECO,1,DESPEJADO,0,0,0,1,1,11:27:00
-8132500.29154351,-4416082.07757005,3933,-73.055493,-36.834635,1449776,2022,1,2022/06/02 00:00:00+00,8,REGION BIO BIO,8101,CONCEPCION,33,COLISION POR ALCANCE,30,COLISION,1,URBANA,1,TRAMO DE VIA RECTA,27,CONDUCCION NO ATENTO CONDICIONES TRANSITO MOMENTO,1,IMPRUDENCIA DEL CONDUCTOR,0,SERRANO,0,VICTOR LAMAS,SERRANO - VICTOR LAMAS,0,0,0,0,2,0,1,UNIDIRECCIONAL,1,CONCRETO,1,BUENO,1,SECO,1,DESPEJADO,0,0,0,1,2,14:10:00
-8055787.12499916,-4504569.9002659,3934,-72.366367,-37.468197,1472606,2022,1,2022/09/05 00:00:00+00,8,REGION BIO BIO,8301,LOS ANGELES,32,COLISION LATERAL,30,COLISION,1,URBANA,1,TRAMO DE VIA RECTA,27,CONDUCCION NO ATENTO CONDICIONES TRANSITO MOMENTO,1,IMPRUDENCIA DEL CONDUCTOR,0,LAS AZALEAS,0,0,- LAS AZALEAS,480,0,0,0,2,0,1,UNIDIRECCIONAL,1,CONCRETO,1,BUENO,1,SECO,1,DESPEJADO,0,0,0,1,1,20:27:00
-8164521.06477147,-4505585.6933343,3935,-73.343141,-37.475439,1449781,2022,1,2022/05/30 00:00:00+00,8,REGION BIO BIO,8205,CURANILAHUE,33,COLISION POR ALCANCE,30,COLISION,1,URBANA,1,TRAMO DE VIA RECTA,27,CONDUCCION NO ATENTO CONDICIONES TRANSITO MOMENTO,1,IMPRUDENCIA DEL CONDUCTOR,0,CAUPOLICAN,0,0,- CAUPOLICAN,3,0,0,0,1,1,2,BIDIRECCIONAL,2,ASFALTO,1,BUENO,1,SECO,1,DESPEJADO,0,0,0,0,2,07:40:00
-8132786.22678756,-4414873.98265289,3936,-73.058062,-36.825949,1472609,2022,1,2022/08/31 00:00:00+00,8,REGION BIO BIO,8101,CONCEPCION,32,COLISION LATERAL,30,COLISION,1,URBANA,1,TRAMO DE VIA RECTA,29,CONDUCCION CAMBIAR SORPRESIVAMENTE PISTA CIRCULACION,1,IMPRUDENCIA DEL CONDUCTOR,0,LOS CARRERA,0,0,- LOS CARRERA,200,0,0,0,2,0,1,UNIDIRECCIONAL,2,ASFALTO,1,BUENO,1,SECO,1,DESPEJADO,0,0,0,0,1,13:20:00
-8054060.14781484,-4504900.38934803,3937,-72.350853,-37.470553,1449783,2022,1,2022/06/03 00:00:00+00,8,REGION BIO BIO,8301,LOS ANGELES,62,CHOQUE FRENTE/LADO,40,CHOQUE,1,URBANA,1,TRAMO DE VIA RECTA,27,CONDUCCION NO ATENTO CONDICIONES TRANSITO MOMENTO,1,IMPRUDENCIA DEL CONDUCTOR,0,COLON,0,0,- COLON,261,0,0,0,2,0,1,UNIDIRECCIONAL,2,ASFALTO,1,BUENO,3,MOJADO,3,LLUVIA,0,0,0,0,2,02:15:00
-8120278.52464932,-4463523.30987728,3938,-72.945703,-37.174969,1472610,2022,1,2022/08/14 00:00:00+00,8,REGION BIO BIO,8109,SANTA JUANA,33,COLISION POR ALCANCE,30,COLISION,1,URBANA,1,TRAMO DE VIA RECTA,24,CONDUCCION EN ESTADO DE EBRIEDAD,4,ALCOHOL EN CONDUCTOR,0,PEDRO DE VALDIVIA,0,BENAVIDES,BENAVIDES - PEDRO DE VALDIVIA,0,0,0,0,1,1,2,BIDIRECCIONAL,2,ASFALTO,1,BUENO,1,SECO,2,NUBLADO,0,0,0,0,2,10:35:00
-8134052.2522244,-4412491.28133403,3939,-73.069435,-36.808814,1449787,2022,1,2022/06/01 00:00:00+00,8,REGION BIO BIO,8103,CHIGUAYANTE,32,COLISION LATERAL,30,COLISION,1,URBANA,1,TRAMO DE VIA RECTA,27,CONDUCCION NO ATENTO CONDICIONES TRANSITO MOMENTO,1,IMPRUDENCIA DEL CONDUCTOR,0,LAGUNA REDONDA,0,PASAJE DOCE,LAGUNA REDONDA - PASAJE DOCE,0,0,0,0,2,0,1,UNIDIRECCIONAL,1,CONCRETO,2,REGULAR,3,MOJADO,3,LLUVIA,0,0,0,1,1,08:00:00
-8052280.97292128,-4503105.90407219,3940,-72.334871,-37.457758,1472619,2022,1,2022/09/05 00:00:00+00,8,REGION BIO BIO,8301,LOS ANGELES,10,ATROPELLO,10,ATROPELLO,1,URBANA,1,TRAMO DE VIA RECTA,27,CONDUCCION NO ATENTO CONDICIONES TRANSITO MOMENTO,1,IMPRUDENCIA DEL CONDUCTOR,0,ORIENTE,0,0,- ORIENTE,1130,0,0,0,2,0,1,UNIDIRECCIONAL,1,CONCRETO,2,REGULAR,1,SECO,1,DESPEJADO,0,1,0,0,1,15:30:00
-8121543.4257593,-4386133.34316312,3941,-72.957066,-36.619006,1449792,2022,1,2022/06/03 00:00:00+00,8,REGION BIO BIO,8111,TOME,32,COLISION LATERAL,30,COLISION,1,URBANA,1,TRAMO DE VIA RECTA,11,ADELANTAMIENTO SIN EL ESPACIO O TIEMPO SUFICIENTE,1,IMPRUDENCIA DEL CONDUCTOR,0,MANUEL MONTT,0,0,- MANUEL MONTT,1056,0,0,0,2,0,1,UNIDIRECCIONAL,1,CONCRETO,1,BUENO,1,SECO,1,DESPEJADO,0,0,0,0,2,11:30:00
-8170139.89380536,-4552391.92524004,3942,-73.393615,-37.808382,1472661,2022,1,2022/08/26 00:00:00+00,8,REGION BIO BIO,8203,CAÑETE,50,CHOQUE,40,CHOQUE,1,URBANA,1,TRAMO DE VIA RECTA,27,CONDUCCION NO ATENTO CONDICIONES TRANSITO MOMENTO,1,IMPRUDENCIA DEL CONDUCTOR,0,IGNACIO CARRERA PINTO,0,0,- IGNACIO CARRERA PINTO,916,0,0,0,1,1,2,BIDIRECCIONAL,1,CONCRETO,1,BUENO,1,SECO,1,DESPEJADO,0,0,0,0,1,21:00:00