X,Y,FID,POINT_X,POINT_Y,Idaccident,Año,Claseaccid,Fecha,Cód_Regi,Región,Cód_Comun,Comuna,Cód_Tipo,Tipo_Accid,Cód_Tip_1,Tipo__CONA,Cód_Zona,Zona,Cód_Ubica,Ubicación,Cód_Causa,Causa,Cód_Cau_1,Causa__CON,Cód_Calle,Calle_Uno,Cód_Cal_1,Calle_Dos,Intersecci,Número,Ruta,Cód_Ruta,Ubicaci_1,Pistas_de,Pistas_d_1,Cód_Calza,Calzada,Cód__Tipo,Tipo_Calza,Cód_Estad,Estado_Cal,Cód_Condi,Condición,Cód_Est_1,Estado_Atm,Fallecidos,Graves,Menos_Grav,Leves,Ilesos,Hora_1
-8053914.24135825,-4505854.24181598,4218,-72.349543,-37.477354,1488750,2022,1,2022/11/11 00:00:00+00,8,REGION BIO BIO,8301,LOS ANGELES,10,ATROPELLO,10,ATROPELLO,1,URBANA,4,ACERA O BERMA,27,CONDUCCION NO ATENTO CONDICIONES TRANSITO MOMENTO,1,IMPRUDENCIA DEL CONDUCTOR,0,FREIRE,0,0,- FREIRE,424,0,0,0,2,0,1,UNIDIRECCIONAL,1,CONCRETO,1,BUENO,1,SECO,2,NUBLADO,0,0,0,1,1,09:15:00
-8052620.76453498,-4502503.14563359,4219,-72.337923,-37.45346,1488760,2022,1,2022/11/12 00:00:00+00,8,REGION BIO BIO,8301,LOS ANGELES,51,CHOQUE FRONTAL,40,CHOQUE,1,URBANA,14,CRUCE CON SEÑAL PARE,24,CONDUCCION EN ESTADO DE EBRIEDAD,4,ALCOHOL EN CONDUCTOR,0,ORIENTE,0,SEVILLA,ORIENTE - SEVILLA,0,0,0,0,2,2,3,BIDIRECCIONAL CON BANDEJON,1,CONCRETO,1,BUENO,3,MOJADO,3,LLUVIA,0,0,0,1,1,00:58:00
-8055570.66424931,-4505676.64416247,4220,-72.364423,-37.476087,1488783,2022,1,2022/11/12 00:00:00+00,8,REGION BIO BIO,8301,LOS ANGELES,61,CHOQUE FRENTE/FRENTE,40,CHOQUE,1,URBANA,1,TRAMO DE VIA RECTA,24,CONDUCCION EN ESTADO DE EBRIEDAD,4,ALCOHOL EN CONDUCTOR,0,DANIEL DE LA VEGA,0,0,- DANIEL DE LA VEGA,360,0,0,0,2,0,1,UNIDIRECCIONAL,1,CONCRETO,1,BUENO,3,MOJADO,2,NUBLADO,0,0,0,0,2,00:45:00
-8178095.27442321,-4526975.37878317,4221,-73.46508,-37.627774,1488791,2022,1,2022/11/10 00:00:00+00,8,REGION BIO BIO,8206,LOS ALAMOS,10,ATROPELLO,10,ATROPELLO,1,URBANA,14,CRUCE CON SEÑAL PARE,27,CONDUCCION NO ATENTO CONDICIONES TRANSITO MOMENTO,1,IMPRUDENCIA DEL CONDUCTOR,0,IGNACIO CARRERA PINTO,0,18 DE SEPTIEMBRE,18 DE SEPTIEMBRE - IGNACIO CARRERA PINTO,0,0,0,0,2,0,1,UNIDIRECCIONAL,1,CONCRETO,1,BUENO,2,HUMEDO,2,NUBLADO,0,0,0,1,1,09:15:00
-8198389.59683126,-4524093.99829646,4222,-73.647387,-37.607271,1488800,2022,1,2022/11/13 00:00:00+00,8,REGION BIO BIO,8201,LEBU,70,VOLCADURA,70,VOLCADURA,1,URBANA,1,TRAMO DE VIA RECTA,95,PERDIDA CONTROL VEHICULO,9,PERDIDA CONTROL VEHICULO,0,CARLOS CONDELL,0,PELANTARO,CARLOS CONDELL - PELANTARO,0,0,0,0,2,0,1,UNIDIRECCIONAL,1,CONCRETO,2,REGULAR,3,MOJADO,3,LLUVIA,0,0,0,1,0,10:45:00
-8161024.66428099,-4473468.81260554,4223,-73.311732,-37.246122,1488873,2022,1,2022/11/04 00:00:00+00,8,REGION BIO BIO,8202,ARAUCO,33,COLISION POR ALCANCE,30,COLISION,1,URBANA,1,TRAMO DE VIA RECTA,27,CONDUCCION NO ATENTO CONDICIONES TRANSITO MOMENTO,1,IMPRUDENCIA DEL CONDUCTOR,0,ESMERALDA,0,MANUEL MONTT,ESMERALDA - MANUEL MONTT,0,0,0,0,2,0,1,UNIDIRECCIONAL,1,CONCRETO,1,BUENO,1,SECO,1,DESPEJADO,0,0,0,0,2,17:00:00
-8130105.82042849,-4423862.51130358,4224,-73.033983,-36.890555,1488890,2022,1,2022/10/31 00:00:00+00,8,REGION BIO BIO,8103,CHIGUAYANTE,67,CHOQUE POSTERIOR/FRENTE,40,CHOQUE,1,URBANA,1,TRAMO DE VIA RECTA,97,CAUSAS NO DETERMINADAS,13,CAUSAS NO DETERMINADAS,0,CALLE DOS,0,0,- CALLE DOS,6161,0,0,0,1,1,2,BIDIRECCIONAL,1,CONCRETO,1,BUENO,1,SECO,1,DESPEJADO,0,0,0,0,3,07:33:00
-8140629.23037945,-4417019.52523916,4225,-73.128517,-36.841375,1488891,2022,1,2022/11/12 00:00:00+00,8,REGION BIO BIO,8108,SAN PEDRO DE LA PAZ,30,COLISION,30,COLISION,1,URBANA,11,CRUCE CON SEMAFORO FUNCIONANDO,62,SEÑALIZACION DESOBEDECER LUZ ROJA DE SEMAFORO,10,DESOBEDIENCIA A SEÑALIZACION,0,PEDRO AGUIRRE CERDA,0,MICHAIHUE,MICHAIHUE - PEDRO AGUIRRE CERDA,0,0,0,0,2,2,3,BIDIRECCIONAL CON BANDEJON,1,CONCRETO,1,BUENO,3,MOJADO,3,LLUVIA,0,0,0,0,2,00:20:00
-8128163.61814067,-4431507.47799994,4226,-73.016536,-36.945461,1488896,2022,1,2022/11/05 00:00:00+00,8,REGION BIO BIO,8103,CHIGUAYANTE,33,COLISION POR ALCANCE,30,COLISION,1,URBANA,11,CRUCE CON SEMAFORO FUNCIONANDO,98,OTRAS CAUSAS,14,OTRAS CAUSAS,0,MANUEL RODRIGUEZ,0,ESPERANZA,ESPERANZA - MANUEL RODRIGUEZ,0,0,0,0,2,2,3,BIDIRECCIONAL CON BANDEJON,1,CONCRETO,1,BUENO,1,SECO,1,DESPEJADO,0,0,0,0,2,14:10:00
-8128163.61814067,-4431507.47799994,4227,-73.016536,-36.945461,1488910,2022,1,2022/11/08 00:00:00+00,8,REGION BIO BIO,8103,CHIGUAYANTE,34,COLISION PERPENDICULAR,30,COLISION,1,URBANA,11,CRUCE CON SEMAFORO FUNCIONANDO,97,CAUSAS NO DETERMINADAS,13,CAUSAS NO DETERMINADAS,0,ESPERANZA,0,MANUEL RODRIGUEZ,ESPERANZA - MANUEL RODRIGUEZ,0,0,0,0,2,2,3,BIDIRECCIONAL CON BANDEJON,1,CONCRETO,1,BUENO,1,SECO,2,NUBLADO,0,0,0,1,1,17:10:00
-8160990.0995791,-4473282.60189756,4228,-73.311421,-37.244791,1488934,2022,1,2022/11/07 00:00:00+00,8,REGION BIO BIO,8202,ARAUCO,30,COLISION,30,COLISION,1,URBANA,26,OTROS NO CONSIDERADOS,93,CONDUCIR VEHICULO EN RETROCESO,1,IMPRUDENCIA DEL CONDUCTOR,0,CARLOS CONDELL,0,KORNER,CARLOS CONDELL - KORNER,0,0,0,0,1,1,2,BIDIRECCIONAL,2,ASFALTO,1,BUENO,1,SECO,1,DESPEJADO,0,0,0,0,2,10:17:00
-8127859.60461132,-4432676.34353396,4229,-73.013805,-36.953852,1488943,2022,1,2022/11/09 00:00:00+00,8,REGION BIO BIO,8103,CHIGUAYANTE,33,COLISION POR ALCANCE,30,COLISION,1,URBANA,1,TRAMO DE VIA RECTA,27,CONDUCCION NO ATENTO CONDICIONES TRANSITO MOMENTO,1,IMPRUDENCIA DEL CONDUCTOR,0,MANUEL RODRIGUEZ,0,0,- MANUEL RODRIGUEZ,3588,0,0,0,3,3,3,BIDIRECCIONAL CON BANDEJON,1,CONCRETO,1,BUENO,1,SECO,2,NUBLADO,0,0,0,1,2,07:30:00
-8052426.79032227,-4501832.13504485,4230,-72.336181,-37.448675,1488955,2022,1,2022/11/13 00:00:00+00,8,REGION BIO BIO,8301,LOS ANGELES,63,CHOQUE FRENTE/POSTERIOR,40,CHOQUE,1,URBANA,1,TRAMO DE VIA RECTA,24,CONDUCCION EN ESTADO DE EBRIEDAD,4,ALCOHOL EN CONDUCTOR,0,SOR VICENTA,0,DOCTOR MANUEL RIOSECO,DOCTOR MANUEL RIOSECO - SOR VICENTA,0,0,0,0,2,2,3,BIDIRECCIONAL CON BANDEJON,1,CONCRETO,1,BUENO,1,SECO,2,NUBLADO,0,0,1,0,1,03:30:00
-8134748.35526423,-4408222.77230979,4231,-73.075688,-36.778107,1488961,2022,1,2022/11/12 00:00:00+00,8,REGION BIO BIO,8110,TALCAHUANO,30,COLISION,30,COLISION,1,URBANA,11,CRUCE CON SEMAFORO FUNCIONANDO,62,SEÑALIZACION DESOBEDECER LUZ ROJA DE SEMAFORO,10,DESOBEDIENCIA A SEÑALIZACION,0,VASCO NUÑEZ DE BALBOA,0,CALLE A,CALLE A - VASCO NUÑEZ DE BALBOA,0,0,0,0,2,2,2,BIDIRECCIONAL,1,CONCRETO,1,BUENO,1,SECO,1,DESPEJADO,0,0,0,0,2,14:15:00
-8009423.8817857,-4480333.31512862,4232,-71.949879,-37.295194,1488963,2022,1,2022/11/13 00:00:00+00,8,REGION BIO BIO,8312,TUCAPEL,32,COLISION LATERAL,30,COLISION,1,URBANA,1,TRAMO DE VIA RECTA,32,NO RESPETAR DERECHO PREFERENTE DE PASO A VEHICULO,1,IMPRUDENCIA DEL CONDUCTOR,0,ECUADOR,0,INDEPENDENCIA,ECUADOR - INDEPENDENCIA,0,0,0,0,1,1,2,BIDIRECCIONAL,2,ASFALTO,2,REGULAR,1,SECO,1,DESPEJADO,0,0,0,1,1,12:20:00
-8137753.12435557,-4409459.21893139,4233,-73.10268,-36.787003,1488974,2022,1,2022/11/13 00:00:00+00,8,REGION BIO BIO,8112,HUALPEN,10,ATROPELLO,10,ATROPELLO,1,URBANA,11,CRUCE CON SEMAFORO FUNCIONANDO,24,CONDUCCION EN ESTADO DE EBRIEDAD,4,ALCOHOL EN CONDUCTOR,0,GRECIA,0,0,- GRECIA,1279,0,0,0,1,1,2,BIDIRECCIONAL,1,CONCRETO,1,BUENO,1,SECO,1,DESPEJADO,0,0,0,1,1,09:10:00
-8054521.37786104,-4503966.34241323,4234,-72.354997,-37.463894,1488976,2022,1,2022/11/13 00:00:00+00,8,REGION BIO BIO,8301,LOS ANGELES,61,CHOQUE FRENTE/FRENTE,40,CHOQUE,1,URBANA,26,OTROS NO CONSIDERADOS,27,CONDUCCION NO ATENTO CONDICIONES TRANSITO MOMENTO,1,IMPRUDENCIA DEL CONDUCTOR,0,ERCILLA,0,GALVARINO,ERCILLA - GALVARINO,0,0,0,0,1,1,2,BIDIRECCIONAL,1,CONCRETO,1,BUENO,1,SECO,1,DESPEJADO,0,0,0,0,2,17:30:00
-8138826.4891497,-4408399.78195584,4235,-73.112322,-36.779381,1488984,2022,1,2022/11/13 00:00:00+00,8,REGION BIO BIO,8112,HUALPEN,30,COLISION,30,COLISION,1,URBANA,16,CRUCE SIN SEÑALIZACION,32,NO RESPETAR DERECHO PREFERENTE DE PASO A VEHICULO,1,IMPRUDENCIA DEL CONDUCTOR,0,GRAN BRETAÑA,0,DINAMARCA,DINAMARCA - GRAN BRETAÑA,0,0,0,0,1,1,2,BIDIRECCIONAL,1,CONCRETO,1,BUENO,1,SECO,1,DESPEJADO,0,0,0,0,2,16:20:00
-8054210.64063444,-4503970.4376369,4236,-72.352205,-37.463923,1488986,2022,1,2022/11/13 00:00:00+00,8,REGION BIO BIO,8301,LOS ANGELES,32,COLISION LATERAL,30,COLISION,1,URBANA,11,CRUCE CON SEMAFORO FUNCIONANDO,27,CONDUCCION NO ATENTO CONDICIONES TRANSITO MOMENTO,1,IMPRUDENCIA DEL CONDUCTOR,0,VALDIVIA,0,CAUPOLICAN,CAUPOLICAN - VALDIVIA,0,0,0,0,2,0,1,UNIDIRECCIONAL,1,CONCRETO,1,BUENO,2,HUMEDO,1,DESPEJADO,0,0,0,0,2,01:40:00
-8053265.63834515,-4502778.29019325,4237,-72.343716,-37.455422,1488991,2022,1,2022/11/13 00:00:00+00,8,REGION BIO BIO,8301,LOS ANGELES,30,COLISION,30,COLISION,1,URBANA,1,TRAMO DE VIA RECTA,27,CONDUCCION NO ATENTO CONDICIONES TRANSITO MOMENTO,1,IMPRUDENCIA DEL CONDUCTOR,0,SOR VICENTA,0,MARCONI,MARCONI - SOR VICENTA,0,0,0,0,2,2,3,BIDIRECCIONAL CON BANDEJON,2,ASFALTO,1,BUENO,1,SECO,1,DESPEJADO,0,0,0,0,2,21:20:00
-8053664.0508027,-4504729.63839377,4238,-72.347295,-37.469336,1489006,2022,1,2022/11/14 00:00:00+00,8,REGION BIO BIO,8301,LOS ANGELES,32,COLISION LATERAL,30,COLISION,1,URBANA,1,TRAMO DE VIA RECTA,27,CONDUCCION NO ATENTO CONDICIONES TRANSITO MOMENTO,1,IMPRUDENCIA DEL CONDUCTOR,0,JOSE MANSO DE VELASCO,0,COLO COLO,COLO COLO - JOSE MANSO DE VELASCO,0,0,0,0,2,0,1,UNIDIRECCIONAL,1,CONCRETO,1,BUENO,1,SECO,2,NUBLADO,0,0,0,0,2,10:50:00
-8160184.8366466,-4474161.7897864,4239,-73.304188,-37.251078,1489007,2022,1,2022/11/11 00:00:00+00,8,REGION BIO BIO,8202,ARAUCO,53,CHOQUE POSTERIOR,40,CHOQUE,1,URBANA,1,TRAMO DE VIA RECTA,27,CONDUCCION NO ATENTO CONDICIONES TRANSITO MOMENTO,1,IMPRUDENCIA DEL CONDUCTOR,0,VOLCAN OSORNO,0,0,- VOLCAN OSORNO,186,0,0,0,1,1,2,BIDIRECCIONAL,1,CONCRETO,1,BUENO,1,SECO,1,DESPEJADO,0,0,0,0,2,00:10:00
-8053589.45561191,-4505317.02549305,4240,-72.346625,-37.473524,1489008,2022,1,2022/11/14 00:00:00+00,8,REGION BIO BIO,8301,LOS ANGELES,30,COLISION,30,COLISION,1,URBANA,26,OTROS NO CONSIDERADOS,27,CONDUCCION NO ATENTO CONDICIONES TRANSITO MOMENTO,1,IMPRUDENCIA DEL CONDUCTOR,0,RICARDO VICUÑA,0,HOSPITAL,HOSPITAL - RICARDO VICUÑA,0,0,0,0,2,0,1,UNIDIRECCIONAL,1,CONCRETO,1,BUENO,1,SECO,2,NUBLADO,0,0,0,0,2,08:30:00
-8053064.8068518,-4503100.46292257,4241,-72.341912,-37.457719,1489019,2022,1,2022/11/14 00:00:00+00,8,REGION BIO BIO,8301,LOS ANGELES,33,COLISION POR ALCANCE,30,COLISION,1,URBANA,1,TRAMO DE VIA RECTA,27,CONDUCCION NO ATENTO CONDICIONES TRANSITO MOMENTO,1,IMPRUDENCIA DEL CONDUCTOR,0,MARCONI,0,0,- MARCONI,350,0,0,0,1,1,2,BIDIRECCIONAL,2,ASFALTO,1,BUENO,1,SECO,2,NUBLADO,0,0,0,0,2,09:25:00
-8056762.40618994,-4503885.2797534,4242,-72.375128,-37.463316,1489021,2022,1,2022/11/14 00:00:00+00,8,REGION BIO BIO,8301,LOS ANGELES,34,COLISION PERPENDICULAR,30,COLISION,1,URBANA,1,TRAMO DE VIA RECTA,27,CONDUCCION NO ATENTO CONDICIONES TRANSITO MOMENTO,1,IMPRUDENCIA DEL CONDUCTOR,0,SAN MARTIN,0,5 DE ABRIL,5 DE ABRIL - SAN MARTIN,0,0,0,0,2,0,1,UNIDIRECCIONAL,1,CONCRETO,1,BUENO,1,SECO,1,DESPEJADO,0,0,0,0,2,12:30:00
-8091606.63132264,-4508690.41878557,4243,-72.688139,-37.49757,1489083,2022,1,2022/11/08 00:00:00+00,8,REGION BIO BIO,8306,NACIMIENTO,30,COLISION,30,COLISION,1,URBANA,1,TRAMO DE VIA RECTA,27,CONDUCCION NO ATENTO CONDICIONES TRANSITO MOMENTO,1,IMPRUDENCIA DEL CONDUCTOR,0,JULIO HEMMELMANN,0,JUAN ANTONIO RIOS,JUAN ANTONIO RIOS - JULIO HEMMELMANN,0,0,0,0,1,1,2,BIDIRECCIONAL,2,ASFALTO,1,BUENO,1,SECO,1,DESPEJADO,0,0,0,2,1,23:30:00
-8128752.93239299,-4429928.09196837,4244,-73.02183,-36.934121,1489105,2022,1,2022/11/11 00:00:00+00,8,REGION BIO BIO,8103,CHIGUAYANTE,63,CHOQUE FRENTE/POSTERIOR,40,CHOQUE,1,URBANA,11,CRUCE CON SEMAFORO FUNCIONANDO,97,CAUSAS NO DETERMINADAS,13,CAUSAS NO DETERMINADAS,0,MANUEL RODRIGUEZ,0,SANTA JUSTINA,MANUEL RODRIGUEZ - SANTA JUSTINA,0,0,0,0,2,2,3,BIDIRECCIONAL CON BANDEJON,1,CONCRETO,1,BUENO,2,HUMEDO,2,NUBLADO,0,0,0,0,2,22:55:00
-8130477.03753444,-4423870.08307957,4245,-73.037318,-36.890609,1489135,2022,1,2022/11/12 00:00:00+00,8,REGION BIO BIO,8103,CHIGUAYANTE,51,CHOQUE FRONTAL,40,CHOQUE,1,URBANA,1,TRAMO DE VIA RECTA,97,CAUSAS NO DETERMINADAS,13,CAUSAS NO DETERMINADAS,0,COSTANERA,0,PASCUAL BINIMELIS,COSTANERA - PASCUAL BINIMELIS,0,0,0,0,1,1,2,BIDIRECCIONAL,1,CONCRETO,1,BUENO,1,SECO,2,NUBLADO,0,0,0,0,1,07:30:00
-8088594.47061711,-4509923.96171729,4246,-72.66108,-37.506361,1489136,2022,1,2022/11/09 00:00:00+00,8,REGION BIO BIO,8306,NACIMIENTO,50,CHOQUE,40,CHOQUE,1,URBANA,1,TRAMO DE VIA RECTA,28,CONDUCCION SIN MANTENER DISTANCIA RAZONABLE NI PRUDENTE,1,IMPRUDENCIA DEL CONDUCTOR,0,OCTAVIO JARA WOLF,0,0,- OCTAVIO JARA WOLF,218,0,0,0,1,1,2,BIDIRECCIONAL,2,ASFALTO,1,BUENO,1,SECO,1,DESPEJADO,0,0,0,0,2,09:30:00
-8129459.80002758,-4429659.70090501,4247,-73.02818,-36.932194,1489168,2022,1,2022/11/12 00:00:00+00,8,REGION BIO BIO,8103,CHIGUAYANTE,34,COLISION PERPENDICULAR,30,COLISION,1,URBANA,16,CRUCE SIN SEÑALIZACION,27,CONDUCCION NO ATENTO CONDICIONES TRANSITO MOMENTO,1,IMPRUDENCIA DEL CONDUCTOR,0,FRAGATA LAUTARO,0,LA MARINA,FRAGATA LAUTARO - LA MARINA,0,0,0,0,1,1,2,BIDIRECCIONAL,1,CONCRETO,1,BUENO,1,SECO,1,DESPEJADO,0,0,0,2,0,17:10:00
-8132356.95656716,-4415709.711306,4248,-73.054205,-36.831958,1489176,2022,1,2022/11/07 00:00:00+00,8,REGION BIO BIO,8101,CONCEPCION,30,COLISION,30,COLISION,1,URBANA,1,TRAMO DE VIA RECTA,93,CONDUCIR VEHICULO EN RETROCESO,1,IMPRUDENCIA DEL CONDUCTOR,0,COCHRANE,0,SALAS,COCHRANE - SALAS,0,0,0,0,2,0,1,UNIDIRECCIONAL,1,CONCRETO,1,BUENO,1,SECO,1,DESPEJADO,0,0,0,0,2,16:00:00
-8130956.83567171,-4414626.17777562,4249,-73.041628,-36.824167,1489187,2022,1,2022/11/10 00:00:00+00,8,REGION BIO BIO,8101,CONCEPCION,10,ATROPELLO,10,ATROPELLO,1,URBANA,11,CRUCE CON SEMAFORO FUNCIONANDO,31,NO RESPETAR DERECHO PREFERENTE DE PASO A PEATON,1,IMPRUDENCIA DEL CONDUCTOR,0,PAICAVI,0,BERNARDO O'HIGGINS,BERNARDO O'HIGGINS - PAICAVI,0,0,0,0,3,3,3,BIDIRECCIONAL CON BANDEJON,1,CONCRETO,1,BUENO,1,SECO,1,DESPEJADO,0,0,0,0,2,16:44:00
-8090216.05050755,-4510186.15215632,4250,-72.675647,-37.508229,1489190,2022,1,2022/11/09 00:00:00+00,8,REGION BIO BIO,8306,NACIMIENTO,50,CHOQUE,40,CHOQUE,1,URBANA,11,CRUCE CON SEMAFORO FUNCIONANDO,27,CONDUCCION NO ATENTO CONDICIONES TRANSITO MOMENTO,1,IMPRUDENCIA DEL CONDUCTOR,0,JULIO HEMMELMANN,0,EL PALQUE,EL PALQUE - JULIO HEMMELMANN,0,0,0,0,1,1,2,BIDIRECCIONAL,2,ASFALTO,1,BUENO,1,SECO,1,DESPEJADO,0,0,0,5,3,21:00:00
-8130290.1321094,-4414111.52026601,4251,-73.035639,-36.820466,1489201,2022,1,2022/11/10 00:00:00+00,8,REGION BIO BIO,8101,CONCEPCION,53,CHOQUE POSTERIOR,40,CHOQUE,1,URBANA,11,CRUCE CON SEMAFORO FUNCIONANDO,28,CONDUCCION SIN MANTENER DISTANCIA RAZONABLE NI PRUDENTE,1,IMPRUDENCIA DEL CONDUCTOR,0,JUAN BOSCO,0,LIENTUR,JUAN BOSCO - LIENTUR,0,0,0,0,2,2,2,BIDIRECCIONAL,1,CONCRETO,1,BUENO,1,SECO,2,NUBLADO,0,0,0,2,1,12:25:00
-8128163.61814067,-4431507.47799994,4252,-73.016536,-36.945461,1489205,2022,1,2022/11/12 00:00:00+00,8,REGION BIO BIO,8103,CHIGUAYANTE,10,ATROPELLO,10,ATROPELLO,1,URBANA,11,CRUCE CON SEMAFORO FUNCIONANDO,97,CAUSAS NO DETERMINADAS,13,CAUSAS NO DETERMINADAS,0,MANUEL RODRIGUEZ,0,ESPERANZA,ESPERANZA - MANUEL RODRIGUEZ,0,0,0,0,1,1,2,BIDIRECCIONAL,1,CONCRETO,1,BUENO,1,SECO,1,DESPEJADO,0,0,0,1,1,19:30:00
-8128359.21761795,-4413965.41151994,4253,-73.018293,-36.819415,1489214,2022,1,2022/11/10 00:00:00+00,8,REGION BIO BIO,8101,CONCEPCION,10,ATROPELLO,10,ATROPELLO,1,URBANA,1,TRAMO DE VIA RECTA,93,CONDUCIR VEHICULO EN RETROCESO,1,IMPRUDENCIA DEL CONDUCTOR,0,COLLAO,0,0,- COLLAO,926,0,0,0,2,0,1,UNIDIRECCIONAL,1,CONCRETO,1,BUENO,1,SECO,2,NUBLADO,0,0,0,1,1,19:30:00
-8051686.10382638,-4500756.19305498,4254,-72.329527,-37.441001,1489219,2022,1,2022/11/09 00:00:00+00,8,REGION BIO BIO,8301,LOS ANGELES,50,CHOQUE,40,CHOQUE,2,RURAL,1,TRAMO DE VIA RECTA,24,CONDUCCION EN ESTADO DE EBRIEDAD,4,ALCOHOL EN CONDUCTOR,0,CAMINO VECINAL PUENTE CHEQUEN,0,0,- CAMINO VECINAL PUENTE CHEQUEN,1,0,0,0,1,1,2,BIDIRECCIONAL,5,RIPIO,2,REGULAR,0,0,1,DESPEJADO,0,0,1,1,0,17:15:00
-8091676.36185167,-4508480.24967408,4255,-72.688766,-37.496072,1489222,2022,1,2022/11/10 00:00:00+00,8,REGION BIO BIO,8306,NACIMIENTO,10,ATROPELLO,10,ATROPELLO,1,URBANA,1,TRAMO DE VIA RECTA,55,PEATON CRUZA CALZADA FUERA PASO PEATONES,2,IMPRUDENCIA DEL PEATON,0,JULIO HEMMELMANN,0,0,- JULIO HEMMELMANN,1753,0,0,0,1,1,2,BIDIRECCIONAL,2,ASFALTO,1,BUENO,1,SECO,1,DESPEJADO,0,1,0,0,1,11:05:00
-8091229.2693808,-4508902.92131546,4256,-72.684749,-37.499084,1489225,2022,1,2022/11/11 00:00:00+00,8,REGION BIO BIO,8306,NACIMIENTO,30,COLISION,30,COLISION,1,URBANA,1,TRAMO DE VIA RECTA,27,CONDUCCION NO ATENTO CONDICIONES TRANSITO MOMENTO,1,IMPRUDENCIA DEL CONDUCTOR,0,SAN MARTIN,0,0,- SAN MARTIN,1333,0,0,0,2,0,1,UNIDIRECCIONAL,1,CONCRETO,1,BUENO,1,SECO,1,DESPEJADO,0,0,0,0,2,13:40:00
-8093906.1691759,-4475962.22195593,4257,-72.708796,-37.26395,1489253,2022,1,2022/11/09 00:00:00+00,8,REGION BIO BIO,8304,LAJA,33,COLISION POR ALCANCE,30,COLISION,1,URBANA,1,TRAMO DE VIA RECTA,72,VELOCIDAD NO RAZONABLE NI PRUDENTE,7,VELOCIDAD IMPRUDENTE,0,LOS RIOS,0,0,- LOS RIOS,800,0,0,0,1,1,2,BIDIRECCIONAL,2,ASFALTO,1,BUENO,1,SECO,2,NUBLADO,0,0,0,4,1,19:20:00
-8077646.44360047,-4451693.057201,4258,-72.562733,-37.090244,1489259,2022,1,2022/11/13 00:00:00+00,8,REGION BIO BIO,8313,YUMBEL,30,COLISION,30,COLISION,1,URBANA,15,CRUCE CON SEÑAL CEDA EL PASO,64,SEÑALIZACION DESOBEDECER SEÑAL CEDA EL PASO,10,DESOBEDIENCIA A SEÑALIZACION,0,BERNARDO O'HIGGINS,0,BALMACEDA,BALMACEDA - BERNARDO O'HIGGINS,0,0,0,0,2,0,1,UNIDIRECCIONAL,1,CONCRETO,1,BUENO,1,SECO,1,DESPEJADO,0,0,0,2,1,12:30:00
-8165242.62657884,-4505187.23869697,4259,-73.349622,-37.472598,1489262,2022,1,2022/11/09 00:00:00+00,8,REGION BIO BIO,8205,CURANILAHUE,65,CHOQUE LADO/LADO,40,CHOQUE,1,URBANA,1,TRAMO DE VIA RECTA,28,CONDUCCION SIN MANTENER DISTANCIA RAZONABLE NI PRUDENTE,1,IMPRUDENCIA DEL CONDUCTOR,0,BERNARDO O'HIGGINS,0,CARCOOP,BERNARDO O'HIGGINS - CARCOOP,0,0,0,0,1,1,2,BIDIRECCIONAL,2,ASFALTO,2,REGULAR,2,HUMEDO,4,LLOVIZNA,0,0,0,0,2,16:10:00
-8164062.74016397,-4506318.31598098,4260,-73.339023,-37.480662,1489270,2022,1,2022/11/14 00:00:00+00,8,REGION BIO BIO,8205,CURANILAHUE,51,CHOQUE FRONTAL,40,CHOQUE,1,URBANA,1,TRAMO DE VIA RECTA,24,CONDUCCION EN ESTADO DE EBRIEDAD,4,ALCOHOL EN CONDUCTOR,0,PEDRO AGUIRRE CERDA,0,0,- PEDRO AGUIRRE CERDA,400,0,0,0,1,1,2,BIDIRECCIONAL,1,CONCRETO,1,BUENO,1,SECO,1,DESPEJADO,0,0,0,0,1,01:05:00
-8164994.80712844,-4505183.11494529,4261,-73.347396,-37.472569,1489287,2022,1,2022/11/14 00:00:00+00,8,REGION BIO BIO,8205,CURANILAHUE,10,ATROPELLO,10,ATROPELLO,1,URBANA,1,TRAMO DE VIA RECTA,97,CAUSAS NO DETERMINADAS,13,CAUSAS NO DETERMINADAS,0,BERNARDO O'HIGGINS,0,ESTACIONAMIENTO SUPERMERCADO UNIMARC,BERNARDO O'HIGGINS - ESTACIONAMIENTO SUPERMERCADO UNIMARC,0,0,0,0,1,1,2,BIDIRECCIONAL,1,CONCRETO,1,BUENO,1,SECO,1,DESPEJADO,0,0,1,0,1,19:15:00
-8133574.82519229,-4415732.56222756,4262,-73.065146,-36.832122,1489298,2022,1,2022/11/11 00:00:00+00,8,REGION BIO BIO,8101,CONCEPCION,34,COLISION PERPENDICULAR,30,COLISION,1,URBANA,11,CRUCE CON SEMAFORO FUNCIONANDO,64,SEÑALIZACION DESOBEDECER SEÑAL CEDA EL PASO,10,DESOBEDIENCIA A SEÑALIZACION,0,COSTANERA,0,CENTRAL NORTE,CENTRAL NORTE - COSTANERA,0,0,0,0,2,0,1,UNIDIRECCIONAL,1,CONCRETO,1,BUENO,1,SECO,1,DESPEJADO,0,0,0,2,1,07:55:00