X,Y,FID,POINT_X,POINT_Y,Idaccident,Año,Claseaccid,Fecha,Cód_Regi,Región,Cód_Comun,Comuna,Cód_Tipo,Tipo_Accid,Cód_Tip_1,Tipo__CONA,Cód_Zona,Zona,Cód_Ubica,Ubicación,Cód_Causa,Causa,Cód_Cau_1,Causa__CON,Cód_Calle,Calle_Uno,Cód_Cal_1,Calle_Dos,Intersecci,Número,Ruta,Cód_Ruta,Ubicaci_1,Pistas_de,Pistas_d_1,Cód_Calza,Calzada,Cód__Tipo,Tipo_Calza,Cód_Estad,Estado_Cal,Cód_Condi,Condición,Cód_Est_1,Estado_Atm,Fallecidos,Graves,Menos_Grav,Leves,Ilesos,Hora_1
-8136566.13575719,-4404705.39883941,4354,-73.092017,-36.752795,1490407,2022,1,2022/11/03 00:00:00+00,8,REGION BIO BIO,8110,TALCAHUANO,32,COLISION LATERAL,30,COLISION,1,URBANA,11,CRUCE CON SEMAFORO FUNCIONANDO,62,SEÑALIZACION DESOBEDECER LUZ ROJA DE SEMAFORO,10,DESOBEDIENCIA A SEÑALIZACION,0,CRISTOBAL COLON,0,0,- CRISTOBAL COLON,200,0,0,0,2,0,1,UNIDIRECCIONAL,1,CONCRETO,1,BUENO,1,SECO,1,DESPEJADO,0,0,0,1,1,15:45:00
-8136645.53994997,-4404614.15951074,4355,-73.092731,-36.752138,1490417,2022,1,2022/11/11 00:00:00+00,8,REGION BIO BIO,8110,TALCAHUANO,68,CHOQUE POSTERIOR/LADO,40,CHOQUE,1,URBANA,1,TRAMO DE VIA RECTA,27,CONDUCCION NO ATENTO CONDICIONES TRANSITO MOMENTO,1,IMPRUDENCIA DEL CONDUCTOR,0,CRISTOBAL COLON,0,0,- CRISTOBAL COLON,501,0,0,0,2,0,1,UNIDIRECCIONAL,1,CONCRETO,1,BUENO,1,SECO,1,DESPEJADO,0,0,0,1,1,11:00:00
-8136001.81273056,-4410021.42784528,4356,-73.086948,-36.791048,1490418,2022,1,2022/11/17 00:00:00+00,8,REGION BIO BIO,8112,HUALPEN,65,CHOQUE LADO/LADO,40,CHOQUE,1,URBANA,22,ENLACE A DESNIVEL,27,CONDUCCION NO ATENTO CONDICIONES TRANSITO MOMENTO,1,IMPRUDENCIA DEL CONDUCTOR,0,CRISTOBAL COLON,0,LAS GOLONDRINAS,CRISTOBAL COLON - LAS GOLONDRINAS,0,0,0,0,2,2,2,BIDIRECCIONAL,1,CONCRETO,1,BUENO,1,SECO,1,DESPEJADO,0,0,0,2,1,12:18:00
-8138141.44013531,-4400747.35516521,4357,-73.106168,-36.724302,1490421,2022,1,2022/11/11 00:00:00+00,8,REGION BIO BIO,8110,TALCAHUANO,32,COLISION LATERAL,30,COLISION,1,URBANA,1,TRAMO DE VIA RECTA,11,ADELANTAMIENTO SIN EL ESPACIO O TIEMPO SUFICIENTE,1,IMPRUDENCIA DEL CONDUCTOR,0,JORDAN VALDIVIESO,0,0,- JORDAN VALDIVIESO,241,0,0,0,1,1,3,BIDIRECCIONAL CON BANDEJON,1,CONCRETO,1,BUENO,1,SECO,1,DESPEJADO,0,0,0,0,2,19:25:00
-8135564.63882632,-4408969.3988337,4358,-73.083021,-36.783479,1490427,2022,1,2022/11/10 00:00:00+00,8,REGION BIO BIO,8110,TALCAHUANO,10,ATROPELLO,10,ATROPELLO,1,URBANA,1,TRAMO DE VIA RECTA,31,NO RESPETAR DERECHO PREFERENTE DE PASO A PEATON,1,IMPRUDENCIA DEL CONDUCTOR,0,O'HIGGINS,0,0,- O'HIGGINS,165,0,0,0,1,1,2,BIDIRECCIONAL,1,CONCRETO,1,BUENO,1,SECO,1,DESPEJADO,0,1,0,0,1,09:50:00
-8138800.06190258,-4409474.42539822,4359,-73.112085,-36.787113,1490435,2022,1,2022/11/18 00:00:00+00,8,REGION BIO BIO,8112,HUALPEN,30,COLISION,30,COLISION,1,URBANA,1,TRAMO DE VIA RECTA,64,SEÑALIZACION DESOBEDECER SEÑAL CEDA EL PASO,10,DESOBEDIENCIA A SEÑALIZACION,0,GRECIA,0,GIBRALTAR,GIBRALTAR - GRECIA,0,0,0,0,1,1,2,BIDIRECCIONAL,1,CONCRETO,1,BUENO,1,SECO,1,DESPEJADO,0,0,0,0,2,18:55:00
-8135944.41640111,-4410700.68852985,4360,-73.086432,-36.795934,1490436,2022,1,2022/11/19 00:00:00+00,8,REGION BIO BIO,8112,HUALPEN,51,CHOQUE FRONTAL,40,CHOQUE,1,URBANA,1,TRAMO DE VIA RECTA,24,CONDUCCION EN ESTADO DE EBRIEDAD,4,ALCOHOL EN CONDUCTOR,0,JORGE ALESSANDRI RODRIGUEZ,0,CRISTOBAL COLON,CRISTOBAL COLON - JORGE ALESSANDRI RODRIGUEZ,0,0,0,0,2,2,3,BIDIRECCIONAL CON BANDEJON,1,CONCRETO,1,BUENO,1,SECO,1,DESPEJADO,0,0,0,0,1,05:00:00
-8137248.44631211,-4403128.5146626,4361,-73.098146,-36.741445,1490440,2022,1,2022/11/12 00:00:00+00,8,REGION BIO BIO,8110,TALCAHUANO,10,ATROPELLO,10,ATROPELLO,1,URBANA,11,CRUCE CON SEMAFORO FUNCIONANDO,52,PEATON CRUZA CALZADA FORMA SORPRESIVA O DESCUIDADA,2,IMPRUDENCIA DEL PEATON,0,CRISTOBAL COLON,0,0,- CRISTOBAL COLON,3157,0,0,0,1,1,3,BIDIRECCIONAL CON BANDEJON,1,CONCRETO,1,BUENO,1,SECO,1,DESPEJADO,0,1,0,0,1,14:20:00
-8138474.22975303,-4408211.91777818,4362,-73.109158,-36.778029,1490443,2022,1,2022/11/19 00:00:00+00,8,REGION BIO BIO,8112,HUALPEN,51,CHOQUE FRONTAL,40,CHOQUE,1,URBANA,1,TRAMO DE VIA RECTA,24,CONDUCCION EN ESTADO DE EBRIEDAD,4,ALCOHOL EN CONDUCTOR,0,NORUEGA,0,0,- NORUEGA,1595,0,0,0,1,1,2,BIDIRECCIONAL,1,CONCRETO,1,BUENO,1,SECO,1,DESPEJADO,0,0,0,0,1,22:05:00
-8136225.10849715,-4405717.71178891,4363,-73.088954,-36.760081,1490446,2022,1,2022/11/16 00:00:00+00,8,REGION BIO BIO,8110,TALCAHUANO,32,COLISION LATERAL,30,COLISION,1,URBANA,11,CRUCE CON SEMAFORO FUNCIONANDO,62,SEÑALIZACION DESOBEDECER LUZ ROJA DE SEMAFORO,10,DESOBEDIENCIA A SEÑALIZACION,0,MONSEÑOR ALARCON,0,GOMEZ CARREÑO,GOMEZ CARREÑO - MONSEÑOR ALARCON,0,0,0,0,1,1,2,BIDIRECCIONAL,1,CONCRETO,1,BUENO,1,SECO,1,DESPEJADO,0,0,0,0,2,19:00:00
-8138783.99850006,-4409764.645118,4364,-73.111941,-36.7892,1490449,2022,1,2022/11/21 00:00:00+00,8,REGION BIO BIO,8112,HUALPEN,51,CHOQUE FRONTAL,40,CHOQUE,1,URBANA,16,CRUCE SIN SEÑALIZACION,95,PERDIDA CONTROL VEHICULO,9,PERDIDA CONTROL VEHICULO,0,MONACO,0,POLONIA,MONACO - POLONIA,0,0,0,0,1,1,2,BIDIRECCIONAL,1,CONCRETO,1,BUENO,1,SECO,1,DESPEJADO,0,0,0,0,1,02:00:00
-8140100.62977742,-4404800.59867912,4365,-73.123768,-36.75348,1490455,2022,1,2022/11/16 00:00:00+00,8,REGION BIO BIO,8110,TALCAHUANO,32,COLISION LATERAL,30,COLISION,1,URBANA,1,TRAMO DE VIA RECTA,29,CONDUCCION CAMBIAR SORPRESIVAMENTE PISTA CIRCULACION,1,IMPRUDENCIA DEL CONDUCTOR,0,GRAN BRETAÑA,0,0,- GRAN BRETAÑA,2230,0,0,0,1,1,3,BIDIRECCIONAL CON BANDEJON,1,CONCRETO,1,BUENO,1,SECO,1,DESPEJADO,0,0,0,0,2,12:00:00
-8135934.8874527,-4408029.72729718,4366,-73.086347,-36.776718,1490473,2022,1,2022/11/18 00:00:00+00,8,REGION BIO BIO,8110,TALCAHUANO,32,COLISION LATERAL,30,COLISION,1,URBANA,1,TRAMO DE VIA RECTA,29,CONDUCCION CAMBIAR SORPRESIVAMENTE PISTA CIRCULACION,1,IMPRUDENCIA DEL CONDUCTOR,0,CRISTOBAL COLON,0,0,- CRISTOBAL COLON,2896,0,0,0,1,1,3,BIDIRECCIONAL CON BANDEJON,1,CONCRETO,1,BUENO,1,SECO,1,DESPEJADO,0,0,0,0,2,20:20:00
-8136645.53994997,-4404614.15951074,4367,-73.092731,-36.752138,1490484,2022,1,2022/11/18 00:00:00+00,8,REGION BIO BIO,8110,TALCAHUANO,32,COLISION LATERAL,30,COLISION,1,URBANA,11,CRUCE CON SEMAFORO FUNCIONANDO,62,SEÑALIZACION DESOBEDECER LUZ ROJA DE SEMAFORO,10,DESOBEDIENCIA A SEÑALIZACION,0,CRISTOBAL COLON,0,0,- CRISTOBAL COLON,5174,0,0,0,1,1,3,BIDIRECCIONAL CON BANDEJON,1,CONCRETO,1,BUENO,1,SECO,1,DESPEJADO,0,0,0,1,1,11:45:00
-8135573.9340038,-4407379.30670724,4368,-73.083104,-36.772038,1490487,2022,1,2022/11/19 00:00:00+00,8,REGION BIO BIO,8110,TALCAHUANO,32,COLISION LATERAL,30,COLISION,1,URBANA,1,TRAMO DE VIA RECTA,91,VIRAJES INDEBIDOS,1,IMPRUDENCIA DEL CONDUCTOR,0,SANTA MARIA,0,0,- SANTA MARIA,3177,0,0,0,1,1,2,BIDIRECCIONAL,1,CONCRETO,1,BUENO,1,SECO,1,DESPEJADO,0,0,0,1,1,17:30:00
-8136414.79690946,-4407962.22490981,4369,-73.090658,-36.776233,1490492,2022,1,2022/11/18 00:00:00+00,8,REGION BIO BIO,8110,TALCAHUANO,32,COLISION LATERAL,30,COLISION,1,URBANA,16,CRUCE SIN SEÑALIZACION,24,CONDUCCION EN ESTADO DE EBRIEDAD,4,ALCOHOL EN CONDUCTOR,0,5 PONIENTE,0,LAS GOLONDRINAS,5 PONIENTE - LAS GOLONDRINAS,0,0,0,0,1,1,2,BIDIRECCIONAL,1,CONCRETO,1,BUENO,1,SECO,1,DESPEJADO,0,0,0,0,2,22:45:00
-8136566.13575719,-4404705.39883941,4370,-73.092017,-36.752795,1490495,2022,1,2022/11/17 00:00:00+00,8,REGION BIO BIO,8110,TALCAHUANO,33,COLISION POR ALCANCE,30,COLISION,1,URBANA,1,TRAMO DE VIA RECTA,24,CONDUCCION EN ESTADO DE EBRIEDAD,4,ALCOHOL EN CONDUCTOR,0,CRISTOBAL COLON,0,0,- CRISTOBAL COLON,200,0,0,0,1,0,1,UNIDIRECCIONAL,1,CONCRETO,1,BUENO,1,SECO,1,DESPEJADO,0,0,0,0,2,20:00:00
-8135974.28342049,-4408631.50003329,4371,-73.086701,-36.781048,1490498,2022,1,2022/11/17 00:00:00+00,8,REGION BIO BIO,8110,TALCAHUANO,32,COLISION LATERAL,30,COLISION,1,URBANA,14,CRUCE CON SEÑAL PARE,65,SEÑALIZACION DESOBEDECER SEÑAL PARE,10,DESOBEDIENCIA A SEÑALIZACION,0,2 PONIENTE,0,CRISTOBAL COLON,2 PONIENTE - CRISTOBAL COLON,0,0,0,0,1,1,2,BIDIRECCIONAL,1,CONCRETO,1,BUENO,1,SECO,1,DESPEJADO,0,0,0,0,2,16:37:00
-8133467.94734918,-4409875.58372646,4372,-73.064186,-36.789999,1490499,2022,1,2022/11/16 00:00:00+00,8,REGION BIO BIO,8110,TALCAHUANO,69,CHOQUE POSTERIOR/POSTERIOR,40,CHOQUE,1,URBANA,26,OTROS NO CONSIDERADOS,27,CONDUCCION NO ATENTO CONDICIONES TRANSITO MOMENTO,1,IMPRUDENCIA DEL CONDUCTOR,0,PRESIDENTE JORGE ALESSANDRI RODRIGUEZ,0,0,- PRESIDENTE JORGE ALESSANDRI RODRIGUEZ,3177,0,0,0,1,1,2,BIDIRECCIONAL,1,CONCRETO,1,BUENO,1,SECO,1,DESPEJADO,0,0,0,1,1,14:00:00
-8143823.66561921,-4452298.21779838,4373,-73.157213,-37.09458,1490591,2022,1,2022/11/04 00:00:00+00,8,REGION BIO BIO,8106,LOTA,32,COLISION LATERAL,30,COLISION,1,URBANA,1,TRAMO DE VIA RECTA,27,CONDUCCION NO ATENTO CONDICIONES TRANSITO MOMENTO,1,IMPRUDENCIA DEL CONDUCTOR,0,GALVARINO,0,0,- GALVARINO,80,0,0,0,2,0,1,UNIDIRECCIONAL,1,CONCRETO,1,BUENO,1,SECO,1,DESPEJADO,0,0,0,0,2,18:00:00
-8143059.49071076,-4451799.50869647,4374,-73.150348,-37.091006,1490596,2022,1,2022/11/06 00:00:00+00,8,REGION BIO BIO,8106,LOTA,62,CHOQUE FRENTE/LADO,40,CHOQUE,1,URBANA,16,CRUCE SIN SEÑALIZACION,24,CONDUCCION EN ESTADO DE EBRIEDAD,4,ALCOHOL EN CONDUCTOR,0,LEIVA,0,GUACOLDA,GUACOLDA - LEIVA,0,0,0,0,1,1,2,BIDIRECCIONAL,1,CONCRETO,1,BUENO,1,SECO,1,DESPEJADO,0,0,0,0,2,00:10:00
-8143830.9681778,-4451937.22179077,4375,-73.157278,-37.091993,1490602,2022,1,2022/11/11 00:00:00+00,8,REGION BIO BIO,8106,LOTA,65,CHOQUE LADO/LADO,40,CHOQUE,1,URBANA,14,CRUCE CON SEÑAL PARE,27,CONDUCCION NO ATENTO CONDICIONES TRANSITO MOMENTO,1,IMPRUDENCIA DEL CONDUCTOR,0,ANIBAL PINTO,0,PEDRO AGUIRRE CERDA,ANIBAL PINTO - PEDRO AGUIRRE CERDA,0,0,0,0,2,0,1,UNIDIRECCIONAL,1,CONCRETO,1,BUENO,1,SECO,1,DESPEJADO,0,0,0,0,2,11:30:00
-8144358.38879323,-4450884.64413428,4376,-73.162016,-37.084451,1490613,2022,1,2022/11/15 00:00:00+00,8,REGION BIO BIO,8106,LOTA,32,COLISION LATERAL,30,COLISION,1,URBANA,15,CRUCE CON SEÑAL CEDA EL PASO,64,SEÑALIZACION DESOBEDECER SEÑAL CEDA EL PASO,10,DESOBEDIENCIA A SEÑALIZACION,0,CARLOS COUSIÑO,0,ARTURO PRAT,ARTURO PRAT - CARLOS COUSIÑO,0,0,0,0,2,0,1,UNIDIRECCIONAL,1,CONCRETO,2,REGULAR,1,SECO,1,DESPEJADO,0,0,0,3,1,22:35:00
-8142932.69781074,-4452194.95719573,4377,-73.149209,-37.09384,1490628,2022,1,2022/11/19 00:00:00+00,8,REGION BIO BIO,8106,LOTA,32,COLISION LATERAL,30,COLISION,1,URBANA,1,TRAMO DE VIA RECTA,91,VIRAJES INDEBIDOS,1,IMPRUDENCIA DEL CONDUCTOR,0,FERNANDO MAIRA,0,LOS MAÑIOS,FERNANDO MAIRA - LOS MAÑIOS,0,0,0,0,1,2,2,BIDIRECCIONAL,2,ASFALTO,1,BUENO,1,SECO,1,DESPEJADO,0,0,1,2,2,15:55:00
-8125356.71944422,-4402801.03880022,4378,-72.991321,-36.739087,1490668,2022,1,2022/11/01 00:00:00+00,8,REGION BIO BIO,8107,PENCO,32,COLISION LATERAL,30,COLISION,1,URBANA,1,TRAMO DE VIA RECTA,65,SEÑALIZACION DESOBEDECER SEÑAL PARE,10,DESOBEDIENCIA A SEÑALIZACION,0,EL ROBLE,0,0,- EL ROBLE,100,0,0,0,2,0,1,UNIDIRECCIONAL,2,ASFALTO,1,BUENO,1,SECO,1,DESPEJADO,0,0,0,0,2,20:30:00
-8135806.35796863,-4413642.3718826,4379,-73.085192,-36.817092,1490687,2022,1,2022/11/22 00:00:00+00,8,REGION BIO BIO,8112,HUALPEN,51,CHOQUE FRONTAL,40,CHOQUE,1,URBANA,22,ENLACE A DESNIVEL,27,CONDUCCION NO ATENTO CONDICIONES TRANSITO MOMENTO,1,IMPRUDENCIA DEL CONDUCTOR,0,COSTANERA,0,PUENTE JUAN PABLO II,COSTANERA - PUENTE JUAN PABLO II,0,0,0,0,2,2,3,BIDIRECCIONAL CON BANDEJON,1,CONCRETO,1,BUENO,1,SECO,1,DESPEJADO,0,0,0,0,2,09:45:00
-8089021.75935057,-4414405.17612767,4380,-72.664919,-36.822578,1490705,2022,1,2022/11/07 00:00:00+00,8,REGION BIO BIO,8104,FLORIDA,10,ATROPELLO,10,ATROPELLO,1,URBANA,1,TRAMO DE VIA RECTA,31,NO RESPETAR DERECHO PREFERENTE DE PASO A PEATON,1,IMPRUDENCIA DEL CONDUCTOR,0,SARGENTO ALDEA,0,0,- SARGENTO ALDEA,53,0,0,0,2,2,2,BIDIRECCIONAL,2,ASFALTO,1,BUENO,1,SECO,1,DESPEJADO,0,0,0,1,2,12:15:00
-8089406.01196889,-4414715.18049076,4381,-72.668371,-36.824807,1490714,2022,1,2022/11/07 00:00:00+00,8,REGION BIO BIO,8104,FLORIDA,70,VOLCADURA,70,VOLCADURA,1,URBANA,1,TRAMO DE VIA RECTA,27,CONDUCCION NO ATENTO CONDICIONES TRANSITO MOMENTO,1,IMPRUDENCIA DEL CONDUCTOR,0,IGNACIO SERRANO,0,0,- IGNACIO SERRANO,284,0,0,0,2,0,1,UNIDIRECCIONAL,2,ASFALTO,1,BUENO,1,SECO,1,DESPEJADO,0,0,0,1,1,12:15:00
-8127884.12829514,-4433072.08174497,4382,-73.014025,-36.956693,1490732,2022,1,2022/11/01 00:00:00+00,8,REGION BIO BIO,8103,CHIGUAYANTE,53,CHOQUE POSTERIOR,40,CHOQUE,1,URBANA,26,OTROS NO CONSIDERADOS,97,CAUSAS NO DETERMINADAS,13,CAUSAS NO DETERMINADAS,0,21 DE MAYO,0,0,- 21 DE MAYO,3225,0,0,0,2,2,3,BIDIRECCIONAL CON BANDEJON,1,CONCRETO,1,BUENO,1,SECO,1,DESPEJADO,0,0,0,0,2,06:50:00
-8133000.49454344,-4414797.50866501,4383,-73.059986,-36.825399,1490736,2022,1,2022/11/02 00:00:00+00,8,REGION BIO BIO,8101,CONCEPCION,30,COLISION,30,COLISION,1,URBANA,26,OTROS NO CONSIDERADOS,97,CAUSAS NO DETERMINADAS,13,CAUSAS NO DETERMINADAS,0,LAS HERAS,0,SERRANO,LAS HERAS - SERRANO,0,0,0,0,2,0,1,UNIDIRECCIONAL,1,CONCRETO,1,BUENO,1,SECO,1,DESPEJADO,0,0,0,0,2,10:00:00
-8125352.07742146,-4402330.36022083,4384,-72.99128,-36.735699,1490763,2022,1,2022/11/12 00:00:00+00,8,REGION BIO BIO,8107,PENCO,31,COLISION FRONTAL,30,COLISION,1,URBANA,1,TRAMO DE VIA RECTA,27,CONDUCCION NO ATENTO CONDICIONES TRANSITO MOMENTO,1,IMPRUDENCIA DEL CONDUCTOR,0,YERBAS BUENAS,0,0,- YERBAS BUENAS,165,0,0,0,2,0,1,UNIDIRECCIONAL,2,ASFALTO,1,BUENO,1,SECO,1,DESPEJADO,0,0,0,2,2,17:30:00
-8126152.08607399,-4402885.73370146,4385,-72.998466,-36.739697,1490776,2022,1,2022/11/19 00:00:00+00,8,REGION BIO BIO,8107,PENCO,32,COLISION LATERAL,30,COLISION,1,URBANA,1,TRAMO DE VIA RECTA,27,CONDUCCION NO ATENTO CONDICIONES TRANSITO MOMENTO,1,IMPRUDENCIA DEL CONDUCTOR,0,LAS HERAS,0,0,- LAS HERAS,121,0,0,0,2,0,1,UNIDIRECCIONAL,2,ASFALTO,1,BUENO,1,SECO,1,DESPEJADO,0,0,0,0,2,14:25:00
-8170287.35873481,-4551190.98475177,4386,-73.39494,-37.799858,1490821,2022,1,2022/11/05 00:00:00+00,8,REGION BIO BIO,8203,CAÑETE,30,COLISION,30,COLISION,1,URBANA,1,TRAMO DE VIA RECTA,27,CONDUCCION NO ATENTO CONDICIONES TRANSITO MOMENTO,1,IMPRUDENCIA DEL CONDUCTOR,0,ESMERALDA,0,MARIQUEO,ESMERALDA - MARIQUEO,0,0,0,0,1,1,2,BIDIRECCIONAL,2,ASFALTO,1,BUENO,1,SECO,2,NUBLADO,0,0,0,0,2,14:55:00
-8170655.33644358,-4551610.26051256,4387,-73.398246,-37.802835,1490845,2022,1,2022/11/11 00:00:00+00,8,REGION BIO BIO,8203,CAÑETE,50,CHOQUE,40,CHOQUE,1,URBANA,15,CRUCE CON SEÑAL CEDA EL PASO,27,CONDUCCION NO ATENTO CONDICIONES TRANSITO MOMENTO,1,IMPRUDENCIA DEL CONDUCTOR,0,SEGUNDO DE LINEA,0,SERRANO,SEGUNDO DE LINEA - SERRANO,0,0,0,0,1,0,1,UNIDIRECCIONAL,1,CONCRETO,1,BUENO,1,SECO,1,DESPEJADO,0,0,0,0,2,20:40:00
-8169609.42303588,-4549856.99434156,4388,-73.38885,-37.790389,1490859,2022,1,2022/11/14 00:00:00+00,8,REGION BIO BIO,8203,CAÑETE,30,COLISION,30,COLISION,1,URBANA,1,TRAMO DE VIA RECTA,27,CONDUCCION NO ATENTO CONDICIONES TRANSITO MOMENTO,1,IMPRUDENCIA DEL CONDUCTOR,0,PRESIDENTE EDUARDO FREI,0,0,- PRESIDENTE EDUARDO FREI,1063,0,0,0,1,1,2,BIDIRECCIONAL,2,ASFALTO,1,BUENO,2,HUMEDO,3,LLUVIA,0,0,0,1,1,09:30:00
-8127505.69768619,-4432254.15360944,4389,-73.010626,-36.950822,1490866,2022,1,2022/11/12 00:00:00+00,8,REGION BIO BIO,8103,CHIGUAYANTE,67,CHOQUE POSTERIOR/FRENTE,40,CHOQUE,1,URBANA,1,TRAMO DE VIA RECTA,97,CAUSAS NO DETERMINADAS,13,CAUSAS NO DETERMINADAS,0,CALLE CUATRO,0,CALLE UNO,CALLE CUATRO - CALLE UNO,0,0,0,0,1,1,2,BIDIRECCIONAL,1,CONCRETO,1,BUENO,1,SECO,2,NUBLADO,0,0,0,0,2,21:00:00
-8129023.95082527,-4429490.5394763,4390,-73.024265,-36.930979,1490966,2022,1,2022/11/15 00:00:00+00,8,REGION BIO BIO,8103,CHIGUAYANTE,34,COLISION PERPENDICULAR,30,COLISION,1,URBANA,1,TRAMO DE VIA RECTA,98,OTRAS CAUSAS,14,OTRAS CAUSAS,0,FRAGATA LAUTARO,0,BLINDADO BLANCO,BLINDADO BLANCO - FRAGATA LAUTARO,0,0,0,0,1,1,2,BIDIRECCIONAL,1,CONCRETO,1,BUENO,1,SECO,1,DESPEJADO,0,0,0,4,1,16:00:00
-8130477.03753444,-4423870.08307957,4391,-73.037318,-36.890609,1490981,2022,1,2022/11/16 00:00:00+00,8,REGION BIO BIO,8103,CHIGUAYANTE,70,VOLCADURA,70,VOLCADURA,1,URBANA,11,CRUCE CON SEMAFORO FUNCIONANDO,95,PERDIDA CONTROL VEHICULO,9,PERDIDA CONTROL VEHICULO,0,COSTANERA,0,PASCUAL BINIMELIS,COSTANERA - PASCUAL BINIMELIS,0,0,0,0,2,2,3,BIDIRECCIONAL CON BANDEJON,1,CONCRETO,1,BUENO,1,SECO,1,DESPEJADO,0,0,0,1,0,16:25:00
-8161601.9337644,-4473398.8084043,4392,-73.316918,-37.245622,1491003,2022,1,2022/11/16 00:00:00+00,8,REGION BIO BIO,8202,ARAUCO,53,CHOQUE POSTERIOR,40,CHOQUE,1,URBANA,1,TRAMO DE VIA RECTA,27,CONDUCCION NO ATENTO CONDICIONES TRANSITO MOMENTO,1,IMPRUDENCIA DEL CONDUCTOR,0,LORD COCHRANE,0,GALVARINO,GALVARINO - LORD COCHRANE,0,0,0,0,1,1,2,BIDIRECCIONAL,1,CONCRETO,1,BUENO,1,SECO,1,DESPEJADO,0,0,0,1,1,18:15:00
-8120696.74084428,-4384570.93109076,4393,-72.94946,-36.60774,1491022,2022,1,2022/11/21 00:00:00+00,8,REGION BIO BIO,8111,TOME,32,COLISION LATERAL,30,COLISION,1,URBANA,1,TRAMO DE VIA RECTA,27,CONDUCCION NO ATENTO CONDICIONES TRANSITO MOMENTO,1,IMPRUDENCIA DEL CONDUCTOR,0,MARIANO EGAÑA,0,VICUÑA MACKENNA,MARIANO EGAÑA - VICUÑA MACKENNA,0,0,0,0,2,0,1,UNIDIRECCIONAL,1,CONCRETO,1,BUENO,1,SECO,1,DESPEJADO,0,0,0,0,2,17:30:00
-8128550.87638525,-4430306.44409362,4394,-73.020015,-36.936838,1491023,2022,1,2022/11/17 00:00:00+00,8,REGION BIO BIO,8103,CHIGUAYANTE,34,COLISION PERPENDICULAR,30,COLISION,1,URBANA,11,CRUCE CON SEMAFORO FUNCIONANDO,27,CONDUCCION NO ATENTO CONDICIONES TRANSITO MOMENTO,1,IMPRUDENCIA DEL CONDUCTOR,0,MANUEL RODRIGUEZ,0,BIO BIO,BIO BIO - MANUEL RODRIGUEZ,0,0,0,0,1,1,2,BIDIRECCIONAL,1,CONCRETO,1,BUENO,1,SECO,1,DESPEJADO,0,0,0,1,1,10:35:00
-8128075.30838863,-4431766.87582853,4395,-73.015743,-36.947323,1491042,2022,1,2022/11/17 00:00:00+00,8,REGION BIO BIO,8103,CHIGUAYANTE,10,ATROPELLO,10,ATROPELLO,1,URBANA,11,CRUCE CON SEMAFORO FUNCIONANDO,97,CAUSAS NO DETERMINADAS,13,CAUSAS NO DETERMINADAS,0,MANUEL RODRIGUEZ,0,PORVENIR,MANUEL RODRIGUEZ - PORVENIR,0,0,0,0,2,2,3,BIDIRECCIONAL CON BANDEJON,1,CONCRETO,1,BUENO,1,SECO,1,DESPEJADO,0,0,0,1,1,13:50:00
-8129335.90143432,-4428171.76601309,4396,-73.027067,-36.921509,1491079,2022,1,2022/11/18 00:00:00+00,8,REGION BIO BIO,8103,CHIGUAYANTE,10,ATROPELLO,10,ATROPELLO,1,URBANA,11,CRUCE CON SEMAFORO FUNCIONANDO,53,IMPRUDENCIA DEL PEATON,2,IMPRUDENCIA DEL PEATON,0,MANUEL RODRIGUEZ,0,COCHRANE,COCHRANE - MANUEL RODRIGUEZ,0,0,0,0,1,1,2,BIDIRECCIONAL,1,CONCRETO,1,BUENO,1,SECO,1,DESPEJADO,0,0,0,1,1,13:05:00
-8041137.70264974,-4540484.12707979,4397,-72.234769,-37.723821,1491083,2022,1,2022/11/23 00:00:00+00,8,REGION BIO BIO,8305,MULCHEN,30,COLISION,30,COLISION,1,URBANA,16,CRUCE SIN SEÑALIZACION,97,CAUSAS NO DETERMINADAS,13,CAUSAS NO DETERMINADAS,0,VILLAGRAN,0,CONTRERAS,CONTRERAS - VILLAGRAN,0,0,0,0,2,0,1,UNIDIRECCIONAL,1,CONCRETO,1,BUENO,1,SECO,1,DESPEJADO,0,0,0,0,2,08:40:00
-8121364.39062226,-4387957.85383784,4398,-72.955458,-36.63216,1491090,2022,1,2022/11/21 00:00:00+00,8,REGION BIO BIO,8111,TOME,32,COLISION LATERAL,30,COLISION,2,RURAL,1,TRAMO DE VIA RECTA,29,CONDUCCION CAMBIAR SORPRESIVAMENTE PISTA CIRCULACION,1,IMPRUDENCIA DEL CONDUCTOR,0,LATORRE,0,0,- LATORRE,556,0,0,0,2,2,3,BIDIRECCIONAL CON BANDEJON,1,CONCRETO,1,BUENO,1,SECO,1,DESPEJADO,0,0,0,0,2,18:45:00
-8129348.03525882,-4413551.95980712,4399,-73.027176,-36.816442,1491128,2022,1,2022/11/20 00:00:00+00,8,REGION BIO BIO,8101,CONCEPCION,51,CHOQUE FRONTAL,40,CHOQUE,1,URBANA,1,TRAMO DE VIA RECTA,24,CONDUCCION EN ESTADO DE EBRIEDAD,4,ALCOHOL EN CONDUCTOR,0,GENERAL NOVOA,0,0,- GENERAL NOVOA,327,0,0,0,3,0,1,UNIDIRECCIONAL,1,CONCRETO,1,BUENO,1,SECO,1,DESPEJADO,0,0,0,0,1,04:30:00