X,Y,FID,POINT_X,POINT_Y,Idaccident,Año,Claseaccid,Fecha,Cód_Regi,Región,Cód_Comun,Comuna,Cód_Tipo,Tipo_Accid,Cód_Tip_1,Tipo__CONA,Cód_Zona,Zona,Cód_Ubica,Ubicación,Cód_Causa,Causa,Cód_Cau_1,Causa__CON,Cód_Calle,Calle_Uno,Cód_Cal_1,Calle_Dos,Intersecci,Número,Ruta,Cód_Ruta,Ubicaci_1,Pistas_de,Pistas_d_1,Cód_Calza,Calzada,Cód__Tipo,Tipo_Calza,Cód_Estad,Estado_Cal,Cód_Condi,Condición,Cód_Est_1,Estado_Atm,Fallecidos,Graves,Menos_Grav,Leves,Ilesos,Hora_1
-8137446.98462394,-4403607.14704967,4445,-73.09993,-36.74489,1491792,2022,1,2022/11/20 00:00:00+00,8,REGION BIO BIO,8110,TALCAHUANO,10,ATROPELLO,10,ATROPELLO,1,URBANA,11,CRUCE CON SEMAFORO FUNCIONANDO,31,NO RESPETAR DERECHO PREFERENTE DE PASO A PEATON,1,IMPRUDENCIA DEL CONDUCTOR,0,DESIDERIO GARCIA,0,0,- DESIDERIO GARCIA,205,0,0,0,1,1,3,BIDIRECCIONAL CON BANDEJON,1,CONCRETO,1,BUENO,1,SECO,1,DESPEJADO,0,0,0,1,1,19:20:00
-8134367.45336259,-4407346.49557554,4446,-73.072266,-36.771802,1491796,2022,1,2022/11/22 00:00:00+00,8,REGION BIO BIO,8110,TALCAHUANO,31,COLISION FRONTAL,30,COLISION,1,URBANA,1,TRAMO DE VIA RECTA,29,CONDUCCION CAMBIAR SORPRESIVAMENTE PISTA CIRCULACION,1,IMPRUDENCIA DEL CONDUCTOR,0,CALLE G,0,0,- CALLE G,909,0,0,0,1,1,2,BIDIRECCIONAL,1,CONCRETO,1,BUENO,1,SECO,1,DESPEJADO,0,0,0,1,1,17:00:00
-8139239.85181486,-4394761.01678558,4447,-73.116036,-36.681187,1491800,2022,1,2022/11/23 00:00:00+00,8,REGION BIO BIO,8110,TALCAHUANO,31,COLISION FRONTAL,30,COLISION,1,URBANA,1,TRAMO DE VIA RECTA,1,FALLAS MECANICAS FRENOS,12,FALLAS MECANICAS,0,MICHIMALONGO,0,0,- MICHIMALONGO,4831,0,0,0,1,1,2,BIDIRECCIONAL,1,CONCRETO,1,BUENO,1,SECO,1,DESPEJADO,0,1,1,1,1,12:50:00
-8136567.72762591,-4405347.56963467,4448,-73.092032,-36.757417,1491803,2022,1,2022/11/22 00:00:00+00,8,REGION BIO BIO,8110,TALCAHUANO,32,COLISION LATERAL,30,COLISION,1,URBANA,11,CRUCE CON SEMAFORO FUNCIONANDO,91,VIRAJES INDEBIDOS,1,IMPRUDENCIA DEL CONDUCTOR,0,LAS HORTENSIAS,0,0,- LAS HORTENSIAS,4994,0,0,0,1,1,2,BIDIRECCIONAL,1,CONCRETO,1,BUENO,1,SECO,1,DESPEJADO,0,0,0,0,2,11:15:00
-8129751.22332252,-4413290.53111811,4449,-73.030798,-36.814562,1491823,2022,1,2022/11/23 00:00:00+00,8,REGION BIO BIO,8101,CONCEPCION,10,ATROPELLO,10,ATROPELLO,1,URBANA,1,TRAMO DE VIA RECTA,52,PEATON CRUZA CALZADA FORMA SORPRESIVA O DESCUIDADA,2,IMPRUDENCIA DEL PEATON,0,COLLAO,0,JUAN BOSCO,COLLAO - JUAN BOSCO,0,0,0,0,2,2,2,BIDIRECCIONAL,1,CONCRETO,1,BUENO,1,SECO,1,DESPEJADO,0,0,1,0,1,16:00:00
-8129751.22332252,-4413290.53111811,4450,-73.030798,-36.814562,1491828,2022,1,2022/11/23 00:00:00+00,8,REGION BIO BIO,8101,CONCEPCION,32,COLISION LATERAL,30,COLISION,1,URBANA,11,CRUCE CON SEMAFORO FUNCIONANDO,91,VIRAJES INDEBIDOS,1,IMPRUDENCIA DEL CONDUCTOR,0,JUAN BOSCO,0,COLLAO,COLLAO - JUAN BOSCO,0,0,0,0,2,2,3,BIDIRECCIONAL CON BANDEJON,1,CONCRETO,1,BUENO,1,SECO,1,DESPEJADO,0,0,0,0,2,20:10:00
-8137008.19658708,-4416942.57680957,4451,-73.095988,-36.840822,1491912,2022,1,2022/11/16 00:00:00+00,8,REGION BIO BIO,8108,SAN PEDRO DE LA PAZ,51,CHOQUE FRONTAL,40,CHOQUE,1,URBANA,1,TRAMO DE VIA RECTA,24,CONDUCCION EN ESTADO DE EBRIEDAD,4,ALCOHOL EN CONDUCTOR,0,PEDRO LIRA,0,0,- PEDRO LIRA,1080,0,0,0,1,1,2,BIDIRECCIONAL,1,CONCRETO,1,BUENO,1,SECO,2,NUBLADO,0,0,0,0,1,15:15:00
-8137597.07669338,-4416656.12545538,4452,-73.101278,-36.838763,1491914,2022,1,2022/11/10 00:00:00+00,8,REGION BIO BIO,8108,SAN PEDRO DE LA PAZ,10,ATROPELLO,10,ATROPELLO,1,URBANA,11,CRUCE CON SEMAFORO FUNCIONANDO,31,NO RESPETAR DERECHO PREFERENTE DE PASO A PEATON,1,IMPRUDENCIA DEL CONDUCTOR,0,PEDRO AGUIRRE CERDA,0,LOS CANELOS,LOS CANELOS - PEDRO AGUIRRE CERDA,0,0,0,0,2,2,3,BIDIRECCIONAL CON BANDEJON,1,CONCRETO,1,BUENO,1,SECO,1,DESPEJADO,0,0,0,1,1,13:20:00
-8136649.85914622,-4418609.13836897,4453,-73.092769,-36.852802,1491917,2022,1,2022/11/08 00:00:00+00,8,REGION BIO BIO,8108,SAN PEDRO DE LA PAZ,10,ATROPELLO,10,ATROPELLO,1,URBANA,1,TRAMO DE VIA RECTA,31,NO RESPETAR DERECHO PREFERENTE DE PASO A PEATON,1,IMPRUDENCIA DEL CONDUCTOR,0,CAMINO EL VENADO,0,0,- CAMINO EL VENADO,1380,0,0,0,1,1,2,BIDIRECCIONAL,1,CONCRETO,1,BUENO,1,SECO,1,DESPEJADO,0,0,0,1,1,14:00:00
-8132575.74389437,-4415642.71652548,4454,-73.056171,-36.831476,1491921,2022,1,2022/11/25 00:00:00+00,8,REGION BIO BIO,8101,CONCEPCION,34,COLISION PERPENDICULAR,30,COLISION,1,URBANA,11,CRUCE CON SEMAFORO FUNCIONANDO,68,SEÑALIZACION DESOBEDECER LUZ INTERMITENTE SEMAFORO,10,DESOBEDIENCIA A SEÑALIZACION,0,SAN MARTIN,0,SERRANO,SAN MARTIN - SERRANO,0,0,0,0,2,0,1,UNIDIRECCIONAL,1,CONCRETO,1,BUENO,1,SECO,1,DESPEJADO,0,0,0,1,2,12:45:00
-8137850.29513909,-4417009.06511626,4455,-73.103553,-36.8413,1491926,2022,1,2022/11/04 00:00:00+00,8,REGION BIO BIO,8108,SAN PEDRO DE LA PAZ,34,COLISION PERPENDICULAR,30,COLISION,1,URBANA,15,CRUCE CON SEÑAL CEDA EL PASO,64,SEÑALIZACION DESOBEDECER SEÑAL CEDA EL PASO,10,DESOBEDIENCIA A SEÑALIZACION,0,LOS ACACIOS,0,O'HIGGINS,LOS ACACIOS - O'HIGGINS,0,0,0,0,1,1,2,BIDIRECCIONAL,1,CONCRETO,1,BUENO,1,SECO,2,NUBLADO,0,0,0,0,2,10:30:00
-8127157.12296467,-4416921.51762922,4456,-73.007495,-36.840671,1491989,2022,1,2022/11/25 00:00:00+00,8,REGION BIO BIO,8101,CONCEPCION,51,CHOQUE FRONTAL,40,CHOQUE,1,URBANA,2,TRAMO DE VIA CURVA HORIZONTAL,95,PERDIDA CONTROL VEHICULO,9,PERDIDA CONTROL VEHICULO,0,CAMINO NONGUEN,0,0,- CAMINO NONGUEN,2067,0,0,0,1,1,2,BIDIRECCIONAL,1,CONCRETO,1,BUENO,2,HUMEDO,1,DESPEJADO,0,0,0,1,0,17:00:00
-8131605.73924744,-4414428.74737852,4457,-73.047457,-36.822747,1492001,2022,1,2022/11/26 00:00:00+00,8,REGION BIO BIO,8101,CONCEPCION,32,COLISION LATERAL,30,COLISION,1,URBANA,11,CRUCE CON SEMAFORO FUNCIONANDO,91,VIRAJES INDEBIDOS,1,IMPRUDENCIA DEL CONDUCTOR,0,TUCAPEL,0,MAIPU,MAIPU - TUCAPEL,0,0,0,0,3,0,1,UNIDIRECCIONAL,1,CONCRETO,1,BUENO,1,SECO,1,DESPEJADO,0,0,0,0,2,14:00:00
-8137695.61670663,-4410702.98227575,4458,-73.102164,-36.795951,1492004,2022,1,2022/11/28 00:00:00+00,8,REGION BIO BIO,8112,HUALPEN,50,CHOQUE,40,CHOQUE,1,URBANA,1,TRAMO DE VIA RECTA,27,CONDUCCION NO ATENTO CONDICIONES TRANSITO MOMENTO,1,IMPRUDENCIA DEL CONDUCTOR,0,POSTDAM,0,0,- POSTDAM,1071,0,0,0,1,1,2,BIDIRECCIONAL,1,CONCRETO,1,BUENO,1,SECO,1,DESPEJADO,0,0,0,4,1,08:25:00
-8131192.18733915,-4414936.77267193,4459,-73.043742,-36.8264,1492007,2022,1,2022/11/26 00:00:00+00,8,REGION BIO BIO,8101,CONCEPCION,20,CAIDA,20,CAIDA,1,URBANA,11,CRUCE CON SEMAFORO FUNCIONANDO,41,PASAJERO SUBE O DESCIENDE DE VEHICULO MOVIMIENTO,3,IMPRUDENCIA DEL PASAJERO,0,SAN MARTIN,0,OROMPELLO,OROMPELLO - SAN MARTIN,0,0,0,0,2,0,1,UNIDIRECCIONAL,1,CONCRETO,1,BUENO,1,SECO,1,DESPEJADO,0,0,0,1,1,16:00:00
-8131906.1014975,-4412789.8841092,4460,-73.050155,-36.810961,1492014,2022,1,2022/11/26 00:00:00+00,8,REGION BIO BIO,8101,CONCEPCION,99,OTRO TIPO,99,OTRO TIPO,1,URBANA,11,CRUCE CON SEMAFORO FUNCIONANDO,41,PASAJERO SUBE O DESCIENDE DE VEHICULO MOVIMIENTO,3,IMPRUDENCIA DEL PASAJERO,0,PAICAVI,0,LOS CARRERA,LOS CARRERA - PAICAVI,0,0,0,0,3,3,3,BIDIRECCIONAL CON BANDEJON,1,CONCRETO,1,BUENO,1,SECO,1,DESPEJADO,0,0,0,1,1,21:30:00
-8125550.78271252,-4402325.80411371,4461,-72.993065,-36.735666,1492019,2022,1,2022/11/26 00:00:00+00,8,REGION BIO BIO,8107,PENCO,66,CHOQUE LADO/POSTERIOR,40,CHOQUE,1,URBANA,1,TRAMO DE VIA RECTA,27,CONDUCCION NO ATENTO CONDICIONES TRANSITO MOMENTO,1,IMPRUDENCIA DEL CONDUCTOR,0,COCHRANE,0,0,- COCHRANE,106,0,0,0,2,0,1,UNIDIRECCIONAL,2,ASFALTO,1,BUENO,1,SECO,1,DESPEJADO,0,0,0,1,1,20:00:00
-8132270.45019087,-4417101.95470588,4462,-73.053428,-36.841968,1492059,2022,1,2022/11/28 00:00:00+00,8,REGION BIO BIO,8101,CONCEPCION,33,COLISION POR ALCANCE,30,COLISION,1,URBANA,1,TRAMO DE VIA RECTA,28,CONDUCCION SIN MANTENER DISTANCIA RAZONABLE NI PRUDENTE,1,IMPRUDENCIA DEL CONDUCTOR,0,PEDRO DE VALDIVIA,0,0,- PEDRO DE VALDIVIA,611,0,0,0,2,2,3,BIDIRECCIONAL CON BANDEJON,1,CONCRETO,1,BUENO,1,SECO,1,DESPEJADO,0,0,0,0,2,08:45:00
-8131182.63612684,-4414007.28182355,4463,-73.043656,-36.819716,1492070,2022,1,2022/11/24 00:00:00+00,8,REGION BIO BIO,8101,CONCEPCION,32,COLISION LATERAL,30,COLISION,1,URBANA,24,ROTONDA,29,CONDUCCION CAMBIAR SORPRESIVAMENTE PISTA CIRCULACION,1,IMPRUDENCIA DEL CONDUCTOR,0,LOS CARRERA,0,PAICAVI,LOS CARRERA - PAICAVI,0,0,0,0,3,3,3,BIDIRECCIONAL CON BANDEJON,1,CONCRETO,1,BUENO,1,SECO,1,DESPEJADO,0,0,0,0,2,13:33:00
-8040853.13663543,-4541909.15534595,4464,-72.232213,-37.733946,1492110,2022,1,2022/11/24 00:00:00+00,8,REGION BIO BIO,8305,MULCHEN,10,ATROPELLO,10,ATROPELLO,1,URBANA,16,CRUCE SIN SEÑALIZACION,27,CONDUCCION NO ATENTO CONDICIONES TRANSITO MOMENTO,1,IMPRUDENCIA DEL CONDUCTOR,0,HUAMBLIN,0,CONDELL,CONDELL - HUAMBLIN,0,0,0,0,2,0,1,UNIDIRECCIONAL,1,CONCRETO,1,BUENO,1,SECO,1,DESPEJADO,0,1,0,0,1,17:30:00
-8091606.63132264,-4508690.41878557,4465,-72.688139,-37.49757,1492254,2022,1,2022/11/26 00:00:00+00,8,REGION BIO BIO,8306,NACIMIENTO,30,COLISION,30,COLISION,1,URBANA,14,CRUCE CON SEÑAL PARE,27,CONDUCCION NO ATENTO CONDICIONES TRANSITO MOMENTO,1,IMPRUDENCIA DEL CONDUCTOR,0,JULIO HEMMELMANN,0,JUAN ANTONIO RIOS,JUAN ANTONIO RIOS - JULIO HEMMELMANN,0,0,0,0,1,1,2,BIDIRECCIONAL,2,ASFALTO,1,BUENO,1,SECO,1,DESPEJADO,0,0,0,4,2,22:30:00
-8090056.11779512,-4508942.93878119,4466,-72.674211,-37.49937,1492300,2022,1,2022/11/27 00:00:00+00,8,REGION BIO BIO,8306,NACIMIENTO,50,CHOQUE,40,CHOQUE,1,URBANA,26,OTROS NO CONSIDERADOS,97,CAUSAS NO DETERMINADAS,13,CAUSAS NO DETERMINADAS,0,VILLA ALEGRE,0,0,- VILLA ALEGRE,675,0,0,0,1,1,2,BIDIRECCIONAL,2,ASFALTO,1,BUENO,1,SECO,1,DESPEJADO,0,0,0,0,2,11:50:00
-8137148.24763845,-4409408.05363888,4467,-73.097246,-36.786635,1492371,2022,1,2022/11/28 00:00:00+00,8,REGION BIO BIO,8112,HUALPEN,10,ATROPELLO,10,ATROPELLO,1,URBANA,14,CRUCE CON SEÑAL PARE,65,SEÑALIZACION DESOBEDECER SEÑAL PARE,10,DESOBEDIENCIA A SEÑALIZACION,0,TOSCANIA,0,LA RECONQUISTA,LA RECONQUISTA - TOSCANIA,0,0,0,0,1,1,2,BIDIRECCIONAL,1,CONCRETO,1,BUENO,1,SECO,1,DESPEJADO,0,0,0,1,1,22:30:00
-8017360.97261121,-4532917.54244323,4468,-72.021179,-37.670038,1492394,2022,1,2022/11/26 00:00:00+00,8,REGION BIO BIO,8311,SANTA BARBARA,30,COLISION,30,COLISION,1,URBANA,14,CRUCE CON SEÑAL PARE,27,CONDUCCION NO ATENTO CONDICIONES TRANSITO MOMENTO,1,IMPRUDENCIA DEL CONDUCTOR,0,ARTURO PRAT,0,LAS ROSAS,ARTURO PRAT - LAS ROSAS,0,0,0,0,1,1,2,BIDIRECCIONAL,1,CONCRETO,1,BUENO,1,SECO,1,DESPEJADO,0,0,0,1,3,19:20:00
-8127225.46200007,-4414279.38023457,4469,-73.008109,-36.821673,1492455,2022,1,2022/11/28 00:00:00+00,8,REGION BIO BIO,8101,CONCEPCION,53,CHOQUE POSTERIOR,40,CHOQUE,1,URBANA,11,CRUCE CON SEMAFORO FUNCIONANDO,27,CONDUCCION NO ATENTO CONDICIONES TRANSITO MOMENTO,1,IMPRUDENCIA DEL CONDUCTOR,0,CAMINO NONGUEN,0,COLLAO,CAMINO NONGUEN - COLLAO,0,0,0,0,1,1,2,BIDIRECCIONAL,1,CONCRETO,1,BUENO,1,SECO,1,DESPEJADO,0,0,0,0,2,16:30:00
-8091842.2835527,-4508421.60119174,4470,-72.690256,-37.495654,1492469,2022,1,2022/11/26 00:00:00+00,8,REGION BIO BIO,8306,NACIMIENTO,33,COLISION POR ALCANCE,30,COLISION,1,URBANA,1,TRAMO DE VIA RECTA,28,CONDUCCION SIN MANTENER DISTANCIA RAZONABLE NI PRUDENTE,1,IMPRUDENCIA DEL CONDUCTOR,0,JULIO HEMMELMANN,0,0,- JULIO HEMMELMANN,1,0,0,0,1,1,2,BIDIRECCIONAL,1,CONCRETO,1,BUENO,1,SECO,1,DESPEJADO,0,0,0,1,1,06:29:00
-8139023.5469123,-4417288.50137393,4471,-73.114092,-36.843309,1492470,2022,1,2022/11/03 00:00:00+00,8,REGION BIO BIO,8108,SAN PEDRO DE LA PAZ,62,CHOQUE FRENTE/LADO,40,CHOQUE,1,URBANA,14,CRUCE CON SEÑAL PARE,65,SEÑALIZACION DESOBEDECER SEÑAL PARE,10,DESOBEDIENCIA A SEÑALIZACION,0,BAYONA,0,LOS ACACIOS,BAYONA - LOS ACACIOS,0,0,0,0,1,1,2,BIDIRECCIONAL,1,CONCRETO,1,BUENO,1,SECO,1,DESPEJADO,0,0,0,0,2,17:00:00
-8135534.40445262,-4416855.33587939,4472,-73.082749,-36.840195,1492480,2022,1,2022/11/12 00:00:00+00,8,REGION BIO BIO,8108,SAN PEDRO DE LA PAZ,34,COLISION PERPENDICULAR,30,COLISION,1,URBANA,1,TRAMO DE VIA RECTA,32,NO RESPETAR DERECHO PREFERENTE DE PASO A VEHICULO,1,IMPRUDENCIA DEL CONDUCTOR,0,PEDRO AGUIRRE CERDA,0,0,- PEDRO AGUIRRE CERDA,450,0,0,0,1,1,2,BIDIRECCIONAL,1,CONCRETO,1,BUENO,1,SECO,1,DESPEJADO,0,2,0,1,1,15:15:00
-8139165.83548543,-4416550.83280584,4473,-73.115371,-36.838006,1492487,2022,1,2022/11/08 00:00:00+00,8,REGION BIO BIO,8108,SAN PEDRO DE LA PAZ,10,ATROPELLO,10,ATROPELLO,1,URBANA,11,CRUCE CON SEMAFORO FUNCIONANDO,53,IMPRUDENCIA DEL PEATON,2,IMPRUDENCIA DEL PEATON,0,PEDRO AGUIRRE CERDA,0,LOS AVELLANOS,LOS AVELLANOS - PEDRO AGUIRRE CERDA,0,0,0,0,2,2,3,BIDIRECCIONAL CON BANDEJON,1,CONCRETO,1,BUENO,1,SECO,1,DESPEJADO,0,1,0,0,1,16:30:00
-8137151.77646631,-4416665.58376289,4474,-73.097278,-36.838831,1492500,2022,1,2022/11/07 00:00:00+00,8,REGION BIO BIO,8108,SAN PEDRO DE LA PAZ,10,ATROPELLO,10,ATROPELLO,1,URBANA,11,CRUCE CON SEMAFORO FUNCIONANDO,55,PEATON CRUZA CALZADA FUERA PASO PEATONES,2,IMPRUDENCIA DEL PEATON,0,PEDRO AGUIRRE CERDA,0,COLIPI,COLIPI - PEDRO AGUIRRE CERDA,0,0,0,0,2,2,3,BIDIRECCIONAL CON BANDEJON,1,CONCRETO,1,BUENO,1,SECO,1,DESPEJADO,0,1,0,0,1,08:05:00
-8041394.98425686,-4541449.2690846,4475,-72.23708,-37.730679,1492519,2022,1,2022/11/29 00:00:00+00,8,REGION BIO BIO,8305,MULCHEN,50,CHOQUE,40,CHOQUE,1,URBANA,26,OTROS NO CONSIDERADOS,27,CONDUCCION NO ATENTO CONDICIONES TRANSITO MOMENTO,1,IMPRUDENCIA DEL CONDUCTOR,0,EL ARRAYAN,0,0,- EL ARRAYAN,11,0,0,0,2,0,1,UNIDIRECCIONAL,1,CONCRETO,1,BUENO,1,SECO,1,DESPEJADO,0,0,0,0,2,10:00:00
-8134445.15436716,-4418688.11608603,4476,-73.072964,-36.85337,1492537,2022,1,2022/11/14 00:00:00+00,8,REGION BIO BIO,8108,SAN PEDRO DE LA PAZ,33,COLISION POR ALCANCE,30,COLISION,1,URBANA,1,TRAMO DE VIA RECTA,28,CONDUCCION SIN MANTENER DISTANCIA RAZONABLE NI PRUDENTE,1,IMPRUDENCIA DEL CONDUCTOR,0,ERNESTO PINTO LAGARRIGUE,0,0,- ERNESTO PINTO LAGARRIGUE,1140,0,0,0,1,1,2,BIDIRECCIONAL,1,CONCRETO,1,BUENO,1,SECO,1,DESPEJADO,0,0,0,1,1,16:00:00
-8136572.1024819,-4417000.5106351,4477,-73.092071,-36.841238,1492543,2022,1,2022/11/16 00:00:00+00,8,REGION BIO BIO,8108,SAN PEDRO DE LA PAZ,31,COLISION FRONTAL,30,COLISION,1,URBANA,1,TRAMO DE VIA RECTA,23,CONDUCCION CONTRA SENTIDO DEL TRANSITO,1,IMPRUDENCIA DEL CONDUCTOR,0,COLO COLO,0,0,- COLO COLO,249,0,0,0,1,0,1,UNIDIRECCIONAL,1,CONCRETO,1,BUENO,1,SECO,1,DESPEJADO,0,0,0,0,2,08:41:00
-8136775.171497,-4417556.17672849,4478,-73.093895,-36.845233,1492547,2022,1,2022/11/18 00:00:00+00,8,REGION BIO BIO,8108,SAN PEDRO DE LA PAZ,51,CHOQUE FRONTAL,40,CHOQUE,1,URBANA,15,CRUCE CON SEÑAL CEDA EL PASO,1,FALLAS MECANICAS FRENOS,12,FALLAS MECANICAS,0,CAMINO EL VENADO,0,MOLCO,CAMINO EL VENADO - MOLCO,0,0,0,0,2,2,3,BIDIRECCIONAL CON BANDEJON,1,CONCRETO,1,BUENO,1,SECO,1,DESPEJADO,0,0,0,0,1,13:10:00
-8141876.98828786,-4417199.44930906,4479,-73.139725,-36.842669,1492556,2022,1,2022/11/15 00:00:00+00,8,REGION BIO BIO,8108,SAN PEDRO DE LA PAZ,63,CHOQUE FRENTE/POSTERIOR,40,CHOQUE,1,URBANA,1,TRAMO DE VIA RECTA,95,PERDIDA CONTROL VEHICULO,9,PERDIDA CONTROL VEHICULO,0,NUEVA,0,0,- NUEVA,1235,0,0,0,1,1,2,BIDIRECCIONAL,1,CONCRETO,1,BUENO,1,SECO,1,DESPEJADO,0,0,0,0,2,10:16:00
-8054070.57845112,-4504429.08475819,4480,-72.350947,-37.467193,1492557,2022,1,2022/11/23 00:00:00+00,8,REGION BIO BIO,8301,LOS ANGELES,63,CHOQUE FRENTE/POSTERIOR,40,CHOQUE,1,URBANA,26,OTROS NO CONSIDERADOS,27,CONDUCCION NO ATENTO CONDICIONES TRANSITO MOMENTO,1,IMPRUDENCIA DEL CONDUCTOR,0,COLON,0,0,- COLON,575,0,0,0,2,0,1,UNIDIRECCIONAL,5,RIPIO,1,BUENO,0,0,1,DESPEJADO,0,0,0,0,2,09:00:00
-8137125.2601636,-4416704.6550076,4481,-73.09704,-36.839111,1492560,2022,1,2022/11/16 00:00:00+00,8,REGION BIO BIO,8108,SAN PEDRO DE LA PAZ,32,COLISION LATERAL,30,COLISION,1,URBANA,1,TRAMO DE VIA RECTA,29,CONDUCCION CAMBIAR SORPRESIVAMENTE PISTA CIRCULACION,1,IMPRUDENCIA DEL CONDUCTOR,0,PEDRO AGUIRRE CERDA,0,0,- PEDRO AGUIRRE CERDA,1055,0,0,0,2,2,3,BIDIRECCIONAL CON BANDEJON,1,CONCRETO,1,BUENO,1,SECO,1,DESPEJADO,0,0,0,1,1,10:00:00
-8054700.13469936,-4504302.81524929,4482,-72.356602,-37.466293,1492629,2022,1,2022/11/24 00:00:00+00,8,REGION BIO BIO,8301,LOS ANGELES,32,COLISION LATERAL,30,COLISION,1,URBANA,11,CRUCE CON SEMAFORO FUNCIONANDO,27,CONDUCCION NO ATENTO CONDICIONES TRANSITO MOMENTO,1,IMPRUDENCIA DEL CONDUCTOR,0,ARTURO PRAT,0,COLO COLO,ARTURO PRAT - COLO COLO,0,0,0,0,1,1,2,BIDIRECCIONAL,1,CONCRETO,1,BUENO,1,SECO,1,DESPEJADO,0,1,0,1,0,19:00:00
-8129430.36715421,-4427386.01621747,4483,-73.027916,-36.915866,1492720,2022,1,2022/11/21 00:00:00+00,8,REGION BIO BIO,8103,CHIGUAYANTE,32,COLISION LATERAL,30,COLISION,1,URBANA,1,TRAMO DE VIA RECTA,97,CAUSAS NO DETERMINADAS,13,CAUSAS NO DETERMINADAS,0,COSTANERA,0,8 ORIENTE,8 ORIENTE - COSTANERA,0,0,0,0,2,0,1,UNIDIRECCIONAL,1,CONCRETO,1,BUENO,1,SECO,1,DESPEJADO,0,0,0,0,2,19:00:00
-8129102.2084273,-4428853.60758628,4484,-73.024968,-36.926405,1492759,2022,1,2022/11/22 00:00:00+00,8,REGION BIO BIO,8103,CHIGUAYANTE,34,COLISION PERPENDICULAR,30,COLISION,1,URBANA,16,CRUCE SIN SEÑALIZACION,97,CAUSAS NO DETERMINADAS,13,CAUSAS NO DETERMINADAS,0,MANUEL RODRIGUEZ,0,FRAGATA LAUTARO,FRAGATA LAUTARO - MANUEL RODRIGUEZ,0,0,0,0,1,1,2,BIDIRECCIONAL,1,CONCRETO,1,BUENO,1,SECO,1,DESPEJADO,0,0,0,1,1,11:30:00
-8132789.23241381,-4415221.55057195,4485,-73.058089,-36.828448,1492797,2022,1,2022/11/29 00:00:00+00,8,REGION BIO BIO,8101,CONCEPCION,34,COLISION PERPENDICULAR,30,COLISION,1,URBANA,11,CRUCE CON SEMAFORO FUNCIONANDO,62,SEÑALIZACION DESOBEDECER LUZ ROJA DE SEMAFORO,10,DESOBEDIENCIA A SEÑALIZACION,0,FREIRE,0,SERRANO,FREIRE - SERRANO,0,0,0,0,2,0,1,UNIDIRECCIONAL,1,CONCRETO,1,BUENO,1,SECO,1,DESPEJADO,0,1,0,1,0,21:15:00
-8053763.39231628,-4504292.61894411,4486,-72.348187,-37.46622,1492803,2022,1,2022/11/24 00:00:00+00,8,REGION BIO BIO,8301,LOS ANGELES,32,COLISION LATERAL,30,COLISION,1,URBANA,1,TRAMO DE VIA RECTA,91,VIRAJES INDEBIDOS,1,IMPRUDENCIA DEL CONDUCTOR,0,VILLAGRAN,0,TUCAPEL,TUCAPEL - VILLAGRAN,0,0,0,0,3,0,1,UNIDIRECCIONAL,1,CONCRETO,1,BUENO,1,SECO,1,DESPEJADO,0,0,0,0,2,12:25:00
-8056186.61725577,-4504993.85893054,4487,-72.369956,-37.47122,1492806,2022,1,2022/11/25 00:00:00+00,8,REGION BIO BIO,8301,LOS ANGELES,30,COLISION,30,COLISION,1,URBANA,14,CRUCE CON SEÑAL PARE,27,CONDUCCION NO ATENTO CONDICIONES TRANSITO MOMENTO,1,IMPRUDENCIA DEL CONDUCTOR,0,HUEPIL,0,COLO COLO,COLO COLO - HUEPIL,0,0,0,0,2,0,1,UNIDIRECCIONAL,1,CONCRETO,1,BUENO,1,SECO,1,DESPEJADO,0,0,0,0,2,20:30:00
-8131337.42587879,-4415634.96980311,4488,-73.045047,-36.831421,1492812,2022,1,2022/11/30 00:00:00+00,8,REGION BIO BIO,8101,CONCEPCION,32,COLISION LATERAL,30,COLISION,1,URBANA,16,CRUCE SIN SEÑALIZACION,28,CONDUCCION SIN MANTENER DISTANCIA RAZONABLE NI PRUDENTE,1,IMPRUDENCIA DEL CONDUCTOR,0,VICTOR LAMAS,0,COLO COLO,COLO COLO - VICTOR LAMAS,0,0,0,0,3,0,1,UNIDIRECCIONAL,1,CONCRETO,1,BUENO,1,SECO,1,DESPEJADO,0,0,0,0,2,19:50:00
-8052230.79009483,-4503345.13513974,4489,-72.33442,-37.459464,1492820,2022,1,2022/11/24 00:00:00+00,8,REGION BIO BIO,8301,LOS ANGELES,53,CHOQUE POSTERIOR,40,CHOQUE,1,URBANA,1,TRAMO DE VIA RECTA,27,CONDUCCION NO ATENTO CONDICIONES TRANSITO MOMENTO,1,IMPRUDENCIA DEL CONDUCTOR,0,VICENTE BLASCO,0,0,- VICENTE BLASCO,818,0,0,0,1,1,2,BIDIRECCIONAL,1,CONCRETO,1,BUENO,1,SECO,1,DESPEJADO,0,0,0,0,1,23:50:00
-8133282.77850819,-4415980.21206422,4490,-73.062522,-36.833903,1492823,2022,1,2022/11/19 00:00:00+00,8,REGION BIO BIO,8101,CONCEPCION,50,CHOQUE,40,CHOQUE,1,URBANA,1,TRAMO DE VIA RECTA,27,CONDUCCION NO ATENTO CONDICIONES TRANSITO MOMENTO,1,IMPRUDENCIA DEL CONDUCTOR,0,ZAÑARTU,0,0,- ZAÑARTU,312,0,0,0,2,0,1,UNIDIRECCIONAL,1,CONCRETO,1,BUENO,1,SECO,1,DESPEJADO,0,0,0,0,2,20:00:00