X,Y,FID,POINT_X,POINT_Y,Idaccident,Año,Claseaccid,Fecha,Cód_Regi,Región,Cód_Comun,Comuna,Cód_Tipo,Tipo_Accid,Cód_Tip_1,Tipo__CONA,Cód_Zona,Zona,Cód_Ubica,Ubicación,Cód_Causa,Causa,Cód_Cau_1,Causa__CON,Cód_Calle,Calle_Uno,Cód_Cal_1,Calle_Dos,Intersecci,Número,Ruta,Cód_Ruta,Ubicaci_1,Pistas_de,Pistas_d_1,Cód_Calza,Calzada,Cód__Tipo,Tipo_Calza,Cód_Estad,Estado_Cal,Cód_Condi,Condición,Cód_Est_1,Estado_Atm,Fallecidos,Graves,Menos_Grav,Leves,Ilesos,Hora_1
-8138864.67173504,-4410886.55305724,5038,-73.112665,-36.797271,1483920,2022,1,2022/10/23 00:00:00+00,8,REGION BIO BIO,8112,HUALPEN,10,ATROPELLO,10,ATROPELLO,1,URBANA,15,CRUCE CON SEÑAL CEDA EL PASO,31,NO RESPETAR DERECHO PREFERENTE DE PASO A PEATON,1,IMPRUDENCIA DEL CONDUCTOR,0,AVENIDA DOS,0,CATALUÑA,AVENIDA DOS - CATALUÑA,0,0,0,0,2,2,2,BIDIRECCIONAL,1,CONCRETO,1,BUENO,1,SECO,1,DESPEJADO,0,1,0,0,1,17:50:00
-8053270.52527079,-4507172.90136749,5039,-72.34376,-37.486754,1495825,2022,1,2022/12/08 00:00:00+00,8,REGION BIO BIO,8301,LOS ANGELES,51,CHOQUE FRONTAL,40,CHOQUE,1,URBANA,16,CRUCE SIN SEÑALIZACION,24,CONDUCCION EN ESTADO DE EBRIEDAD,4,ALCOHOL EN CONDUCTOR,0,LOS CARRERA,0,RENE SEPULVEDA,LOS CARRERA - RENE SEPULVEDA,0,0,0,0,1,1,2,BIDIRECCIONAL,1,CONCRETO,1,BUENO,1,SECO,3,LLUVIA,0,0,0,0,1,05:45:00
-8125564.74217667,-4402224.95907021,5040,-72.99319,-36.73494,1477031,2022,1,2022/09/08 00:00:00+00,8,REGION BIO BIO,8107,PENCO,52,CHOQUE LATERAL,40,CHOQUE,1,URBANA,1,TRAMO DE VIA RECTA,65,SEÑALIZACION DESOBEDECER SEÑAL PARE,10,DESOBEDIENCIA A SEÑALIZACION,0,EL ROBLE,0,0,- EL ROBLE,1,0,0,0,2,0,1,UNIDIRECCIONAL,2,ASFALTO,1,BUENO,1,SECO,1,DESPEJADO,0,0,0,0,2,16:45:00
-8128735.92277479,-4429903.6507205,5041,-73.021677,-36.933946,1483930,2022,1,2022/10/12 00:00:00+00,8,REGION BIO BIO,8103,CHIGUAYANTE,34,COLISION PERPENDICULAR,30,COLISION,1,URBANA,11,CRUCE CON SEMAFORO FUNCIONANDO,97,CAUSAS NO DETERMINADAS,13,CAUSAS NO DETERMINADAS,0,MANUEL RODRIGUEZ,0,LIBERTAD,LIBERTAD - MANUEL RODRIGUEZ,0,0,0,0,2,2,3,BIDIRECCIONAL CON BANDEJON,1,CONCRETO,1,BUENO,1,SECO,1,DESPEJADO,0,0,0,1,1,15:35:00
-8054917.80883165,-4504794.45161648,5042,-72.358558,-37.469798,1495836,2022,1,2022/12/08 00:00:00+00,8,REGION BIO BIO,8301,LOS ANGELES,32,COLISION LATERAL,30,COLISION,1,URBANA,11,CRUCE CON SEMAFORO FUNCIONANDO,27,CONDUCCION NO ATENTO CONDICIONES TRANSITO MOMENTO,1,IMPRUDENCIA DEL CONDUCTOR,0,ARTURO PRAT,0,RICARDO VICUÑA,ARTURO PRAT - RICARDO VICUÑA,0,0,0,0,1,1,2,BIDIRECCIONAL,2,ASFALTO,1,BUENO,1,SECO,2,NUBLADO,0,0,1,0,5,21:25:00
-8041683.21268242,-4540148.50030452,5043,-72.239669,-37.721436,1483952,2022,1,2022/10/21 00:00:00+00,8,REGION BIO BIO,8305,MULCHEN,50,CHOQUE,40,CHOQUE,1,URBANA,1,TRAMO DE VIA RECTA,97,CAUSAS NO DETERMINADAS,13,CAUSAS NO DETERMINADAS,0,ANIBAL PINTO,0,0,- ANIBAL PINTO,930,0,0,0,1,1,2,BIDIRECCIONAL,2,ASFALTO,1,BUENO,1,SECO,1,DESPEJADO,0,0,0,1,1,13:40:00
-8143016.93326943,-4431064.38662966,5044,-73.149966,-36.94228,1477066,2022,1,2022/09/16 00:00:00+00,8,REGION BIO BIO,8102,CORONEL,70,VOLCADURA,70,VOLCADURA,1,URBANA,1,TRAMO DE VIA RECTA,24,CONDUCCION EN ESTADO DE EBRIEDAD,4,ALCOHOL EN CONDUCTOR,0,VILLA VERDE,0,0,- VILLA VERDE,84,0,0,0,1,1,2,BIDIRECCIONAL,5,RIPIO,2,REGULAR,0,0,3,LLUVIA,0,0,0,1,0,22:00:00
-8127572.27787364,-4430469.49048448,5045,-73.011224,-36.938009,1483961,2022,1,2022/10/13 00:00:00+00,8,REGION BIO BIO,8103,CHIGUAYANTE,32,COLISION LATERAL,30,COLISION,1,URBANA,1,TRAMO DE VIA RECTA,97,CAUSAS NO DETERMINADAS,13,CAUSAS NO DETERMINADAS,0,O'HIGGINS,0,0,- O'HIGGINS,5291,0,0,0,1,1,2,BIDIRECCIONAL,1,CONCRETO,1,BUENO,1,SECO,1,DESPEJADO,0,0,0,0,2,06:20:00
-8121743.06613409,-4385322.04864805,5046,-72.958859,-36.613156,1477077,2022,1,2022/09/20 00:00:00+00,8,REGION BIO BIO,8111,TOME,34,COLISION PERPENDICULAR,30,COLISION,1,URBANA,16,CRUCE SIN SEÑALIZACION,27,CONDUCCION NO ATENTO CONDICIONES TRANSITO MOMENTO,1,IMPRUDENCIA DEL CONDUCTOR,0,CARLOS WERNER,0,LOS CIRUELOS,CARLOS WERNER - LOS CIRUELOS,0,0,0,0,1,1,2,BIDIRECCIONAL,1,CONCRETO,1,BUENO,1,SECO,1,DESPEJADO,0,0,0,0,2,11:40:00
-8057500.83290017,-4504411.20244607,5047,-72.381761,-37.467065,1495852,2022,1,2022/12/09 00:00:00+00,8,REGION BIO BIO,8301,LOS ANGELES,51,CHOQUE FRONTAL,40,CHOQUE,1,URBANA,14,CRUCE CON SEÑAL PARE,24,CONDUCCION EN ESTADO DE EBRIEDAD,4,ALCOHOL EN CONDUCTOR,0,NAHUELBUTA,0,COSTANERA QUILQUE,COSTANERA QUILQUE - NAHUELBUTA,0,0,0,0,2,2,3,BIDIRECCIONAL CON BANDEJON,1,CONCRETO,1,BUENO,1,SECO,1,DESPEJADO,0,0,0,0,1,12:03:00
-8129359.27852739,-4427592.11118169,5048,-73.027277,-36.917346,1483983,2022,1,2022/10/13 00:00:00+00,8,REGION BIO BIO,8103,CHIGUAYANTE,63,CHOQUE FRENTE/POSTERIOR,40,CHOQUE,1,URBANA,14,CRUCE CON SEÑAL PARE,27,CONDUCCION NO ATENTO CONDICIONES TRANSITO MOMENTO,1,IMPRUDENCIA DEL CONDUCTOR,0,O'HIGGINS,0,SANTA SOFIA,O'HIGGINS - SANTA SOFIA,0,0,0,0,1,1,2,BIDIRECCIONAL,1,CONCRETO,1,BUENO,1,SECO,1,DESPEJADO,0,0,0,0,2,17:15:00
-8094399.11414503,-4478762.02143561,5049,-72.713224,-37.283964,1495860,2022,1,2022/12/09 00:00:00+00,8,REGION BIO BIO,8304,LAJA,10,ATROPELLO,10,ATROPELLO,1,URBANA,14,CRUCE CON SEÑAL PARE,31,NO RESPETAR DERECHO PREFERENTE DE PASO A PEATON,1,IMPRUDENCIA DEL CONDUCTOR,0,BALMACEDA,0,ALESSANDRI,ALESSANDRI - BALMACEDA,0,0,0,0,1,1,2,BIDIRECCIONAL,1,CONCRETO,1,BUENO,1,SECO,1,DESPEJADO,0,0,0,1,1,19:05:00
-8121719.9784717,-4386108.19775352,5050,-72.958652,-36.618825,1477081,2022,1,2022/09/21 00:00:00+00,8,REGION BIO BIO,8111,TOME,65,CHOQUE LADO/LADO,40,CHOQUE,1,URBANA,1,TRAMO DE VIA RECTA,97,CAUSAS NO DETERMINADAS,13,CAUSAS NO DETERMINADAS,0,MAIPU,0,0,- MAIPU,1038,0,0,0,1,1,2,BIDIRECCIONAL,1,CONCRETO,1,BUENO,1,SECO,1,DESPEJADO,0,0,0,0,2,09:00:00
-8131873.5739423,-4418970.39283395,5051,-73.049863,-36.855399,1484014,2022,1,2022/10/13 00:00:00+00,8,REGION BIO BIO,8103,CHIGUAYANTE,51,CHOQUE FRONTAL,40,CHOQUE,1,URBANA,1,TRAMO DE VIA RECTA,97,CAUSAS NO DETERMINADAS,13,CAUSAS NO DETERMINADAS,0,PEDRO DE VALDIVIA,0,SANDERS,PEDRO DE VALDIVIA - SANDERS,0,0,0,0,2,2,3,BIDIRECCIONAL CON BANDEJON,1,CONCRETO,1,BUENO,1,SECO,1,DESPEJADO,0,0,0,1,0,11:00:00
-8121354.04904156,-4385167.97108453,5052,-72.955365,-36.612045,1496005,2022,1,2022/12/11 00:00:00+00,8,REGION BIO BIO,8111,TOME,32,COLISION LATERAL,30,COLISION,1,URBANA,1,TRAMO DE VIA RECTA,27,CONDUCCION NO ATENTO CONDICIONES TRANSITO MOMENTO,1,IMPRUDENCIA DEL CONDUCTOR,0,BAMBACH,0,0,- BAMBACH,1040,0,0,0,1,1,2,BIDIRECCIONAL,1,CONCRETO,1,BUENO,1,SECO,1,DESPEJADO,0,0,0,0,2,13:30:00
-8140741.68532905,-4422655.66144804,5053,-73.129527,-36.881884,1477153,2022,1,2022/09/07 00:00:00+00,8,REGION BIO BIO,8108,SAN PEDRO DE LA PAZ,33,COLISION POR ALCANCE,30,COLISION,1,URBANA,1,TRAMO DE VIA RECTA,28,CONDUCCION SIN MANTENER DISTANCIA RAZONABLE NI PRUDENTE,1,IMPRUDENCIA DEL CONDUCTOR,0,MANUEL RODRIGUEZ,0,0,- MANUEL RODRIGUEZ,850,0,0,0,2,0,1,UNIDIRECCIONAL,2,ASFALTO,2,REGULAR,3,MOJADO,3,LLUVIA,0,0,0,1,1,07:50:00
-8128550.87638525,-4430306.44409362,5054,-73.020015,-36.936838,1484018,2022,1,2022/10/15 00:00:00+00,8,REGION BIO BIO,8103,CHIGUAYANTE,10,ATROPELLO,10,ATROPELLO,1,URBANA,11,CRUCE CON SEMAFORO FUNCIONANDO,98,OTRAS CAUSAS,14,OTRAS CAUSAS,0,MANUEL RODRIGUEZ,0,BIO BIO,BIO BIO - MANUEL RODRIGUEZ,0,0,0,0,2,2,3,BIDIRECCIONAL CON BANDEJON,1,CONCRETO,1,BUENO,1,SECO,1,DESPEJADO,0,0,1,0,1,18:55:00
-8137904.49659915,-4417752.06544047,5055,-73.10404,-36.846641,1477154,2022,1,2022/09/06 00:00:00+00,8,REGION BIO BIO,8108,SAN PEDRO DE LA PAZ,50,CHOQUE,40,CHOQUE,1,URBANA,1,TRAMO DE VIA RECTA,27,CONDUCCION NO ATENTO CONDICIONES TRANSITO MOMENTO,1,IMPRUDENCIA DEL CONDUCTOR,0,LOS FRESNOS,0,0,- LOS FRESNOS,220,0,0,0,2,0,1,UNIDIRECCIONAL,2,ASFALTO,2,REGULAR,1,SECO,2,NUBLADO,0,0,0,1,0,03:10:00
-8121251.57945029,-4385897.53618977,5056,-72.954444,-36.617306,1496028,2022,1,2022/12/13 00:00:00+00,8,REGION BIO BIO,8111,TOME,10,ATROPELLO,10,ATROPELLO,1,URBANA,1,TRAMO DE VIA RECTA,31,NO RESPETAR DERECHO PREFERENTE DE PASO A PEATON,1,IMPRUDENCIA DEL CONDUCTOR,0,SOTOMAYOR,0,VICUÑA MACKENNA,SOTOMAYOR - VICUÑA MACKENNA,0,0,0,0,2,0,1,UNIDIRECCIONAL,1,CONCRETO,1,BUENO,1,SECO,1,DESPEJADO,0,0,0,1,1,16:45:00
-8135612.16111694,-4403393.62550635,5057,-73.083448,-36.743353,1484050,2022,1,2022/10/14 00:00:00+00,8,REGION BIO BIO,8110,TALCAHUANO,10,ATROPELLO,10,ATROPELLO,1,URBANA,1,TRAMO DE VIA RECTA,52,PEATON CRUZA CALZADA FORMA SORPRESIVA O DESCUIDADA,2,IMPRUDENCIA DEL PEATON,0,VASCO NUÑEZ DE BALBOA,0,0,- VASCO NUÑEZ DE BALBOA,6350,0,0,0,1,1,2,BIDIRECCIONAL,1,CONCRETO,1,BUENO,1,SECO,1,DESPEJADO,0,0,0,1,1,20:20:00
-8141830.96881036,-4415245.05409409,5058,-73.139312,-36.828617,1477156,2022,1,2022/09/15 00:00:00+00,8,REGION BIO BIO,8108,SAN PEDRO DE LA PAZ,51,CHOQUE FRONTAL,40,CHOQUE,1,URBANA,26,OTROS NO CONSIDERADOS,27,CONDUCCION NO ATENTO CONDICIONES TRANSITO MOMENTO,1,IMPRUDENCIA DEL CONDUCTOR,0,DANIEL BELMAR,0,0,- DANIEL BELMAR,1755,0,0,0,1,0,1,UNIDIRECCIONAL,5,RIPIO,3,MALO,0,0,1,DESPEJADO,0,0,0,0,1,12:00:00
-8132878.43272179,-4408813.03365346,5059,-73.05889,-36.782354,1496038,2022,1,2022/12/13 00:00:00+00,8,REGION BIO BIO,8110,TALCAHUANO,33,COLISION POR ALCANCE,30,COLISION,1,URBANA,1,TRAMO DE VIA RECTA,29,CONDUCCION CAMBIAR SORPRESIVAMENTE PISTA CIRCULACION,1,IMPRUDENCIA DEL CONDUCTOR,0,PRESIDENTE JORGE ALESSANDRI RODRIGUEZ,0,0,- PRESIDENTE JORGE ALESSANDRI RODRIGUEZ,1,0,0,0,1,1,2,BIDIRECCIONAL,1,CONCRETO,1,BUENO,1,SECO,1,DESPEJADO,0,0,0,0,1,21:15:00
-8139146.66626912,-4399010.0576972,5060,-73.115199,-36.711792,1484056,2022,1,2022/10/04 00:00:00+00,8,REGION BIO BIO,8110,TALCAHUANO,32,COLISION LATERAL,30,COLISION,1,URBANA,1,TRAMO DE VIA RECTA,29,CONDUCCION CAMBIAR SORPRESIVAMENTE PISTA CIRCULACION,1,IMPRUDENCIA DEL CONDUCTOR,0,COLON,0,0,- COLON,46,0,0,0,1,1,2,BIDIRECCIONAL,1,CONCRETO,1,BUENO,1,SECO,1,DESPEJADO,0,0,0,1,1,20:00:00
-8135302.75972423,-4416979.86863083,5061,-73.080668,-36.84109,1477157,2022,1,2022/09/15 00:00:00+00,8,REGION BIO BIO,8108,SAN PEDRO DE LA PAZ,32,COLISION LATERAL,30,COLISION,1,URBANA,1,TRAMO DE VIA RECTA,27,CONDUCCION NO ATENTO CONDICIONES TRANSITO MOMENTO,1,IMPRUDENCIA DEL CONDUCTOR,0,PEDRO AGUIRRE CERDA,0,0,- PEDRO AGUIRRE CERDA,350,0,0,0,2,0,1,UNIDIRECCIONAL,2,ASFALTO,1,BUENO,1,SECO,1,DESPEJADO,0,0,0,0,2,13:30:00
-8143530.83969867,-4451946.19525386,5062,-73.154582,-37.092058,1496135,2022,1,2022/12/07 00:00:00+00,8,REGION BIO BIO,8106,LOTA,33,COLISION POR ALCANCE,30,COLISION,1,URBANA,1,TRAMO DE VIA RECTA,27,CONDUCCION NO ATENTO CONDICIONES TRANSITO MOMENTO,1,IMPRUDENCIA DEL CONDUCTOR,0,LA PAZ,0,0,- LA PAZ,663,0,0,0,1,2,2,BIDIRECCIONAL,1,CONCRETO,1,BUENO,1,SECO,1,DESPEJADO,0,0,0,0,2,21:35:00
-8142250.6989504,-4419186.39734209,5063,-73.143083,-36.856952,1477159,2022,1,2022/09/16 00:00:00+00,8,REGION BIO BIO,8108,SAN PEDRO DE LA PAZ,50,CHOQUE,40,CHOQUE,1,URBANA,3,TRAMO DE VIA CURVA VERTICAL,27,CONDUCCION NO ATENTO CONDICIONES TRANSITO MOMENTO,1,IMPRUDENCIA DEL CONDUCTOR,0,4 NORTE,0,0,- 4 NORTE,285,0,0,0,1,0,1,UNIDIRECCIONAL,1,CONCRETO,1,BUENO,1,SECO,2,NUBLADO,0,0,0,1,0,20:25:00
-8135915.17277088,-4408316.78052128,5064,-73.086169,-36.778784,1484063,2022,1,2022/10/05 00:00:00+00,8,REGION BIO BIO,8110,TALCAHUANO,32,COLISION LATERAL,30,COLISION,1,URBANA,1,TRAMO DE VIA RECTA,62,SEÑALIZACION DESOBEDECER LUZ ROJA DE SEMAFORO,10,DESOBEDIENCIA A SEÑALIZACION,0,CRISTOBAL COLON,0,0,- CRISTOBAL COLON,93,0,0,0,1,0,1,UNIDIRECCIONAL,1,CONCRETO,1,BUENO,1,SECO,1,DESPEJADO,0,0,0,1,1,16:25:00
-8128437.05220591,-4431148.42938395,5065,-73.018992,-36.942883,1477198,2022,1,2022/09/08 00:00:00+00,8,REGION BIO BIO,8103,CHIGUAYANTE,10,ATROPELLO,10,ATROPELLO,1,URBANA,26,OTROS NO CONSIDERADOS,98,OTRAS CAUSAS,14,OTRAS CAUSAS,0,LOS AROMOS,0,LOS RADALES,LOS AROMOS - LOS RADALES,0,0,0,0,1,1,2,BIDIRECCIONAL,1,CONCRETO,1,BUENO,1,SECO,1,DESPEJADO,0,0,0,1,1,08:00:00
-8143192.99617607,-4439517.1090114,5066,-73.151547,-37.002944,1496154,2022,1,2022/12/06 00:00:00+00,8,REGION BIO BIO,8102,CORONEL,52,CHOQUE LATERAL,40,CHOQUE,1,URBANA,1,TRAMO DE VIA RECTA,27,CONDUCCION NO ATENTO CONDICIONES TRANSITO MOMENTO,1,IMPRUDENCIA DEL CONDUCTOR,0,LAS TORRES,0,EL ESTERO,EL ESTERO - LAS TORRES,0,0,0,0,1,1,2,BIDIRECCIONAL,2,ASFALTO,1,BUENO,1,SECO,1,DESPEJADO,0,0,0,1,1,13:40:00
-8136618.40025812,-4402893.22111316,5067,-73.092487,-36.739751,1484066,2022,1,2022/10/07 00:00:00+00,8,REGION BIO BIO,8110,TALCAHUANO,63,CHOQUE FRENTE/POSTERIOR,40,CHOQUE,1,URBANA,1,TRAMO DE VIA RECTA,28,CONDUCCION SIN MANTENER DISTANCIA RAZONABLE NI PRUDENTE,1,IMPRUDENCIA DEL CONDUCTOR,0,MANUEL BAYON,0,0,- MANUEL BAYON,595,0,0,0,1,1,2,BIDIRECCIONAL,1,CONCRETO,1,BUENO,1,SECO,1,DESPEJADO,0,0,0,0,2,07:40:00
-8129158.05741583,-4428805.02252319,5068,-73.025469,-36.926057,1477200,2022,1,2022/09/05 00:00:00+00,8,REGION BIO BIO,8103,CHIGUAYANTE,10,ATROPELLO,10,ATROPELLO,1,URBANA,11,CRUCE CON SEMAFORO FUNCIONANDO,97,CAUSAS NO DETERMINADAS,13,CAUSAS NO DETERMINADAS,0,MANUEL RODRIGUEZ,0,0,- MANUEL RODRIGUEZ,586,0,0,0,2,2,3,BIDIRECCIONAL CON BANDEJON,1,CONCRETO,1,BUENO,1,SECO,1,DESPEJADO,0,1,0,0,1,16:00:00
-8136073.49135069,-4403070.86462336,5069,-73.087592,-36.74103,1496210,2022,1,2022/12/15 00:00:00+00,8,REGION BIO BIO,8110,TALCAHUANO,67,CHOQUE POSTERIOR/FRENTE,40,CHOQUE,1,URBANA,1,TRAMO DE VIA RECTA,27,CONDUCCION NO ATENTO CONDICIONES TRANSITO MOMENTO,1,IMPRUDENCIA DEL CONDUCTOR,0,CALLE A,0,0,- CALLE A,909,0,0,0,1,1,2,BIDIRECCIONAL,1,CONCRETO,1,BUENO,1,SECO,1,DESPEJADO,0,0,0,0,2,09:00:00
-8139102.02715331,-4401953.79342279,5070,-73.114797,-36.732988,1484068,2022,1,2022/10/07 00:00:00+00,8,REGION BIO BIO,8110,TALCAHUANO,10,ATROPELLO,10,ATROPELLO,1,URBANA,1,TRAMO DE VIA RECTA,52,PEATON CRUZA CALZADA FORMA SORPRESIVA O DESCUIDADA,2,IMPRUDENCIA DEL PEATON,0,ALTO HORNO,0,0,- ALTO HORNO,250,0,0,0,1,1,2,BIDIRECCIONAL,1,CONCRETO,1,BUENO,1,SECO,1,DESPEJADO,0,0,0,1,1,13:10:00
-8135604.89195419,-4411335.3382094,5071,-73.083382,-36.800499,1477202,2022,1,2022/09/23 00:00:00+00,8,REGION BIO BIO,8112,HUALPEN,30,COLISION,30,COLISION,1,URBANA,22,ENLACE A DESNIVEL,28,CONDUCCION SIN MANTENER DISTANCIA RAZONABLE NI PRUDENTE,1,IMPRUDENCIA DEL CONDUCTOR,0,JORGE ALESSANDRI RODRIGUEZ,0,CRISTOBAL COLON,CRISTOBAL COLON - JORGE ALESSANDRI RODRIGUEZ,0,0,0,0,2,2,3,BIDIRECCIONAL CON BANDEJON,1,CONCRETO,1,BUENO,1,SECO,1,DESPEJADO,0,0,0,0,2,08:50:00
-8144433.42926197,-4436568.94949697,5072,-73.16269,-36.981791,1496247,2022,1,2022/12/06 00:00:00+00,8,REGION BIO BIO,8102,CORONEL,30,COLISION,30,COLISION,1,URBANA,11,CRUCE CON SEMAFORO FUNCIONANDO,27,CONDUCCION NO ATENTO CONDICIONES TRANSITO MOMENTO,1,IMPRUDENCIA DEL CONDUCTOR,0,MANUEL MONTT,0,LAS ENCINAS,LAS ENCINAS - MANUEL MONTT,0,0,0,0,2,2,2,BIDIRECCIONAL,1,CONCRETO,1,BUENO,1,SECO,1,DESPEJADO,0,0,1,0,2,10:40:00
-8129848.43863383,-4425799.44725564,5073,-73.031671,-36.90447,1477204,2022,1,2022/09/09 00:00:00+00,8,REGION BIO BIO,8103,CHIGUAYANTE,51,CHOQUE FRONTAL,40,CHOQUE,1,URBANA,1,TRAMO DE VIA RECTA,95,PERDIDA CONTROL VEHICULO,9,PERDIDA CONTROL VEHICULO,0,8 ORIENTE,0,0,- 8 ORIENTE,1338,0,0,0,2,2,3,BIDIRECCIONAL CON BANDEJON,1,CONCRETO,1,BUENO,1,SECO,1,DESPEJADO,0,0,0,2,0,17:30:00
-8139412.39702559,-4400830.67267319,5074,-73.117586,-36.724902,1484069,2022,1,2022/10/15 00:00:00+00,8,REGION BIO BIO,8110,TALCAHUANO,31,COLISION FRONTAL,30,COLISION,1,URBANA,1,TRAMO DE VIA RECTA,91,VIRAJES INDEBIDOS,1,IMPRUDENCIA DEL CONDUCTOR,0,BILBAO,0,0,- BILBAO,696,0,0,0,1,1,2,BIDIRECCIONAL,1,CONCRETO,1,BUENO,1,SECO,1,DESPEJADO,0,0,0,0,2,17:05:00
-8133009.63387363,-4415159.48205271,5075,-73.060069,-36.828002,1477207,2022,1,2022/09/14 00:00:00+00,8,REGION BIO BIO,8101,CONCEPCION,53,CHOQUE POSTERIOR,40,CHOQUE,1,URBANA,26,OTROS NO CONSIDERADOS,27,CONDUCCION NO ATENTO CONDICIONES TRANSITO MOMENTO,1,IMPRUDENCIA DEL CONDUCTOR,0,ARTURO PRAT,0,MAIPU,ARTURO PRAT - MAIPU,0,0,0,0,4,0,1,UNIDIRECCIONAL,2,ASFALTO,1,BUENO,1,SECO,1,DESPEJADO,0,0,0,0,2,12:15:00
-8132042.79070025,-4417745.763894,5076,-73.051383,-36.846596,1496305,2022,1,2022/12/12 00:00:00+00,8,REGION BIO BIO,8101,CONCEPCION,32,COLISION LATERAL,30,COLISION,1,URBANA,26,OTROS NO CONSIDERADOS,27,CONDUCCION NO ATENTO CONDICIONES TRANSITO MOMENTO,1,IMPRUDENCIA DEL CONDUCTOR,0,LA MOCHITA,0,PEDRO DE VALDIVIA,LA MOCHITA - PEDRO DE VALDIVIA,0,0,0,0,2,0,1,UNIDIRECCIONAL,1,CONCRETO,1,BUENO,1,SECO,1,DESPEJADO,0,0,0,0,2,20:10:00
-8136225.10849715,-4405717.71178891,5077,-73.088954,-36.760081,1484071,2022,1,2022/10/07 00:00:00+00,8,REGION BIO BIO,8110,TALCAHUANO,32,COLISION LATERAL,30,COLISION,1,URBANA,11,CRUCE CON SEMAFORO FUNCIONANDO,62,SEÑALIZACION DESOBEDECER LUZ ROJA DE SEMAFORO,10,DESOBEDIENCIA A SEÑALIZACION,0,GOMEZ CARREÑO,0,MONSEÑOR ALARCON,GOMEZ CARREÑO - MONSEÑOR ALARCON,0,0,0,0,1,1,2,BIDIRECCIONAL,1,CONCRETO,1,BUENO,1,SECO,1,DESPEJADO,0,0,0,0,2,15:34:00
-8129720.63272645,-4425367.38255149,5078,-73.030523,-36.901366,1477224,2022,1,2022/09/10 00:00:00+00,8,REGION BIO BIO,8103,CHIGUAYANTE,51,CHOQUE FRONTAL,40,CHOQUE,1,URBANA,1,TRAMO DE VIA RECTA,95,PERDIDA CONTROL VEHICULO,9,PERDIDA CONTROL VEHICULO,0,O'HIGGINS,0,0,- O'HIGGINS,1070,0,0,0,1,1,2,BIDIRECCIONAL,1,CONCRETO,1,BUENO,1,SECO,1,DESPEJADO,0,0,0,0,1,06:00:00
-8128508.57497875,-4413409.58528889,5079,-73.019635,-36.815418,1496308,2022,1,2022/12/11 00:00:00+00,8,REGION BIO BIO,8101,CONCEPCION,50,CHOQUE,40,CHOQUE,1,URBANA,26,OTROS NO CONSIDERADOS,24,CONDUCCION EN ESTADO DE EBRIEDAD,4,ALCOHOL EN CONDUCTOR,0,GENERAL BONILLA,0,0,- GENERAL BONILLA,2845,0,0,0,1,0,1,UNIDIRECCIONAL,1,CONCRETO,1,BUENO,1,SECO,1,DESPEJADO,0,0,0,0,2,04:25:00
-8135860.34792166,-4407448.84829626,5080,-73.085677,-36.772539,1484079,2022,1,2022/10/08 00:00:00+00,8,REGION BIO BIO,8110,TALCAHUANO,63,CHOQUE FRENTE/POSTERIOR,40,CHOQUE,1,URBANA,1,TRAMO DE VIA RECTA,28,CONDUCCION SIN MANTENER DISTANCIA RAZONABLE NI PRUDENTE,1,IMPRUDENCIA DEL CONDUCTOR,0,CRISTOBAL COLON,0,0,- CRISTOBAL COLON,5679,0,0,0,1,1,2,BIDIRECCIONAL,1,CONCRETO,1,BUENO,1,SECO,1,DESPEJADO,0,0,0,0,2,18:15:00
-8137148.45914548,-4411232.60057952,5081,-73.097248,-36.79976,1477225,2022,1,2022/09/23 00:00:00+00,8,REGION BIO BIO,8112,HUALPEN,63,CHOQUE FRENTE/POSTERIOR,40,CHOQUE,1,URBANA,16,CRUCE SIN SEÑALIZACION,27,CONDUCCION NO ATENTO CONDICIONES TRANSITO MOMENTO,1,IMPRUDENCIA DEL CONDUCTOR,0,PILPILCO,0,TREHUACO,PILPILCO - TREHUACO,0,0,0,0,1,1,2,BIDIRECCIONAL,1,CONCRETO,1,BUENO,1,SECO,1,DESPEJADO,0,0,0,0,2,12:00:00
-8132435.44794012,-4415221.63401632,5082,-73.054911,-36.828449,1496310,2022,1,2022/12/13 00:00:00+00,8,REGION BIO BIO,8101,CONCEPCION,30,COLISION,30,COLISION,1,URBANA,11,CRUCE CON SEMAFORO FUNCIONANDO,27,CONDUCCION NO ATENTO CONDICIONES TRANSITO MOMENTO,1,IMPRUDENCIA DEL CONDUCTOR,0,BARROS ARANA,0,ANGOL,ANGOL - BARROS ARANA,0,0,0,0,1,0,1,UNIDIRECCIONAL,1,CONCRETO,1,BUENO,1,SECO,1,DESPEJADO,0,0,0,0,2,18:50:00
-8129675.258902,-4427699.03095986,5083,-73.030115,-36.918114,1477230,2022,1,2022/09/14 00:00:00+00,8,REGION BIO BIO,8103,CHIGUAYANTE,34,COLISION PERPENDICULAR,30,COLISION,1,URBANA,16,CRUCE SIN SEÑALIZACION,98,OTRAS CAUSAS,14,OTRAS CAUSAS,0,FERNANDO URRA,0,PADRE NOLBERTINOS,FERNANDO URRA - PADRE NOLBERTINOS,0,0,0,0,1,1,2,BIDIRECCIONAL,1,CONCRETO,1,BUENO,1,SECO,1,DESPEJADO,0,0,0,0,2,18:50:00