X,Y,FID,POINT_X,POINT_Y,Idaccident,Año,Claseaccid,Fecha,Cód_Regi,Región,Cód_Comun,Comuna,Cód_Tipo,Tipo_Accid,Cód_Tip_1,Tipo__CONA,Cód_Zona,Zona,Cód_Ubica,Ubicación,Cód_Causa,Causa,Cód_Cau_1,Causa__CON,Cód_Calle,Calle_Uno,Cód_Cal_1,Calle_Dos,Intersecci,Número,Ruta,Cód_Ruta,Ubicaci_1,Pistas_de,Pistas_d_1,Cód_Calza,Calzada,Cód__Tipo,Tipo_Calza,Cód_Estad,Estado_Cal,Cód_Condi,Condición,Cód_Est_1,Estado_Atm,Fallecidos,Graves,Menos_Grav,Leves,Ilesos,Hora_1
-8139470.63938317,-4416468.05988394,5497,-73.118109,-36.83741,1486052,2022,1,2022/10/28 00:00:00+00,8,REGION BIO BIO,8108,SAN PEDRO DE LA PAZ,62,CHOQUE FRENTE/LADO,40,CHOQUE,1,URBANA,11,CRUCE CON SEMAFORO FUNCIONANDO,91,VIRAJES INDEBIDOS,1,IMPRUDENCIA DEL CONDUCTOR,0,DIAGONAL BIO BIO,0,PEDRO AGUIRRE CERDA,DIAGONAL BIO BIO - PEDRO AGUIRRE CERDA,0,0,0,0,1,1,2,BIDIRECCIONAL,2,ASFALTO,1,BUENO,3,MOJADO,2,NUBLADO,0,0,0,0,2,17:30:00
-8144415.31758082,-4437081.51886786,5498,-73.162528,-36.985469,1479352,2022,1,2022/09/24 00:00:00+00,8,REGION BIO BIO,8102,CORONEL,10,ATROPELLO,10,ATROPELLO,1,URBANA,11,CRUCE CON SEMAFORO FUNCIONANDO,27,CONDUCCION NO ATENTO CONDICIONES TRANSITO MOMENTO,1,IMPRUDENCIA DEL CONDUCTOR,0,LOS NOTROS,0,LOS ROBLES,LOS NOTROS - LOS ROBLES,0,0,0,0,1,1,2,BIDIRECCIONAL,1,CONCRETO,1,BUENO,1,SECO,1,DESPEJADO,0,0,0,2,1,19:00:00
-8120249.32554688,-4386446.85438187,5499,-72.945441,-36.621266,1498957,2022,1,2022/12/18 00:00:00+00,8,REGION BIO BIO,8111,TOME,34,COLISION PERPENDICULAR,30,COLISION,1,URBANA,16,CRUCE SIN SEÑALIZACION,27,CONDUCCION NO ATENTO CONDICIONES TRANSITO MOMENTO,1,IMPRUDENCIA DEL CONDUCTOR,0,JUSTINIANO GARCES,0,DANIEL VERA,DANIEL VERA - JUSTINIANO GARCES,0,0,0,0,1,1,2,BIDIRECCIONAL,1,CONCRETO,1,BUENO,1,SECO,1,DESPEJADO,0,0,0,1,1,21:00:00
-8137778.03765761,-4417355.49260952,5500,-73.102904,-36.84379,1486060,2022,1,2022/10/27 00:00:00+00,8,REGION BIO BIO,8108,SAN PEDRO DE LA PAZ,34,COLISION PERPENDICULAR,30,COLISION,1,URBANA,11,CRUCE CON SEMAFORO FUNCIONANDO,62,SEÑALIZACION DESOBEDECER LUZ ROJA DE SEMAFORO,10,DESOBEDIENCIA A SEÑALIZACION,0,LOS ARMOS,0,LOS MAÑIOS,LOS ARMOS - LOS MAÑIOS,0,0,0,0,1,1,2,BIDIRECCIONAL,2,ASFALTO,1,BUENO,1,SECO,1,DESPEJADO,0,0,1,0,1,21:40:00
-8143144.28276689,-4452776.8108522,5501,-73.15111,-37.098009,1479354,2022,1,2022/09/30 00:00:00+00,8,REGION BIO BIO,8106,LOTA,99,OTRO TIPO,99,OTRO TIPO,1,URBANA,1,TRAMO DE VIA RECTA,27,CONDUCCION NO ATENTO CONDICIONES TRANSITO MOMENTO,1,IMPRUDENCIA DEL CONDUCTOR,0,RIÑIHUE,0,0,- RIÑIHUE,202,0,0,0,1,1,2,BIDIRECCIONAL,1,CONCRETO,2,REGULAR,1,SECO,1,DESPEJADO,0,1,0,0,1,19:00:00
-8199192.90054072,-4524666.20025444,5502,-73.654603,-37.611343,1498962,2022,1,2022/12/19 00:00:00+00,8,REGION BIO BIO,8201,LEBU,32,COLISION LATERAL,30,COLISION,1,URBANA,14,CRUCE CON SEÑAL PARE,24,CONDUCCION EN ESTADO DE EBRIEDAD,4,ALCOHOL EN CONDUCTOR,0,ANDRES BELLO,0,RIOSECO,ANDRES BELLO - RIOSECO,0,0,0,0,2,0,1,UNIDIRECCIONAL,2,ASFALTO,1,BUENO,1,SECO,1,DESPEJADO,0,0,0,1,1,23:20:00
-8056725.18095222,-4505405.6455643,5503,-72.374794,-37.474156,1486061,2022,1,2022/10/31 00:00:00+00,8,REGION BIO BIO,8301,LOS ANGELES,31,COLISION FRONTAL,30,COLISION,1,URBANA,14,CRUCE CON SEÑAL PARE,65,SEÑALIZACION DESOBEDECER SEÑAL PARE,10,DESOBEDIENCIA A SEÑALIZACION,0,RICARDO VICUÑA,0,PONIENTE,PONIENTE - RICARDO VICUÑA,0,0,0,0,1,1,2,BIDIRECCIONAL,1,CONCRETO,1,BUENO,1,SECO,1,DESPEJADO,0,0,0,1,2,16:00:00
-8052426.79032227,-4501832.13504485,5504,-72.336181,-37.448675,1479355,2022,1,2022/10/01 00:00:00+00,8,REGION BIO BIO,8301,LOS ANGELES,33,COLISION POR ALCANCE,30,COLISION,1,URBANA,1,TRAMO DE VIA RECTA,27,CONDUCCION NO ATENTO CONDICIONES TRANSITO MOMENTO,1,IMPRUDENCIA DEL CONDUCTOR,0,SOR VICENTA,0,ORIENTE,ORIENTE - SOR VICENTA,0,0,0,0,2,0,1,UNIDIRECCIONAL,2,ASFALTO,1,BUENO,1,SECO,1,DESPEJADO,0,0,0,0,2,22:40:00
-8054199.13019909,-4504304.11959166,5505,-72.352102,-37.466302,1499006,2022,1,2022/12/16 00:00:00+00,8,REGION BIO BIO,8301,LOS ANGELES,69,CHOQUE POSTERIOR/POSTERIOR,40,CHOQUE,1,URBANA,11,CRUCE CON SEMAFORO FUNCIONANDO,27,CONDUCCION NO ATENTO CONDICIONES TRANSITO MOMENTO,1,IMPRUDENCIA DEL CONDUCTOR,0,VALDIVIA,0,TUCAPEL,TUCAPEL - VALDIVIA,0,0,0,0,1,1,2,BIDIRECCIONAL,1,CONCRETO,1,BUENO,1,SECO,1,DESPEJADO,0,0,0,0,2,17:00:00
-8138252.61491076,-4416879.66367526,5506,-73.107167,-36.84037,1486074,2022,1,2022/10/18 00:00:00+00,8,REGION BIO BIO,8108,SAN PEDRO DE LA PAZ,33,COLISION POR ALCANCE,30,COLISION,1,URBANA,16,CRUCE SIN SEÑALIZACION,23,CONDUCCION CONTRA SENTIDO DEL TRANSITO,1,IMPRUDENCIA DEL CONDUCTOR,0,AMBROSIO O'HIGGINS,0,SAN PEDRO,AMBROSIO O'HIGGINS - SAN PEDRO,0,0,0,0,2,2,3,BIDIRECCIONAL CON BANDEJON,2,ASFALTO,3,MALO,1,SECO,1,DESPEJADO,0,0,0,0,2,18:30:00
-8130503.34233012,-4422817.18477269,5507,-73.037554,-36.883044,1479384,2022,1,2022/09/28 00:00:00+00,8,REGION BIO BIO,8103,CHIGUAYANTE,63,CHOQUE FRENTE/POSTERIOR,40,CHOQUE,1,URBANA,1,TRAMO DE VIA RECTA,27,CONDUCCION NO ATENTO CONDICIONES TRANSITO MOMENTO,1,IMPRUDENCIA DEL CONDUCTOR,0,CAMINO A CHIGUAYANTE,0,0,- CAMINO A CHIGUAYANTE,4179,0,0,0,2,2,3,BIDIRECCIONAL CON BANDEJON,1,CONCRETO,1,BUENO,1,SECO,1,DESPEJADO,0,0,1,0,1,09:50:00
-8161243.62971938,-4473650.64950237,5508,-73.313699,-37.247423,1499023,2022,1,2022/12/20 00:00:00+00,8,REGION BIO BIO,8202,ARAUCO,32,COLISION LATERAL,30,COLISION,1,URBANA,11,CRUCE CON SEMAFORO FUNCIONANDO,62,SEÑALIZACION DESOBEDECER LUZ ROJA DE SEMAFORO,10,DESOBEDIENCIA A SEÑALIZACION,0,O'HIGGINS,0,COVADONGA,COVADONGA - O'HIGGINS,0,0,0,0,1,1,2,BIDIRECCIONAL,1,CONCRETO,1,BUENO,1,SECO,1,DESPEJADO,0,0,0,3,1,08:10:00
-8137622.2126344,-4410725.55832236,5509,-73.101504,-36.796113,1486086,2022,1,2022/11/01 00:00:00+00,8,REGION BIO BIO,8112,HUALPEN,30,COLISION,30,COLISION,1,URBANA,11,CRUCE CON SEMAFORO FUNCIONANDO,29,CONDUCCION CAMBIAR SORPRESIVAMENTE PISTA CIRCULACION,1,IMPRUDENCIA DEL CONDUCTOR,0,ATENAS,0,POSTDAM,ATENAS - POSTDAM,0,0,0,0,1,1,2,BIDIRECCIONAL,1,CONCRETO,1,BUENO,1,SECO,1,DESPEJADO,0,0,0,0,2,18:30:00
-8056439.20118038,-4504128.32936342,5510,-72.372225,-37.465049,1499025,2022,1,2022/12/17 00:00:00+00,8,REGION BIO BIO,8301,LOS ANGELES,10,ATROPELLO,10,ATROPELLO,1,URBANA,1,TRAMO DE VIA RECTA,27,CONDUCCION NO ATENTO CONDICIONES TRANSITO MOMENTO,1,IMPRUDENCIA DEL CONDUCTOR,0,PADRE HURTADO,0,0,- PADRE HURTADO,1720,0,0,0,2,2,3,BIDIRECCIONAL CON BANDEJON,2,ASFALTO,1,BUENO,1,SECO,1,DESPEJADO,0,1,0,0,1,23:10:00
-8199229.19069472,-4524752.10351334,5511,-73.654929,-37.611955,1486098,2022,1,2022/10/29 00:00:00+00,8,REGION BIO BIO,8201,LEBU,32,COLISION LATERAL,30,COLISION,1,URBANA,1,TRAMO DE VIA RECTA,27,CONDUCCION NO ATENTO CONDICIONES TRANSITO MOMENTO,1,IMPRUDENCIA DEL CONDUCTOR,0,RIOSECO,0,MIRAFLORES,MIRAFLORES - RIOSECO,0,0,0,0,1,0,1,UNIDIRECCIONAL,2,ASFALTO,1,BUENO,3,MOJADO,3,LLUVIA,0,0,0,1,1,17:20:00
-8055888.99346518,-4503848.84383465,5512,-72.367282,-37.463056,1499029,2022,1,2022/12/17 00:00:00+00,8,REGION BIO BIO,8301,LOS ANGELES,30,COLISION,30,COLISION,1,URBANA,11,CRUCE CON SEMAFORO FUNCIONANDO,27,CONDUCCION NO ATENTO CONDICIONES TRANSITO MOMENTO,1,IMPRUDENCIA DEL CONDUCTOR,0,BOMBERO FRANCISCO RIOSECO,0,LAS AZALEAS,BOMBERO FRANCISCO RIOSECO - LAS AZALEAS,0,0,0,0,1,1,2,BIDIRECCIONAL,1,CONCRETO,1,BUENO,1,SECO,1,DESPEJADO,0,0,0,0,2,23:00:00
-8144846.16853799,-4441285.15765307,5513,-73.166398,-37.015627,1479449,2022,1,2022/09/28 00:00:00+00,8,REGION BIO BIO,8102,CORONEL,10,ATROPELLO,10,ATROPELLO,1,URBANA,16,CRUCE SIN SEÑALIZACION,72,VELOCIDAD NO RAZONABLE NI PRUDENTE,7,VELOCIDAD IMPRUDENTE,0,LOS ARANDANOS,0,VICTOR LLANOS,LOS ARANDANOS - VICTOR LLANOS,0,0,0,0,1,1,2,BIDIRECCIONAL,1,CONCRETO,1,BUENO,1,SECO,1,DESPEJADO,0,0,0,1,1,13:30:00
-8119376.90356558,-4435217.52733545,5514,-72.937604,-36.972092,1486113,2022,1,2022/10/09 00:00:00+00,8,REGION BIO BIO,8105,HUALQUI,65,CHOQUE LADO/LADO,40,CHOQUE,1,URBANA,1,TRAMO DE VIA RECTA,98,OTRAS CAUSAS,14,OTRAS CAUSAS,0,LA ARAUCANA,0,BULNES,BULNES - LA ARAUCANA,0,0,0,0,1,1,2,BIDIRECCIONAL,1,CONCRETO,1,BUENO,1,SECO,1,DESPEJADO,0,0,0,0,2,16:00:00
-8054395.23061407,-4504987.18250415,5515,-72.353863,-37.471172,1499033,2022,1,2022/12/17 00:00:00+00,8,REGION BIO BIO,8301,LOS ANGELES,32,COLISION LATERAL,30,COLISION,1,URBANA,11,CRUCE CON SEMAFORO FUNCIONANDO,27,CONDUCCION NO ATENTO CONDICIONES TRANSITO MOMENTO,1,IMPRUDENCIA DEL CONDUCTOR,0,MENDOZA,0,CAUPOLICAN,CAUPOLICAN - MENDOZA,0,0,0,0,2,0,1,UNIDIRECCIONAL,1,CONCRETO,1,BUENO,1,SECO,1,DESPEJADO,0,0,0,0,2,14:50:00
-8053787.33713875,-4506177.61726339,5516,-72.348403,-37.479659,1479453,2022,1,2022/10/02 00:00:00+00,8,REGION BIO BIO,8301,LOS ANGELES,65,CHOQUE LADO/LADO,40,CHOQUE,1,URBANA,14,CRUCE CON SEÑAL PARE,27,CONDUCCION NO ATENTO CONDICIONES TRANSITO MOMENTO,1,IMPRUDENCIA DEL CONDUCTOR,0,LOS CARRERA,0,ELEUTERIO RAMIREZ,ELEUTERIO RAMIREZ - LOS CARRERA,0,0,0,0,2,0,1,UNIDIRECCIONAL,1,CONCRETO,1,BUENO,1,SECO,1,DESPEJADO,0,0,0,1,1,16:00:00
-8132791.90408159,-4415585.72192077,5517,-73.058113,-36.831066,1486115,2022,1,2022/10/18 00:00:00+00,8,REGION BIO BIO,8101,CONCEPCION,30,COLISION,30,COLISION,1,URBANA,11,CRUCE CON SEMAFORO FUNCIONANDO,27,CONDUCCION NO ATENTO CONDICIONES TRANSITO MOMENTO,1,IMPRUDENCIA DEL CONDUCTOR,0,ARTURO PRAT,0,BERNARDO O'HIGGINS,ARTURO PRAT - BERNARDO O'HIGGINS,0,0,0,0,2,2,3,BIDIRECCIONAL CON BANDEJON,1,CONCRETO,1,BUENO,1,SECO,1,DESPEJADO,0,0,0,0,2,23:00:00
-8121543.35896761,-4386099.18259074,5518,-72.957065,-36.61876,1499034,2022,1,2022/12/22 00:00:00+00,8,REGION BIO BIO,8111,TOME,33,COLISION POR ALCANCE,30,COLISION,1,URBANA,1,TRAMO DE VIA RECTA,28,CONDUCCION SIN MANTENER DISTANCIA RAZONABLE NI PRUDENTE,1,IMPRUDENCIA DEL CONDUCTOR,0,MANUEL MONTT,0,0,- MANUEL MONTT,1053,0,0,0,2,0,1,UNIDIRECCIONAL,1,CONCRETO,1,BUENO,1,SECO,1,DESPEJADO,0,0,0,0,2,18:00:00
-8142523.87698081,-4443001.29555991,5519,-73.145537,-37.027935,1479485,2022,1,2022/09/28 00:00:00+00,8,REGION BIO BIO,8102,CORONEL,10,ATROPELLO,10,ATROPELLO,1,URBANA,15,CRUCE CON SEÑAL CEDA EL PASO,27,CONDUCCION NO ATENTO CONDICIONES TRANSITO MOMENTO,1,IMPRUDENCIA DEL CONDUCTOR,0,SOTOMAYOR,0,COCHRANE,COCHRANE - SOTOMAYOR,0,0,0,0,2,0,1,UNIDIRECCIONAL,2,ASFALTO,1,BUENO,1,SECO,1,DESPEJADO,0,0,0,1,1,13:13:00
-8133085.62055805,-4415011.17549971,5520,-73.060751,-36.826935,1486122,2022,1,2022/10/19 00:00:00+00,8,REGION BIO BIO,8101,CONCEPCION,30,COLISION,30,COLISION,1,URBANA,11,CRUCE CON SEMAFORO FUNCIONANDO,27,CONDUCCION NO ATENTO CONDICIONES TRANSITO MOMENTO,1,IMPRUDENCIA DEL CONDUCTOR,0,ARTURO PRAT,0,LOS CARRERA,ARTURO PRAT - LOS CARRERA,0,0,0,0,2,2,3,BIDIRECCIONAL CON BANDEJON,1,CONCRETO,1,BUENO,1,SECO,1,DESPEJADO,0,0,0,1,1,21:30:00
-8170183.01897609,-4550848.15202208,5521,-73.394003,-37.797425,1499037,2022,1,2022/12/13 00:00:00+00,8,REGION BIO BIO,8203,CAÑETE,50,CHOQUE,40,CHOQUE,1,URBANA,1,TRAMO DE VIA RECTA,24,CONDUCCION EN ESTADO DE EBRIEDAD,4,ALCOHOL EN CONDUCTOR,0,PRESIDENTE EDUARDO FREI,0,TUCAPEL,PRESIDENTE EDUARDO FREI - TUCAPEL,0,0,0,0,1,1,2,BIDIRECCIONAL,2,ASFALTO,1,BUENO,1,SECO,1,DESPEJADO,0,1,0,0,0,19:15:00
-8170471.57022818,-4552288.77352387,5522,-73.396595,-37.80765,1479594,2022,1,2022/10/01 00:00:00+00,8,REGION BIO BIO,8203,CAÑETE,30,COLISION,30,COLISION,1,URBANA,1,TRAMO DE VIA RECTA,24,CONDUCCION EN ESTADO DE EBRIEDAD,4,ALCOHOL EN CONDUCTOR,0,LUIS CRUZ MARTINEZ,0,IGNACIO CARRERA PINTO,IGNACIO CARRERA PINTO - LUIS CRUZ MARTINEZ,0,0,0,0,1,1,2,BIDIRECCIONAL,1,CONCRETO,1,BUENO,1,SECO,1,DESPEJADO,0,0,1,0,1,20:00:00
-8042613.50966698,-4539369.51291039,5523,-72.248026,-37.715901,1486130,2022,1,2022/11/02 00:00:00+00,8,REGION BIO BIO,8305,MULCHEN,30,COLISION,30,COLISION,1,URBANA,16,CRUCE SIN SEÑALIZACION,95,PERDIDA CONTROL VEHICULO,9,PERDIDA CONTROL VEHICULO,0,MATTA,0,CAMPILLO,CAMPILLO - MATTA,0,0,0,0,1,0,1,UNIDIRECCIONAL,1,CONCRETO,1,BUENO,1,SECO,1,DESPEJADO,0,0,0,0,2,07:40:00
-8162994.85228879,-4473562.03106725,5524,-73.32943,-37.246789,1499048,2022,1,2022/12/21 00:00:00+00,8,REGION BIO BIO,8202,ARAUCO,10,ATROPELLO,10,ATROPELLO,1,URBANA,14,CRUCE CON SEÑAL PARE,27,CONDUCCION NO ATENTO CONDICIONES TRANSITO MOMENTO,1,IMPRUDENCIA DEL CONDUCTOR,0,PEMEREHUE,0,LORD COCHRANE,LORD COCHRANE - PEMEREHUE,0,0,0,0,1,1,2,BIDIRECCIONAL,1,CONCRETO,1,BUENO,1,SECO,1,DESPEJADO,0,0,0,1,1,20:00:00
-8161514.33645709,-4473558.6748527,5525,-73.316131,-37.246765,1479646,2022,1,2022/09/15 00:00:00+00,8,REGION BIO BIO,8202,ARAUCO,52,CHOQUE LATERAL,40,CHOQUE,1,URBANA,1,TRAMO DE VIA RECTA,27,CONDUCCION NO ATENTO CONDICIONES TRANSITO MOMENTO,1,IMPRUDENCIA DEL CONDUCTOR,0,ESMERALDA,0,0,- ESMERALDA,365,0,0,0,2,0,1,UNIDIRECCIONAL,1,CONCRETO,1,BUENO,1,SECO,1,DESPEJADO,0,0,0,0,2,17:51:00
-8132747.56552841,-4408470.51158549,5526,-73.057714,-36.77989,1486150,2022,1,2022/10/22 00:00:00+00,8,REGION BIO BIO,8101,CONCEPCION,30,COLISION,30,COLISION,1,URBANA,2,TRAMO DE VIA CURVA HORIZONTAL,95,PERDIDA CONTROL VEHICULO,9,PERDIDA CONTROL VEHICULO,0,TIERRAS COLORADAS,0,JORGE ALESSANDRI,JORGE ALESSANDRI - TIERRAS COLORADAS,0,0,0,0,3,3,3,BIDIRECCIONAL CON BANDEJON,1,CONCRETO,1,BUENO,1,SECO,1,DESPEJADO,0,0,0,0,2,23:25:00
-8092009.7191988,-4508112.62171289,5527,-72.69176,-37.493452,1499050,2022,1,2022/12/22 00:00:00+00,8,REGION BIO BIO,8306,NACIMIENTO,10,ATROPELLO,10,ATROPELLO,1,URBANA,1,TRAMO DE VIA RECTA,56,PEATON CRUZA CAMINO O CARRETERA SIN ADOPTAR PRECAUCIONES,2,IMPRUDENCIA DEL PEATON,0,JULIO HEMMELMANN,0,JOSE MIGUEL CARRERA,JOSE MIGUEL CARRERA - JULIO HEMMELMANN,0,0,0,0,1,1,2,BIDIRECCIONAL,2,ASFALTO,1,BUENO,3,MOJADO,3,LLUVIA,0,0,0,1,1,11:10:00
-8141618.9497082,-4419630.64918342,5528,-73.137407,-36.860145,1479647,2022,1,2022/09/28 00:00:00+00,8,REGION BIO BIO,8108,SAN PEDRO DE LA PAZ,51,CHOQUE FRONTAL,40,CHOQUE,1,URBANA,1,TRAMO DE VIA RECTA,95,PERDIDA CONTROL VEHICULO,9,PERDIDA CONTROL VEHICULO,0,3 NORTE,0,0,- 3 NORTE,817,0,0,0,1,1,2,BIDIRECCIONAL,1,CONCRETO,1,BUENO,1,SECO,1,DESPEJADO,0,0,0,0,1,07:00:00
-8141015.76504733,-4414570.09254075,5529,-73.131989,-36.823764,1479659,2022,1,2022/09/29 00:00:00+00,8,REGION BIO BIO,8108,SAN PEDRO DE LA PAZ,10,ATROPELLO,10,ATROPELLO,1,URBANA,16,CRUCE SIN SEÑALIZACION,93,CONDUCIR VEHICULO EN RETROCESO,1,IMPRUDENCIA DEL CONDUCTOR,0,PADRE HURTADO,0,SOTELCO,PADRE HURTADO - SOTELCO,0,0,0,0,1,1,2,BIDIRECCIONAL,1,CONCRETO,1,BUENO,1,SECO,1,DESPEJADO,0,1,0,0,1,19:32:00
-8161836.40600785,-4473718.851384,5530,-73.319024,-37.24791,1486167,2022,1,2022/10/30 00:00:00+00,8,REGION BIO BIO,8202,ARAUCO,52,CHOQUE LATERAL,40,CHOQUE,1,URBANA,1,TRAMO DE VIA RECTA,27,CONDUCCION NO ATENTO CONDICIONES TRANSITO MOMENTO,1,IMPRUDENCIA DEL CONDUCTOR,0,SERRANO,0,0,- SERRANO,479,0,0,0,2,0,1,UNIDIRECCIONAL,1,CONCRETO,2,REGULAR,1,SECO,1,DESPEJADO,0,0,0,0,2,02:39:00
-8142129.42749713,-4416658.49003148,5531,-73.141993,-36.83878,1479663,2022,1,2022/09/29 00:00:00+00,8,REGION BIO BIO,8108,SAN PEDRO DE LA PAZ,10,ATROPELLO,10,ATROPELLO,1,URBANA,16,CRUCE SIN SEÑALIZACION,71,VELOCIDAD MAYOR QUE MAXIMA PERMITIDA,7,VELOCIDAD IMPRUDENTE,0,PASAJE TRECE,0,PASAJE A,PASAJE A - PASAJE TRECE,0,0,0,0,1,1,2,BIDIRECCIONAL,1,CONCRETO,1,BUENO,1,SECO,1,DESPEJADO,0,1,0,0,1,22:20:00
-8164099.3086167,-4473866.29034143,5532,-73.339352,-37.248965,1499060,2022,1,2022/12/22 00:00:00+00,8,REGION BIO BIO,8202,ARAUCO,50,CHOQUE,40,CHOQUE,1,URBANA,1,TRAMO DE VIA RECTA,93,CONDUCIR VEHICULO EN RETROCESO,1,IMPRUDENCIA DEL CONDUCTOR,0,PASAJE DOS,0,VILLAS LAS AGUSTINAS,PASAJE DOS - VILLAS LAS AGUSTINAS,0,0,0,0,1,1,2,BIDIRECCIONAL,2,ASFALTO,1,BUENO,1,SECO,1,DESPEJADO,0,0,0,0,2,13:40:00
-8054167.11471354,-4503857.76347049,5533,-72.351814,-37.463119,1479790,2022,1,2022/10/03 00:00:00+00,8,REGION BIO BIO,8301,LOS ANGELES,67,CHOQUE POSTERIOR/FRENTE,40,CHOQUE,1,URBANA,1,TRAMO DE VIA RECTA,27,CONDUCCION NO ATENTO CONDICIONES TRANSITO MOMENTO,1,IMPRUDENCIA DEL CONDUCTOR,0,VALDIVIA,0,0,- VALDIVIA,846,0,0,0,2,0,1,UNIDIRECCIONAL,1,CONCRETO,1,BUENO,1,SECO,2,NUBLADO,0,0,0,0,2,08:50:00
-8117901.26352758,-4435497.13652905,5534,-72.924348,-36.974099,1486181,2022,1,2022/10/16 00:00:00+00,8,REGION BIO BIO,8105,HUALQUI,32,COLISION LATERAL,30,COLISION,1,URBANA,1,TRAMO DE VIA RECTA,98,OTRAS CAUSAS,14,OTRAS CAUSAS,0,ARAUCANA,0,0,- ARAUCANA,100,0,0,0,1,1,2,BIDIRECCIONAL,1,CONCRETO,1,BUENO,1,SECO,1,DESPEJADO,0,0,0,0,3,20:50:00
-8170722.2505895,-4550962.96838277,5535,-73.398847,-37.79824,1499062,2022,1,2022/12/18 00:00:00+00,8,REGION BIO BIO,8203,CAÑETE,50,CHOQUE,40,CHOQUE,1,URBANA,1,TRAMO DE VIA RECTA,95,PERDIDA CONTROL VEHICULO,9,PERDIDA CONTROL VEHICULO,0,SAAVEDRA,0,RIQUELME,RIQUELME - SAAVEDRA,0,0,0,0,1,1,2,BIDIRECCIONAL,1,CONCRETO,1,BUENO,1,SECO,1,DESPEJADO,0,0,0,0,1,19:40:00
-8052442.90938454,-4505479.00525934,5536,-72.336325,-37.474679,1479807,2022,1,2022/10/03 00:00:00+00,8,REGION BIO BIO,8301,LOS ANGELES,33,COLISION POR ALCANCE,30,COLISION,1,URBANA,1,TRAMO DE VIA RECTA,27,CONDUCCION NO ATENTO CONDICIONES TRANSITO MOMENTO,1,IMPRUDENCIA DEL CONDUCTOR,0,MARCONI,0,GABRIELA MISTRAL,GABRIELA MISTRAL - MARCONI,0,0,0,0,2,0,1,UNIDIRECCIONAL,1,CONCRETO,1,BUENO,2,HUMEDO,1,DESPEJADO,0,0,0,1,1,14:30:00
-8119250.65613108,-4435232.47809645,5537,-72.93647,-36.9722,1486194,2022,1,2022/10/24 00:00:00+00,8,REGION BIO BIO,8105,HUALQUI,67,CHOQUE POSTERIOR/FRENTE,40,CHOQUE,1,URBANA,1,TRAMO DE VIA RECTA,27,CONDUCCION NO ATENTO CONDICIONES TRANSITO MOMENTO,1,IMPRUDENCIA DEL CONDUCTOR,0,BOMBERO PERRET,0,0,- BOMBERO PERRET,40,0,0,0,1,1,2,BIDIRECCIONAL,1,CONCRETO,1,BUENO,1,SECO,1,DESPEJADO,0,0,0,0,2,11:10:00
-8121049.74608153,-4382932.59834059,5538,-72.952631,-36.595925,1499103,2022,1,2022/12/22 00:00:00+00,8,REGION BIO BIO,8111,TOME,31,COLISION FRONTAL,30,COLISION,1,URBANA,3,TRAMO DE VIA CURVA VERTICAL,25,"CONDICIONES FISICAS DEFICIENTES (CANSANCIO, SUEÑO)",8,DROGAS Y/O FATIGA EN CONDUCTOR,0,VICENTE PALACIOS,0,0,- VICENTE PALACIOS,2727,0,0,0,1,1,2,BIDIRECCIONAL,1,CONCRETO,1,BUENO,1,SECO,1,DESPEJADO,0,0,0,2,0,16:35:00
-8129698.65825897,-4411653.26115006,5539,-73.030326,-36.802786,1486199,2022,1,2022/10/21 00:00:00+00,8,REGION BIO BIO,8101,CONCEPCION,51,CHOQUE FRONTAL,40,CHOQUE,1,URBANA,1,TRAMO DE VIA RECTA,97,CAUSAS NO DETERMINADAS,13,CAUSAS NO DETERMINADAS,0,ANDALIEN,0,0,- ANDALIEN,76,0,0,0,2,2,3,BIDIRECCIONAL CON BANDEJON,1,CONCRETO,1,BUENO,1,SECO,1,DESPEJADO,0,0,0,0,1,21:48:00
-8127792.1004721,-4406894.65446022,5540,-73.013199,-36.768551,1479814,2022,1,2022/09/25 00:00:00+00,8,REGION BIO BIO,8107,PENCO,70,VOLCADURA,70,VOLCADURA,1,URBANA,1,TRAMO DE VIA RECTA,72,VELOCIDAD NO RAZONABLE NI PRUDENTE,7,VELOCIDAD IMPRUDENTE,0,1 PONIENTE,0,0,- 1 PONIENTE,15,0,0,0,2,0,1,UNIDIRECCIONAL,2,ASFALTO,1,BUENO,1,SECO,1,DESPEJADO,0,0,0,0,1,19:20:00
-8054375.48253641,-4504291.84755966,5541,-72.353686,-37.466214,1499105,2022,1,2022/12/17 00:00:00+00,8,REGION BIO BIO,8301,LOS ANGELES,52,CHOQUE LATERAL,40,CHOQUE,1,URBANA,1,TRAMO DE VIA RECTA,27,CONDUCCION NO ATENTO CONDICIONES TRANSITO MOMENTO,1,IMPRUDENCIA DEL CONDUCTOR,0,TUCAPEL,0,MENDOZA,MENDOZA - TUCAPEL,0,0,0,0,2,2,3,BIDIRECCIONAL CON BANDEJON,1,CONCRETO,1,BUENO,1,SECO,1,DESPEJADO,0,0,0,0,2,13:29:00
-8143961.55707245,-4440818.64096024,5542,-73.158451,-37.01228,1486216,2022,1,2022/10/31 00:00:00+00,8,REGION BIO BIO,8102,CORONEL,10,ATROPELLO,10,ATROPELLO,1,URBANA,11,CRUCE CON SEMAFORO FUNCIONANDO,52,PEATON CRUZA CALZADA FORMA SORPRESIVA O DESCUIDADA,2,IMPRUDENCIA DEL PEATON,0,GENERAL CARLOS PRATS,0,YOBILO,GENERAL CARLOS PRATS - YOBILO,0,0,0,0,2,0,1,UNIDIRECCIONAL,1,CONCRETO,1,BUENO,1,SECO,1,DESPEJADO,0,1,0,0,1,11:30:00