X,Y,FID,POINT_X,POINT_Y,Idaccident,Año,Claseaccid,Fecha,Cód_Regi,Región,Cód_Comun,Comuna,Cód_Tipo,Tipo_Accid,Cód_Tip_1,Tipo__CONA,Cód_Zona,Zona,Cód_Ubica,Ubicación,Cód_Causa,Causa,Cód_Cau_1,Causa__CON,Cód_Calle,Calle_Uno,Cód_Cal_1,Calle_Dos,Intersecci,Número,Ruta,Cód_Ruta,Ubicaci_1,Pistas_de,Pistas_d_1,Cód_Calza,Calzada,Cód__Tipo,Tipo_Calza,Cód_Estad,Estado_Cal,Cód_Condi,Condición,Cód_Est_1,Estado_Atm,Fallecidos,Graves,Menos_Grav,Leves,Ilesos,Hora_1
-8141230.83430355,-4416512.04030771,5634,-73.133921,-36.837727,1486762,2022,1,2022/10/29 00:00:00+00,8,REGION BIO BIO,8108,SAN PEDRO DE LA PAZ,34,COLISION PERPENDICULAR,30,COLISION,1,URBANA,14,CRUCE CON SEÑAL PARE,65,SEÑALIZACION DESOBEDECER SEÑAL PARE,10,DESOBEDIENCIA A SEÑALIZACION,0,DANIEL BELMAR,0,SEGUNDA LONGITUDINAL,DANIEL BELMAR - SEGUNDA LONGITUDINAL,0,0,0,0,1,1,2,BIDIRECCIONAL,1,CONCRETO,1,BUENO,3,MOJADO,3,LLUVIA,0,0,0,1,1,10:20:00
-8132650.06078642,-4415860.99004847,5635,-73.056838,-36.833046,1479941,2022,1,2022/10/04 00:00:00+00,8,REGION BIO BIO,8101,CONCEPCION,33,COLISION POR ALCANCE,30,COLISION,1,URBANA,1,TRAMO DE VIA RECTA,28,CONDUCCION SIN MANTENER DISTANCIA RAZONABLE NI PRUDENTE,1,IMPRUDENCIA DEL CONDUCTOR,0,COCHRANE,0,ARTURO PRAT,ARTURO PRAT - COCHRANE,0,0,0,0,2,0,1,UNIDIRECCIONAL,1,CONCRETO,1,BUENO,3,MOJADO,3,LLUVIA,0,0,0,0,2,10:30:00
-8132780.56062548,-4414636.52430302,5636,-73.058011,-36.824241,1499558,2022,1,2022/12/26 00:00:00+00,8,REGION BIO BIO,8101,CONCEPCION,53,CHOQUE POSTERIOR,40,CHOQUE,1,URBANA,1,TRAMO DE VIA RECTA,28,CONDUCCION SIN MANTENER DISTANCIA RAZONABLE NI PRUDENTE,1,IMPRUDENCIA DEL CONDUCTOR,0,LAS HERAS,0,0,- LAS HERAS,285,0,0,0,2,0,1,UNIDIRECCIONAL,1,CONCRETO,1,BUENO,1,SECO,1,DESPEJADO,0,0,0,0,2,09:00:00
-8139341.45311411,-4416450.01989553,5637,-73.116948,-36.837281,1486765,2022,1,2022/10/14 00:00:00+00,8,REGION BIO BIO,8108,SAN PEDRO DE LA PAZ,63,CHOQUE FRENTE/POSTERIOR,40,CHOQUE,1,URBANA,1,TRAMO DE VIA RECTA,24,CONDUCCION EN ESTADO DE EBRIEDAD,4,ALCOHOL EN CONDUCTOR,0,PEDRO AGUIRRE CERDA,0,0,- PEDRO AGUIRRE CERDA,1727,0,0,0,2,2,3,BIDIRECCIONAL CON BANDEJON,1,CONCRETO,1,BUENO,1,SECO,1,DESPEJADO,0,0,0,0,2,22:00:00
-8132287.22603813,-4415955.56643299,5638,-73.053579,-36.833726,1499568,2022,1,2022/12/27 00:00:00+00,8,REGION BIO BIO,8101,CONCEPCION,53,CHOQUE POSTERIOR,40,CHOQUE,1,URBANA,1,TRAMO DE VIA RECTA,27,CONDUCCION NO ATENTO CONDICIONES TRANSITO MOMENTO,1,IMPRUDENCIA DEL CONDUCTOR,0,SALAS,0,0,- SALAS,53,0,0,0,2,0,1,UNIDIRECCIONAL,1,CONCRETO,1,BUENO,1,SECO,1,DESPEJADO,0,0,0,1,1,09:00:00
-8136272.97587819,-4408444.0904211,5639,-73.089384,-36.7797,1479952,2022,1,2022/10/02 00:00:00+00,8,REGION BIO BIO,8110,TALCAHUANO,51,CHOQUE FRONTAL,40,CHOQUE,1,URBANA,1,TRAMO DE VIA RECTA,95,PERDIDA CONTROL VEHICULO,9,PERDIDA CONTROL VEHICULO,0,SAN MIGUEL,0,0,- SAN MIGUEL,7148,0,0,0,1,1,2,BIDIRECCIONAL,1,CONCRETO,1,BUENO,1,SECO,1,DESPEJADO,0,0,0,0,1,18:30:00
-8142021.39193131,-4423347.11430902,5640,-73.141023,-36.886852,1486768,2022,1,2022/10/23 00:00:00+00,8,REGION BIO BIO,8108,SAN PEDRO DE LA PAZ,63,CHOQUE FRENTE/POSTERIOR,40,CHOQUE,1,URBANA,1,TRAMO DE VIA RECTA,24,CONDUCCION EN ESTADO DE EBRIEDAD,4,ALCOHOL EN CONDUCTOR,0,PORTAL SAN PEDRO,0,0,- PORTAL SAN PEDRO,7242,0,0,0,1,1,2,BIDIRECCIONAL,1,CONCRETO,1,BUENO,1,SECO,1,DESPEJADO,0,0,0,0,2,23:30:00
-8132088.28697614,-4414855.33346279,5641,-73.051792,-36.825815,1499603,2022,1,2022/12/28 00:00:00+00,8,REGION BIO BIO,8101,CONCEPCION,52,CHOQUE LATERAL,40,CHOQUE,1,URBANA,1,TRAMO DE VIA RECTA,14,ADELANTAMIENTO SOBREPASANDO LINEA CONTINUA,1,IMPRUDENCIA DEL CONDUCTOR,0,CAUPOLICAN,0,FREIRE,CAUPOLICAN - FREIRE,0,0,0,0,2,0,1,UNIDIRECCIONAL,1,CONCRETO,1,BUENO,1,SECO,1,DESPEJADO,0,0,0,0,2,17:00:00
-8141191.76116228,-4422681.61690893,5642,-73.13357,-36.88207,1479953,2022,1,2022/10/01 00:00:00+00,8,REGION BIO BIO,8108,SAN PEDRO DE LA PAZ,31,COLISION FRONTAL,30,COLISION,1,URBANA,16,CRUCE SIN SEÑALIZACION,97,CAUSAS NO DETERMINADAS,13,CAUSAS NO DETERMINADAS,0,LAS VEGAS,0,GABRIELA MISTRAL,GABRIELA MISTRAL - LAS VEGAS,0,0,0,0,1,1,2,BIDIRECCIONAL,1,CONCRETO,1,BUENO,1,SECO,1,DESPEJADO,0,0,0,0,2,11:15:00
-8140024.00857191,-4415336.18983982,5643,-73.12308,-36.829272,1486770,2022,1,2022/10/24 00:00:00+00,8,REGION BIO BIO,8108,SAN PEDRO DE LA PAZ,51,CHOQUE FRONTAL,40,CHOQUE,1,URBANA,16,CRUCE SIN SEÑALIZACION,95,PERDIDA CONTROL VEHICULO,9,PERDIDA CONTROL VEHICULO,0,LAS TORRES,0,LA MARINA,LA MARINA - LAS TORRES,0,0,0,0,1,1,2,BIDIRECCIONAL,1,CONCRETO,1,BUENO,1,SECO,1,DESPEJADO,0,0,2,0,0,12:00:00
-8132971.72958702,-4416373.9935727,5644,-73.059728,-36.836734,1499624,2022,1,2022/12/28 00:00:00+00,8,REGION BIO BIO,8101,CONCEPCION,53,CHOQUE POSTERIOR,40,CHOQUE,1,URBANA,11,CRUCE CON SEMAFORO FUNCIONANDO,27,CONDUCCION NO ATENTO CONDICIONES TRANSITO MOMENTO,1,IMPRUDENCIA DEL CONDUCTOR,0,ESMERALDA,0,COSTANERA,COSTANERA - ESMERALDA,0,0,0,0,3,0,1,UNIDIRECCIONAL,1,CONCRETO,1,BUENO,1,SECO,1,DESPEJADO,0,0,0,0,2,19:50:00
-8137527.858234,-4403596.53338594,5645,-73.100656,-36.744814,1479956,2022,1,2022/10/02 00:00:00+00,8,REGION BIO BIO,8110,TALCAHUANO,32,COLISION LATERAL,30,COLISION,1,URBANA,11,CRUCE CON SEMAFORO FUNCIONANDO,24,CONDUCCION EN ESTADO DE EBRIEDAD,4,ALCOHOL EN CONDUCTOR,0,CARLOS DITTBORN,0,DESIDERIO GARCIA,CARLOS DITTBORN - DESIDERIO GARCIA,0,0,0,0,1,1,3,BIDIRECCIONAL CON BANDEJON,1,CONCRETO,1,BUENO,1,SECO,1,DESPEJADO,0,0,0,0,2,07:00:00
-8132358.9157902,-4415361.98836527,5646,-73.054223,-36.829458,1486771,2022,1,2022/11/02 00:00:00+00,8,REGION BIO BIO,8101,CONCEPCION,33,COLISION POR ALCANCE,30,COLISION,1,URBANA,11,CRUCE CON SEMAFORO FUNCIONANDO,28,CONDUCCION SIN MANTENER DISTANCIA RAZONABLE NI PRUDENTE,1,IMPRUDENCIA DEL CONDUCTOR,0,BERNARDO O'HIGGINS,0,ANGOL,ANGOL - BERNARDO O'HIGGINS,0,0,0,0,4,0,1,UNIDIRECCIONAL,1,CONCRETO,1,BUENO,1,SECO,1,DESPEJADO,0,0,0,0,2,08:45:00
-8131068.66723216,-4415473.34692304,5647,-73.042633,-36.830258,1499642,2022,1,2022/12/28 00:00:00+00,8,REGION BIO BIO,8101,CONCEPCION,50,CHOQUE,40,CHOQUE,1,URBANA,1,TRAMO DE VIA RECTA,27,CONDUCCION NO ATENTO CONDICIONES TRANSITO MOMENTO,1,IMPRUDENCIA DEL CONDUCTOR,0,TUCAPEL,0,VICTOR LAMAS,TUCAPEL - VICTOR LAMAS,0,0,0,0,3,0,1,UNIDIRECCIONAL,1,CONCRETO,1,BUENO,1,SECO,1,DESPEJADO,0,0,0,0,2,20:55:00
-8130139.98438022,-4413471.72703357,5648,-73.03429,-36.815865,1479959,2022,1,2022/10/04 00:00:00+00,8,REGION BIO BIO,8101,CONCEPCION,34,COLISION PERPENDICULAR,30,COLISION,1,URBANA,11,CRUCE CON SEMAFORO FUNCIONANDO,62,SEÑALIZACION DESOBEDECER LUZ ROJA DE SEMAFORO,10,DESOBEDIENCIA A SEÑALIZACION,0,LOS CARRERA,0,FRESIA,FRESIA - LOS CARRERA,0,0,0,0,2,0,1,UNIDIRECCIONAL,1,CONCRETO,1,BUENO,1,SECO,2,NUBLADO,0,1,0,0,1,10:35:00
-8141286.93932691,-4418953.82330182,5649,-73.134425,-36.85528,1486773,2022,1,2022/10/25 00:00:00+00,8,REGION BIO BIO,8108,SAN PEDRO DE LA PAZ,10,ATROPELLO,10,ATROPELLO,1,URBANA,1,TRAMO DE VIA RECTA,31,NO RESPETAR DERECHO PREFERENTE DE PASO A PEATON,1,IMPRUDENCIA DEL CONDUCTOR,0,TUCAPEL,0,0,- TUCAPEL,305,0,0,0,1,1,2,BIDIRECCIONAL,1,CONCRETO,1,BUENO,1,SECO,1,DESPEJADO,0,0,1,0,1,07:20:00
-8132817.47416863,-4413093.6677759,5650,-73.058342,-36.813146,1499725,2022,1,2022/12/22 00:00:00+00,8,REGION BIO BIO,8101,CONCEPCION,53,CHOQUE POSTERIOR,40,CHOQUE,1,URBANA,11,CRUCE CON SEMAFORO FUNCIONANDO,27,CONDUCCION NO ATENTO CONDICIONES TRANSITO MOMENTO,1,IMPRUDENCIA DEL CONDUCTOR,0,ANIBAL PINTO,0,EJERCITO,ANIBAL PINTO - EJERCITO,0,0,0,0,2,1,2,BIDIRECCIONAL,1,CONCRETO,1,BUENO,2,HUMEDO,4,LLOVIZNA,0,0,0,0,2,07:45:00
-8141481.50353292,-4417381.85244102,5651,-73.136173,-36.84398,1479965,2022,1,2022/10/03 00:00:00+00,8,REGION BIO BIO,8108,SAN PEDRO DE LA PAZ,63,CHOQUE FRENTE/POSTERIOR,40,CHOQUE,1,URBANA,1,TRAMO DE VIA RECTA,24,CONDUCCION EN ESTADO DE EBRIEDAD,4,ALCOHOL EN CONDUCTOR,0,MICHAIHUE,0,0,- MICHAIHUE,471,0,0,0,1,1,2,BIDIRECCIONAL,1,CONCRETO,1,BUENO,1,SECO,1,DESPEJADO,0,0,0,0,3,21:15:00
-8132939.22429571,-4415300.26671423,5652,-73.059436,-36.829014,1486775,2022,1,2022/11/02 00:00:00+00,8,REGION BIO BIO,8101,CONCEPCION,33,COLISION POR ALCANCE,30,COLISION,1,URBANA,11,CRUCE CON SEMAFORO FUNCIONANDO,73,"VELOCIDAD NO REDUCIR CRUCE DE CALLES, CUMBRE, CURVA, ETC.",7,VELOCIDAD IMPRUDENTE,0,ARTURO PRAT,0,FREIRE,ARTURO PRAT - FREIRE,0,0,0,0,4,0,1,UNIDIRECCIONAL,1,CONCRETO,1,BUENO,1,SECO,1,DESPEJADO,0,0,0,0,2,14:15:00
-8132565.0683552,-4416014.64928339,5653,-73.056075,-36.83415,1499728,2022,1,2022/12/22 00:00:00+00,8,REGION BIO BIO,8101,CONCEPCION,30,COLISION,30,COLISION,1,URBANA,16,CRUCE SIN SEÑALIZACION,97,CAUSAS NO DETERMINADAS,13,CAUSAS NO DETERMINADAS,0,ARTURO PRAT,0,PASAJE TREINTA Y TRES,ARTURO PRAT - PASAJE TREINTA Y TRES,0,0,0,0,1,1,2,BIDIRECCIONAL,1,CONCRETO,2,REGULAR,2,HUMEDO,4,LLOVIZNA,0,0,0,0,2,07:52:00
-8127737.687505,-4433162.5207528,5654,-73.01271,-36.957342,1479968,2022,1,2022/10/04 00:00:00+00,8,REGION BIO BIO,8103,CHIGUAYANTE,10,ATROPELLO,10,ATROPELLO,1,URBANA,1,TRAMO DE VIA RECTA,55,PEATON CRUZA CALZADA FUERA PASO PEATONES,2,IMPRUDENCIA DEL PEATON,0,MANUEL RODRIGUEZ,0,9 DE ABRIL,9 DE ABRIL - MANUEL RODRIGUEZ,0,0,0,0,2,2,3,BIDIRECCIONAL CON BANDEJON,1,CONCRETO,1,BUENO,1,SECO,3,LLUVIA,0,1,0,0,1,07:00:00
-8131682.09328618,-4413217.29441484,5655,-73.048143,-36.814035,1499732,2022,1,2022/12/22 00:00:00+00,8,REGION BIO BIO,8101,CONCEPCION,30,COLISION,30,COLISION,1,URBANA,1,TRAMO DE VIA RECTA,27,CONDUCCION NO ATENTO CONDICIONES TRANSITO MOMENTO,1,IMPRUDENCIA DEL CONDUCTOR,0,PAICAVI,0,MANUEL RODRIGUEZ,MANUEL RODRIGUEZ - PAICAVI,0,0,0,0,3,3,3,BIDIRECCIONAL CON BANDEJON,1,CONCRETO,1,BUENO,3,MOJADO,3,LLUVIA,0,0,0,0,2,12:25:00
-8141432.11107485,-4418864.84076484,5656,-73.135729,-36.85464,1486781,2022,1,2022/10/27 00:00:00+00,8,REGION BIO BIO,8108,SAN PEDRO DE LA PAZ,51,CHOQUE FRONTAL,40,CHOQUE,1,URBANA,1,TRAMO DE VIA RECTA,24,CONDUCCION EN ESTADO DE EBRIEDAD,4,ALCOHOL EN CONDUCTOR,0,TUCAPEL,0,0,- TUCAPEL,323,0,0,0,1,1,2,BIDIRECCIONAL,1,CONCRETO,1,BUENO,1,SECO,1,DESPEJADO,0,0,0,3,0,21:20:00
-8134371.32728086,-4411449.58806671,5657,-73.072301,-36.801321,1499737,2022,1,2022/12/22 00:00:00+00,8,REGION BIO BIO,8101,CONCEPCION,30,COLISION,30,COLISION,1,URBANA,1,TRAMO DE VIA RECTA,95,PERDIDA CONTROL VEHICULO,9,PERDIDA CONTROL VEHICULO,0,JORGE ALESSANDRI,0,ROTONDA,JORGE ALESSANDRI - ROTONDA,0,0,0,0,3,3,3,BIDIRECCIONAL CON BANDEJON,1,CONCRETO,1,BUENO,1,SECO,1,DESPEJADO,0,0,0,0,2,07:20:00
-8139085.1733824,-4407329.95802522,5658,-73.114646,-36.771683,1480012,2022,1,2022/10/05 00:00:00+00,8,REGION BIO BIO,8112,HUALPEN,70,VOLCADURA,70,VOLCADURA,1,URBANA,24,ROTONDA,71,VELOCIDAD MAYOR QUE MAXIMA PERMITIDA,7,VELOCIDAD IMPRUDENTE,0,COSTANERA,0,GRAN BRETAÑA,COSTANERA - GRAN BRETAÑA,0,0,0,0,1,1,2,BIDIRECCIONAL,1,CONCRETO,1,BUENO,1,SECO,1,DESPEJADO,0,0,0,1,0,09:20:00
-8139470.63938317,-4416468.05988394,5659,-73.118109,-36.83741,1486782,2022,1,2022/10/27 00:00:00+00,8,REGION BIO BIO,8108,SAN PEDRO DE LA PAZ,10,ATROPELLO,10,ATROPELLO,1,URBANA,11,CRUCE CON SEMAFORO FUNCIONANDO,31,NO RESPETAR DERECHO PREFERENTE DE PASO A PEATON,1,IMPRUDENCIA DEL CONDUCTOR,0,DIAGONAL BIO BIO,0,PEDRO AGUIRRE CERDA,DIAGONAL BIO BIO - PEDRO AGUIRRE CERDA,0,0,0,0,1,1,2,BIDIRECCIONAL,1,CONCRETO,1,BUENO,1,SECO,2,NUBLADO,0,1,0,0,1,07:10:00
-8133061.11913813,-4409851.10512948,5660,-73.060531,-36.789822,1499742,2022,1,2022/12/12 00:00:00+00,8,REGION BIO BIO,8101,CONCEPCION,30,COLISION,30,COLISION,1,URBANA,14,CRUCE CON SEÑAL PARE,97,CAUSAS NO DETERMINADAS,13,CAUSAS NO DETERMINADAS,0,RAMON CARRASCO,0,0,- RAMON CARRASCO,52,0,0,0,2,2,3,BIDIRECCIONAL CON BANDEJON,1,CONCRETO,1,BUENO,1,SECO,1,DESPEJADO,0,0,0,1,1,18:00:00
-8053766.59831761,-4504074.76820661,5661,-72.348216,-37.464667,1480033,2022,1,2022/10/05 00:00:00+00,8,REGION BIO BIO,8301,LOS ANGELES,10,ATROPELLO,10,ATROPELLO,1,URBANA,11,CRUCE CON SEMAFORO FUNCIONANDO,53,IMPRUDENCIA DEL PEATON,2,IMPRUDENCIA DEL PEATON,0,VILLAGRAN,0,RENGO,RENGO - VILLAGRAN,0,0,0,0,2,0,1,UNIDIRECCIONAL,1,CONCRETO,1,BUENO,1,SECO,1,DESPEJADO,0,1,0,0,1,13:30:00
-8141432.11107485,-4418864.84076484,5662,-73.135729,-36.85464,1486785,2022,1,2022/10/31 00:00:00+00,8,REGION BIO BIO,8108,SAN PEDRO DE LA PAZ,32,COLISION LATERAL,30,COLISION,1,URBANA,1,TRAMO DE VIA RECTA,27,CONDUCCION NO ATENTO CONDICIONES TRANSITO MOMENTO,1,IMPRUDENCIA DEL CONDUCTOR,0,TUCAPEL,0,0,- TUCAPEL,323,0,0,0,1,1,2,BIDIRECCIONAL,1,CONCRETO,1,BUENO,1,SECO,1,DESPEJADO,0,2,0,0,1,09:15:00
-8133050.24322387,-4415070.23919901,5663,-73.060433,-36.82736,1499745,2022,1,2022/12/23 00:00:00+00,8,REGION BIO BIO,8101,CONCEPCION,30,COLISION,30,COLISION,1,URBANA,1,TRAMO DE VIA RECTA,97,CAUSAS NO DETERMINADAS,13,CAUSAS NO DETERMINADAS,0,LOS CARRERA,0,ARTURO PRAT,ARTURO PRAT - LOS CARRERA,0,0,0,0,3,3,3,BIDIRECCIONAL CON BANDEJON,1,CONCRETO,1,BUENO,1,SECO,1,DESPEJADO,0,0,0,0,2,18:00:00
-8053205.43676453,-4496892.8278764,5664,-72.343175,-37.413441,1480186,2022,1,2022/10/05 00:00:00+00,8,REGION BIO BIO,8301,LOS ANGELES,63,CHOQUE FRENTE/POSTERIOR,40,CHOQUE,1,URBANA,11,CRUCE CON SEMAFORO FUNCIONANDO,1,FALLAS MECANICAS FRENOS,12,FALLAS MECANICAS,0,LAS INDUSTRIAS,0,0,- LAS INDUSTRIAS,2790,0,0,0,1,1,2,BIDIRECCIONAL,2,ASFALTO,1,BUENO,1,SECO,1,DESPEJADO,0,0,0,0,2,10:30:00
-8130290.1321094,-4414111.52026601,5665,-73.035639,-36.820466,1486786,2022,1,2022/11/03 00:00:00+00,8,REGION BIO BIO,8101,CONCEPCION,34,COLISION PERPENDICULAR,30,COLISION,1,URBANA,11,CRUCE CON SEMAFORO FUNCIONANDO,27,CONDUCCION NO ATENTO CONDICIONES TRANSITO MOMENTO,1,IMPRUDENCIA DEL CONDUCTOR,0,JUAN BOSCO,0,COLLAO,COLLAO - JUAN BOSCO,0,0,0,0,2,0,1,UNIDIRECCIONAL,1,CONCRETO,1,BUENO,1,SECO,2,NUBLADO,0,0,0,0,2,08:30:00
-8132790.98012982,-4408618.17110369,5666,-73.058104,-36.780952,1499752,2022,1,2022/12/23 00:00:00+00,8,REGION BIO BIO,8101,CONCEPCION,10,ATROPELLO,10,ATROPELLO,1,URBANA,1,TRAMO DE VIA RECTA,97,CAUSAS NO DETERMINADAS,13,CAUSAS NO DETERMINADAS,0,JORGE ALESSANDRI,0,PASO NIVEL 5,JORGE ALESSANDRI - PASO NIVEL 5,0,0,0,0,3,3,3,BIDIRECCIONAL CON BANDEJON,1,CONCRETO,1,BUENO,1,SECO,1,DESPEJADO,0,1,0,0,1,05:00:00
-8164904.96116742,-4506108.76956612,5667,-73.346589,-37.479168,1486795,2022,1,2022/10/30 00:00:00+00,8,REGION BIO BIO,8205,CURANILAHUE,32,COLISION LATERAL,30,COLISION,1,URBANA,16,CRUCE SIN SEÑALIZACION,24,CONDUCCION EN ESTADO DE EBRIEDAD,4,ALCOHOL EN CONDUCTOR,0,MANUEL MONTT,0,COCHRANE,COCHRANE - MANUEL MONTT,0,0,0,0,1,1,2,BIDIRECCIONAL,1,CONCRETO,2,REGULAR,1,SECO,1,DESPEJADO,0,0,0,1,1,10:10:00
-8128395.36305661,-4430841.60830308,5668,-73.018618,-36.94068,1480249,2022,1,2022/09/28 00:00:00+00,8,REGION BIO BIO,8103,CHIGUAYANTE,10,ATROPELLO,10,ATROPELLO,1,URBANA,11,CRUCE CON SEMAFORO FUNCIONANDO,27,CONDUCCION NO ATENTO CONDICIONES TRANSITO MOMENTO,1,IMPRUDENCIA DEL CONDUCTOR,0,PADRE HURTADO,0,DESIDERIO SANHUEZA,DESIDERIO SANHUEZA - PADRE HURTADO,0,0,0,0,3,0,1,UNIDIRECCIONAL,1,CONCRETO,1,BUENO,1,SECO,1,DESPEJADO,0,1,0,0,1,08:40:00
-8128868.74919121,-4428964.62020717,5669,-73.02287,-36.927203,1499755,2022,1,2022/12/24 00:00:00+00,8,REGION BIO BIO,8103,CHIGUAYANTE,30,COLISION,30,COLISION,1,URBANA,11,CRUCE CON SEMAFORO FUNCIONANDO,97,CAUSAS NO DETERMINADAS,13,CAUSAS NO DETERMINADAS,0,21 DE MAYO,0,PEDRO DE OÑA,21 DE MAYO - PEDRO DE OÑA,0,0,0,0,3,3,3,BIDIRECCIONAL CON BANDEJON,1,CONCRETO,1,BUENO,1,SECO,1,DESPEJADO,0,0,0,0,2,13:00:00
-8132878.28800645,-4415399.8726745,5670,-73.058889,-36.82973,1486804,2022,1,2022/11/02 00:00:00+00,8,REGION BIO BIO,8101,CONCEPCION,10,ATROPELLO,10,ATROPELLO,1,URBANA,26,OTROS NO CONSIDERADOS,31,NO RESPETAR DERECHO PREFERENTE DE PASO A PEATON,1,IMPRUDENCIA DEL CONDUCTOR,0,PLAZA ESPAÑA,0,ARTURO PRAT,ARTURO PRAT - PLAZA ESPAÑA,0,0,0,0,1,0,1,UNIDIRECCIONAL,1,CONCRETO,1,BUENO,1,SECO,1,DESPEJADO,0,0,0,1,1,14:15:00
-8132992.07878994,-4411063.80160847,5671,-73.059911,-36.798546,1480250,2022,1,2022/09/29 00:00:00+00,8,REGION BIO BIO,8101,CONCEPCION,30,COLISION,30,COLISION,1,URBANA,1,TRAMO DE VIA RECTA,97,CAUSAS NO DETERMINADAS,13,CAUSAS NO DETERMINADAS,0,PAICAVI,0,ALONSO DE RIBERA,ALONSO DE RIBERA - PAICAVI,0,0,0,0,2,0,1,UNIDIRECCIONAL,1,CONCRETO,1,BUENO,1,SECO,1,DESPEJADO,0,0,0,0,2,17:06:00
-8131355.78246282,-4412114.80016552,5672,-73.045212,-36.806106,1499759,2022,1,2022/11/24 00:00:00+00,8,REGION BIO BIO,8101,CONCEPCION,30,COLISION,30,COLISION,1,URBANA,1,TRAMO DE VIA RECTA,97,CAUSAS NO DETERMINADAS,13,CAUSAS NO DETERMINADAS,0,JUAN DE DIOS RIVERA,0,CARRIEL SUR,CARRIEL SUR - JUAN DE DIOS RIVERA,0,0,0,0,3,0,1,UNIDIRECCIONAL,1,CONCRETO,1,BUENO,1,SECO,1,DESPEJADO,0,0,0,0,2,11:00:00
-8132644.01613807,-4415507.9911182,5673,-73.056784,-36.830508,1486811,2022,1,2022/11/03 00:00:00+00,8,REGION BIO BIO,8101,CONCEPCION,32,COLISION LATERAL,30,COLISION,1,URBANA,1,TRAMO DE VIA RECTA,29,CONDUCCION CAMBIAR SORPRESIVAMENTE PISTA CIRCULACION,1,IMPRUDENCIA DEL CONDUCTOR,0,BERNARDO O'HIGGINS,0,SERRANO,BERNARDO O'HIGGINS - SERRANO,0,0,0,0,4,0,1,UNIDIRECCIONAL,1,CONCRETO,1,BUENO,1,SECO,2,NUBLADO,0,0,0,0,2,18:20:00
-8125566.02235081,-4402304.96828275,5674,-72.993201,-36.735516,1480252,2022,1,2022/10/01 00:00:00+00,8,REGION BIO BIO,8107,PENCO,32,COLISION LATERAL,30,COLISION,1,URBANA,1,TRAMO DE VIA RECTA,27,CONDUCCION NO ATENTO CONDICIONES TRANSITO MOMENTO,1,IMPRUDENCIA DEL CONDUCTOR,0,EL ROBLE,0,0,- EL ROBLE,48,0,0,0,2,0,1,UNIDIRECCIONAL,2,ASFALTO,1,BUENO,1,SECO,1,DESPEJADO,0,0,0,0,2,07:20:00
-8127884.12829514,-4433072.08174497,5675,-73.014025,-36.956693,1499763,2022,1,2022/12/24 00:00:00+00,8,REGION BIO BIO,8103,CHIGUAYANTE,30,COLISION,30,COLISION,1,URBANA,1,TRAMO DE VIA RECTA,27,CONDUCCION NO ATENTO CONDICIONES TRANSITO MOMENTO,1,IMPRUDENCIA DEL CONDUCTOR,0,21 DE MAYO,0,0,- 21 DE MAYO,3225,0,0,0,2,2,3,BIDIRECCIONAL CON BANDEJON,1,CONCRETO,1,BUENO,1,SECO,1,DESPEJADO,0,0,0,0,2,12:30:00
-8131816.6674186,-4407926.1320855,5676,-73.049352,-36.775973,1486830,2022,1,2022/11/01 00:00:00+00,8,REGION BIO BIO,8110,TALCAHUANO,31,COLISION FRONTAL,30,COLISION,1,URBANA,1,TRAMO DE VIA RECTA,72,VELOCIDAD NO RAZONABLE NI PRUDENTE,7,VELOCIDAD IMPRUDENTE,0,TIERRAS COLORADAS,0,0,- TIERRAS COLORADAS,5745,0,0,0,1,1,2,BIDIRECCIONAL,1,CONCRETO,1,BUENO,1,SECO,1,DESPEJADO,0,0,0,0,2,21:30:00
-8130627.17413168,-4413196.61803411,5677,-73.038667,-36.813887,1480253,2022,1,2022/09/29 00:00:00+00,8,REGION BIO BIO,8101,CONCEPCION,30,COLISION,30,COLISION,1,URBANA,11,CRUCE CON SEMAFORO FUNCIONANDO,29,CONDUCCION CAMBIAR SORPRESIVAMENTE PISTA CIRCULACION,1,IMPRUDENCIA DEL CONDUCTOR,0,PELANTARO,0,CAMILO HENRIQUEZ,CAMILO HENRIQUEZ - PELANTARO,0,0,0,0,2,0,1,UNIDIRECCIONAL,3,ADOQUIN,2,REGULAR,1,SECO,1,DESPEJADO,0,0,0,1,1,13:10:00
-8134180.20284712,-4411430.23585083,5678,-73.070584,-36.801182,1499777,2022,1,2022/12/23 00:00:00+00,8,REGION BIO BIO,8101,CONCEPCION,30,COLISION,30,COLISION,1,URBANA,1,TRAMO DE VIA RECTA,97,CAUSAS NO DETERMINADAS,13,CAUSAS NO DETERMINADAS,0,JORGE ALESSANDRI,0,0,- JORGE ALESSANDRI,804,0,0,0,3,3,3,BIDIRECCIONAL CON BANDEJON,1,CONCRETO,1,BUENO,1,SECO,1,DESPEJADO,0,0,1,3,2,23:45:00
-8135113.60564547,-4416023.13342962,5679,-73.078969,-36.834212,1486836,2022,1,2022/11/03 00:00:00+00,8,REGION BIO BIO,8101,CONCEPCION,30,COLISION,30,COLISION,1,URBANA,21,ENLACE A NIVEL,27,CONDUCCION NO ATENTO CONDICIONES TRANSITO MOMENTO,1,IMPRUDENCIA DEL CONDUCTOR,0,PUENTE CHACABUCO,0,ESMERALDA,ESMERALDA - PUENTE CHACABUCO,0,0,0,0,2,0,1,UNIDIRECCIONAL,1,CONCRETO,1,BUENO,1,SECO,1,DESPEJADO,0,0,0,0,2,07:00:00